0,0,L5NvCPmlky4+uJ7oyoIjnmj7c6k=,AzQo2Lb66F1k0pHga9eKA9Fiqs8=
0,1,L5NvCPmlky4+uJ7oyoIjnmj7c6k=,+g8MXEFtd00kfH75ZrazXQpFV2Q=
0,2,mDG17AFFqcKouR6GaNDf2fiZXi4=,AbvmBR1skYvqD4ikNIzdqKPzCcI=
0,3,mDG17AFFqcKouR6GaNDf2fiZXi4=,P/oS6pkP2YKTFSM6f4BsJQq7f0A=
0,4,mDG17AFFqcKouR6GaNDf2fiZXi4=,75+lGUns89duWd2dOa08JSUq3Zg=
0,5,mDG17AFFqcKouR6GaNDf2fiZXi4=,Grw/RXGTyBGYn+DjiAr8f8PFs0g=
0,6,mDG17AFFqcKouR6GaNDf2fiZXi4=,MupF3fNB6d+9nBN9jLV0j7W6y0c=
0,7,mDG17AFFqcKouR6GaNDf2fiZXi4=,tGzip/lofaMVSkiIz3zOTl/din0=
0,8,mDG17AFFqcKouR6GaNDf2fiZXi4=,6tHoQUU3/pA2ElwmH1RWGdyjTYc=
0,9,mDG17AFFqcKouR6GaNDf2fiZXi4=,AKKfbXtZaBGzA/xPadJuPeW/oHA=
0,10,mDG17AFFqcKouR6GaNDf2fiZXi4=,av9gTtkUI3PjYbVY6IroFf0KkeE=
0,11,mDG17AFFqcKouR6GaNDf2fiZXi4=,fPvysnPmWp0qPfIKEXTNmmBa23A=
0,12,mDG17AFFqcKouR6GaNDf2fiZXi4=,fPvysnPmWp0qPfIKEXTNmmBa23A=
0,13,mDG17AFFqcKouR6GaNDf2fiZXi4=,fPvysnPmWp0qPfIKEXTNmmBa23A=
0,14,BewOXuk8xZmheZpYwsVtieOPiLY=,fPvysnPmWp0qPfIKEXTNmmBa23A=
0,15,BewOXuk8xZmheZpYwsVtieOPiLY=,fPvysnPmWp0qPfIKEXTNmmBa23A=
1,1,BewOXuk8xZmheZpYwsVtieOPiLY=,Bc+79JzuVgGYXVdfukVHhgw6J4k=
1,0,BewOXuk8xZmheZpYwsVtieOPiLY=,HeS5haZgW+QGzPVPGFakYuS7KRY=
1,3,BewOXuk8xZmheZpYwsVtieOPiLY=,jNzc2C6pJA6chpraGlsfGYGV0HU=
1,2,BewOXuk8xZmheZpYwsVtieOPiLY=,l/YLOqxd4yPkYD4KOABaMc0b94k=
1,5,BewOXuk8xZmheZpYwsVtieOPiLY=,WM2rEXZDJUoC9pA4aLayF88D9/g=
1,4,BewOXuk8xZmheZpYwsVtieOPiLY=,z6yLbYTjuBu28Wyv0cebaUdUE8I=
1,7,aQlpadVppD+Qem79UJXmDgniVYY=,ZOvqx37SLmi213XQ/Nya/aK/S4U=
1,6,aQlpadVppD+Qem79UJXmDgniVYY=,2AOt0BQA8mZXeBDtHNwKsu7i4pg=
1,9,aQlpadVppD+Qem79UJXmDgniVYY=,9fwylM4ZeCqBu8PiDgRIE19C4O0=
1,8,aQlpadVppD+Qem79UJXmDgniVYY=,TW6mOjC/hlAxI9ZAtHIgIUP8fB8=
1,10,aQlpadVppD+Qem79UJXmDgniVYY=,xyaPNv3WHj9hqKgt7LqgEzlxPbA=
1,19,5SMKCaB1KLM0dNYjMhswXf1b82g=,XLIL3jNpeCM+gTEsOteC+8DwYcw=
1,20,5SMKCaB1KLM0dNYjMhswXf1b82g=,80IJ8gR9nB3Pp0rth3rKPF59JnM=
2,2,5SMKCaB1KLM0dNYjMhswXf1b82g=,IsR+vLpYjCbid0EgQX76q8dnwXE=
2,3,5SMKCaB1KLM0dNYjMhswXf1b82g=,hldT1XF0Xu0qkUsP24JeDZ9Xi5I=
2,0,5SMKCaB1KLM0dNYjMhswXf1b82g=,wQin2rPwAbo2irXl4fCqDKxw8Bo=
2,1,5SMKCaB1KLM0dNYjMhswXf1b82g=,k4OXuhCQ/zRUFiX9tuArZ6cp/fo=
2,6,5SMKCaB1KLM0dNYjMhswXf1b82g=,ZArjSqxmTyqCLdC3lcpQcudu3sA=
2,7,rR2XAq+crsX3DMyY3x1pPt+ZC8Q=,1BzuxCS3+FtTib0CLmEmbIDulss=
2,4,rR2XAq+crsX3DMyY3x1pPt+ZC8Q=,wbBpkz/JguTKfVuVpqzCsNZnL4c=
2,5,rR2XAq+crsX3DMyY3x1pPt+ZC8Q=,sk66pga9vvJmTwJb/+r9K5Go1K8=
2,10,rR2XAq+crsX3DMyY3x1pPt+ZC8Q=,zuH733+cyWFAk1BHLO6GNZQKC7M=
2,8,rR2XAq+crsX3DMyY3x1pPt+ZC8Q=,SnA9FXkQHwFZk5cjsJ2iHBgn4ZQ=
2,9,rR2XAq+crsX3DMyY3x1pPt+ZC8Q=,driIhunVVLzJlkJO6BFRkZp/nPc=
2,19,glu8C2TmylWRD/G6XcXO0CUpqa8=,hm/M7DURRMkUPIP1v/8psukkvaI=
2,20,glu8C2TmylWRD/G6XcXO0CUpqa8=,eri+roTG4onjkyO5I6c4s4542ZU=
3,3,glu8C2TmylWRD/G6XcXO0CUpqa8=,s4wr7P+n9LjSo1Z8kwmMhA5gzAE=
3,2,glu8C2TmylWRD/G6XcXO0CUpqa8=,xymztFmjEr2L7/Kq0LOAHuK2HNg=
3,1,glu8C2TmylWRD/G6XcXO0CUpqa8=,DuTitTD57hQGlFd5YcuhGiINpQE=
3,0,glu8C2TmylWRD/G6XcXO0CUpqa8=,9TRnW8LE0rp71oD25JLirjIhKvY=
3,7,glu8C2TmylWRD/G6XcXO0CUpqa8=,gcoAgTSdujjQXvaDbpgo3eUnXqs=
3,6,glu8C2TmylWRD/G6XcXO0CUpqa8=,AH8LSSiuStRpywartBvd6ms83As=
3,5,LBdvoQwNqnH1qJPovIuwnX9Iets=,XBOxikUxF67FzsZjYfnQq+glVBQ=
3,4,LBdvoQwNqnH1qJPovIuwnX9Iets=,wRYdFpWYYyyiT34RXcuM72lL/A4=
3,10,LBdvoQwNqnH1qJPovIuwnX9Iets=,kHbzfw9VIkNVyZ9d5nmmX9zL77g=
3,9,LBdvoQwNqnH1qJPovIuwnX9Iets=,6vY/dWunpNrWbCIPEZXlz15cjuI=
3,8,LBdvoQwNqnH1qJPovIuwnX9Iets=,BJgJkLMQpnBlGCgDxddI2OBu3EM=
4,4,2qT7qZSb6tBdaN9+myD+K/e3dfo=,zddv9VQs6ffXzFSym6VvD4Gb6p0=
4,5,2qT7qZSb6tBdaN9+myD+K/e3dfo=,dlzsETuqYIvZkmfdq5GooChk5hM=
4,6,2qT7qZSb6tBdaN9+myD+K/e3dfo=,wa+uOi1bLIYXXJ1cpFwy6wVff+8=
4,7,2qT7qZSb6tBdaN9+myD+K/e3dfo=,nbiIZPASCmzwZPtbLiIF2RYFKGw=
4,0,2qT7qZSb6tBdaN9+myD+K/e3dfo=,J5gd0QKaJvnNvJRurYfERiD9nXA=
4,1,2qT7qZSb6tBdaN9+myD+K/e3dfo=,Bt0X+5Gs7sKBy+MmTrH9n44yUe4=
4,2,2qT7qZSb6tBdaN9+myD+K/e3dfo=,KFim0gUMKWnaXVjdJ5gM7/Cpfng=
4,3,J1flqrwLIvu7K3VdVezlkdOoJkg=,AgJ+25nP8VXitOLKx/y1nnL5rZc=
4,8,J1flqrwLIvu7K3VdVezlkdOoJkg=,6PW7XwhvKeg1Iy/fgQADBaBgSFg=
4,9,J1flqrwLIvu7K3VdVezlkdOoJkg=,M2PP7HR141pSGezbTeHS7EyVYvM=
4,10,J1flqrwLIvu7K3VdVezlkdOoJkg=,qJBZnKnGXBdHYehUeE82ZqKIyi0=
5,5,J1flqrwLIvu7K3VdVezlkdOoJkg=,A8d7ImLYBz5dt161chocjP6JtgE=
5,4,LZJ1dCSr0YQIJVdovNLcLXxWUjc=,mmvVMll/9PTDsDXahPp423IBESg=
5,7,LZJ1dCSr0YQIJVdovNLcLXxWUjc=,uGI4gRbWkYSnzi2lBH6HQMZMW+o=
5,6,LZJ1dCSr0YQIJVdovNLcLXxWUjc=,A8d7ImLYBz5dt161chocjP6JtgE=
5,1,LZJ1dCSr0YQIJVdovNLcLXxWUjc=,7vRWbb4Sgn0sq5e8je6RqnmbtsU=
5,0,LZJ1dCSr0YQIJVdovNLcLXxWUjc=,rwiw4KycKSOpKMbTtoR/rzvEu3M=
5,3,LZJ1dCSr0YQIJVdovNLcLXxWUjc=,iweHfHPkqwrsYoZ9+IG1ApOoqSQ=
5,2,LZJ1dCSr0YQIJVdovNLcLXxWUjc=,vcAOW64e9MFSniLgCas8KZB9cK4=
5,9,OIBHh9SQQQgoo1LPMyDOOju5W+M=,PxF9yTG71I6h6vJEehApU2flAjg=
5,8,OIBHh9SQQQgoo1LPMyDOOju5W+M=,1UYtIDlSk30t44bjI7qDI1p9TDQ=
5,10,OIBHh9SQQQgoo1LPMyDOOju5W+M=,kIvDQ+sxQELwuzkf8oMkZ2WX+9c=
6,6,OIBHh9SQQQgoo1LPMyDOOju5W+M=,WSlSfDGAzGgok1PcZjRj4e+xkMs=
6,7,OIBHh9SQQQgoo1LPMyDOOju5W+M=,adwvdrPq/9wbZwTAyLjyvnENmec=
6,4,OIBHh9SQQQgoo1LPMyDOOju5W+M=,SbtrbHNei7KMh3fIKYnqAAbYbaE=
6,5,quyBNLitnkmbvin6C63V/IBw6cc=,WSlSfDGAzGgok1PcZjRj4e+xkMs=
6,2,quyBNLitnkmbvin6C63V/IBw6cc=,xftrMM8B9pAoNAN4bmETY/VfwhI=
6,3,quyBNLitnkmbvin6C63V/IBw6cc=,AtuCKjBzWFQYyctjRqtxMaNLp+I=
6,0,quyBNLitnkmbvin6C63V/IBw6cc=,VDouYQF7ZU92FLKesan71CROnz8=
6,1,quyBNLitnkmbvin6C63V/IBw6cc=,Bft75t7v1BKCcn1Yc4OT4K38Tvo=
6,14,quyBNLitnkmbvin6C63V/IBw6cc=,fPvysnPmWp0qPfIKEXTNmmBa23A=
6,15,quyBNLitnkmbvin6C63V/IBw6cc=,fPvysnPmWp0qPfIKEXTNmmBa23A=
6,13,quyBNLitnkmbvin6C63V/IBw6cc=,fPvysnPmWp0qPfIKEXTNmmBa23A=
6,10,quyBNLitnkmbvin6C63V/IBw6cc=,F7mf0l8DNR9y5Mp23uoSogrtci8=
6,8,jT0OzlnIavVstTjRzAxzoEtBjZQ=,h0KfMHJ2AYqh238JoqmNoFZObLk=
6,9,jT0OzlnIavVstTjRzAxzoEtBjZQ=,GtCJhAvWnw0lkhWqdnpWMfwgy7Q=
7,7,jT0OzlnIavVstTjRzAxzoEtBjZQ=,+GsX8ruJnRCuSlAqaV4/iAIBcjU=
7,6,jT0OzlnIavVstTjRzAxzoEtBjZQ=,XFeyauzr4kmCJMiLKxJhw4kZSAU=
7,5,jT0OzlnIavVstTjRzAxzoEtBjZQ=,XFeyauzr4kmCJMiLKxJhw4kZSAU=
7,4,jT0OzlnIavVstTjRzAxzoEtBjZQ=,y8sXg7ink0yP1e1JOwdWBiAauhg=
7,3,u6aX64GGbzVb/bp+nDv3/9suGYE=,ucXOAbP4Oq9elKcrEZ0l3UwiiiI=
7,2,u6aX64GGbzVb/bp+nDv3/9suGYE=,916V1Bv8VLuZ3AQ5u4j9tcViIWI=
7,1,u6aX64GGbzVb/bp+nDv3/9suGYE=,9w9vFIT26cVsz0WV20Onmp5SEl8=
7,0,u6aX64GGbzVb/bp+nDv3/9suGYE=,dnAdW5MQA+RtnH3Q323yMKWOQIE=
7,15,u6aX64GGbzVb/bp+nDv3/9suGYE=,fPvysnPmWp0qPfIKEXTNmmBa23A=
7,14,u6aX64GGbzVb/bp+nDv3/9suGYE=,fPvysnPmWp0qPfIKEXTNmmBa23A=
7,13,u6aX64GGbzVb/bp+nDv3/9suGYE=,fPvysnPmWp0qPfIKEXTNmmBa23A=
7,12,u6aX64GGbzVb/bp+nDv3/9suGYE=,fPvysnPmWp0qPfIKEXTNmmBa23A=
7,11,u6aX64GGbzVb/bp+nDv3/9suGYE=,fPvysnPmWp0qPfIKEXTNmmBa23A=
7,10,u6aX64GGbzVb/bp+nDv3/9suGYE=,fPvysnPmWp0qPfIKEXTNmmBa23A=
7,9,u6aX64GGbzVb/bp+nDv3/9suGYE=,fPvysnPmWp0qPfIKEXTNmmBa23A=
7,8,b7neEhgJ+Jr6gYokEuyK5wzsiXg=,fPvysnPmWp0qPfIKEXTNmmBa23A=
8,8,b7neEhgJ+Jr6gYokEuyK5wzsiXg=,+S3yx78D6SJTqHFnLzy6CoLswTk=
8,9,b7neEhgJ+Jr6gYokEuyK5wzsiXg=,eB4VphVIwJgUcijiybhUnf9Xico=
8,10,b7neEhgJ+Jr6gYokEuyK5wzsiXg=,J/CtJ2wtiPwi+Z90EEQ4jmrQiQQ=
8,11,b7neEhgJ+Jr6gYokEuyK5wzsiXg=,wCAZNqG4bhsIq5X41wZmZzW+Yxk=
8,12,b7neEhgJ+Jr6gYokEuyK5wzsiXg=,6t3pAz2p+v3lOHrtkaPHhjbTgII=
8,13,b7neEhgJ+Jr6gYokEuyK5wzsiXg=,NfBkRkS9tpKSHHWwq2emXKZ0lbA=
8,14,74yo237lLYjTahVxPHNPq3huikI=,TMoyKDYuh5Rx09/y05zCsIqZf44=
8,15,74yo237lLYjTahVxPHNPq3huikI=,FOWmsw0d0LTG6RlJg3DU44lhFvc=
8,0,74yo237lLYjTahVxPHNPq3huikI=,YSfxWRJjr/vjw4CPdx4MO/JJkT0=
8,1,74yo237lLYjTahVxPHNPq3huikI=,O9julLNdAztXbkickOqGSGLVEvo=
8,2,74yo237lLYjTahVxPHNPq3huikI=,rDV/DLBRjBLwPJAe7rkvY2ns/Ug=
8,3,74yo237lLYjTahVxPHNPq3huikI=,VkGrZuL9yurErM5/L5qxdY9PoTs=
8,4,74yo237lLYjTahVxPHNPq3huikI=,Gpha8h8dwgBBLFFqpqjf73RmDGA=
8,5,74yo237lLYjTahVxPHNPq3huikI=,tlfY+j+KPvaoePZKPxiClBNp+OM=
8,6,74yo237lLYjTahVxPHNPq3huikI=,o2U+9fwwO3PWypSU+g9nx7UWRT8=
8,7,BXk/3+g3CQ9SoAw7b3EFK/V624w=,iqOm0UBJuq/ZNr6ka66J3XPqbeE=
9,9,BXk/3+g3CQ9SoAw7b3EFK/V624w=,7f47RhcMCm+7jcieip8kfahJ0Bw=
9,8,BXk/3+g3CQ9SoAw7b3EFK/V624w=,7VizCmkO7RgT+r3LVIkDFHYZECA=
9,11,BXk/3+g3CQ9SoAw7b3EFK/V624w=,aZSWF0IkJDd1Ix36bfr7xxtkAKs=
9,10,BXk/3+g3CQ9SoAw7b3EFK/V624w=,Y1Ci6ul+VHgxqtF/h9X8+8U+Hho=
9,13,BXk/3+g3CQ9SoAw7b3EFK/V624w=,eEKufKDFUUCFF96P+6HMvT5Ko90=
9,12,BXk/3+g3CQ9SoAw7b3EFK/V624w=,e1pnXU1DERmnve7vZ7Q2U3McebY=
9,15,BXk/3+g3CQ9SoAw7b3EFK/V624w=,vp19kBEn9Y163bZZMzdeK9StbQk=
9,14,BXk/3+g3CQ9SoAw7b3EFK/V624w=,2S77gu9ELYQilzYpI7glzFeP00o=
9,1,tEGVKLmLSNaEKwrHQZ8i2vvl5Vs=,5KTtVpUYEAjdywaTMihtc5Ty1Eg=
9,0,tEGVKLmLSNaEKwrHQZ8i2vvl5Vs=,6vf2wuygftmTR/gUZuLfwms3Uk8=
9,3,tEGVKLmLSNaEKwrHQZ8i2vvl5Vs=,Bz7PXYsdTS8nxwzyctsIR2Y5J+c=
9,2,tEGVKLmLSNaEKwrHQZ8i2vvl5Vs=,yNZvIEvpQUUeGviMC46ZyLBiWMw=
9,5,tEGVKLmLSNaEKwrHQZ8i2vvl5Vs=,8cNGvJzX4hfvKjjE8XsNhBXcKuw=
9,4,tEGVKLmLSNaEKwrHQZ8i2vvl5Vs=,X0bffIvKN7RhZbcTP3x0uXLiiNA=
9,7,tEGVKLmLSNaEKwrHQZ8i2vvl5Vs=,FDJC3Hhe0KpsDH/c6H50rv1as9g=
9,6,cQgY3X2y+pwc8/wSyqH+80aCWS8=,iShnHmGyRkTW1e49gvXeIhat16c=
10,10,cQgY3X2y+pwc8/wSyqH+80aCWS8=,00dDX8d9bTtZqgMNmQ6IDU0qsik=
10,11,cQgY3X2y+pwc8/wSyqH+80aCWS8=,vb7IJFaYZQm9TbMMWs2SUzErqms=
10,8,cQgY3X2y+pwc8/wSyqH+80aCWS8=,nUGxVuINamSp+vjVB94T3he7n8E=
10,9,cQgY3X2y+pwc8/wSyqH+80aCWS8=,VeF6BYTc5usUXjJT3k7thVbj5lw=
10,12,aBH+SwDTE2izp9RF/jaVKJuI594=,LLVHaPNq/xhSfF/MNwasyRhJp5w=
10,13,aBH+SwDTE2izp9RF/jaVKJuI594=,vA4NLuQU1kfaEccjHukTdcVg9QI=
10,2,aBH+SwDTE2izp9RF/jaVKJuI594=,MHd0uE0Z1mPThQSiHE9qEhA8T74=
10,3,aBH+SwDTE2izp9RF/jaVKJuI594=,2/UxGZFSDT+xUHKN/q3kbq62HQI=
10,0,aBH+SwDTE2izp9RF/jaVKJuI594=,lK79HRCs6+JmBWfnJpsvsCwbUvk=
10,1,aBH+SwDTE2izp9RF/jaVKJuI594=,jKGrGtivjo9TtBycILmyBMoU6mc=
10,6,vxqQcKvSn8csnRtgVgzBhfwfNnM=,Xr01kJb9Koqppefo+R1Jdm7pXUg=
10,7,vxqQcKvSn8csnRtgVgzBhfwfNnM=,zNHxF6Z+dnVA1uZhEDo1x9sVxVg=
10,4,vxqQcKvSn8csnRtgVgzBhfwfNnM=,ijl183yN+ZVr2nUGNUfulVorDuk=
10,5,vxqQcKvSn8csnRtgVgzBhfwfNnM=,yOvLo7/M4jFnEAqlyH47UwuuIvc=
11,11,vxqQcKvSn8csnRtgVgzBhfwfNnM=,+mEHgMphBp0V84x9osWEd6GGT1A=
11,10,VAQJ7q5wVsN9/GaSOtcvlyEcCi0=,Bctv9ES+XVt2uVb2jiDGQaQAzyw=
11,9,VAQJ7q5wVsN9/GaSOtcvlyEcCi0=,2QuYK05s9bbuiCzAIFDbEh6B7kk=
11,8,VAQJ7q5wVsN9/GaSOtcvlyEcCi0=,odunYtPNlKZYn3knSeIXWq47IgE=
11,15,VAQJ7q5wVsN9/GaSOtcvlyEcCi0=,Groc8i3RRWNtDM1yGpCK+G28lkM=
11,14,VAQJ7q5wVsN9/GaSOtcvlyEcCi0=,MhFsXqXwwvN8j0d1mkUd60mKi08=
11,13,VAQJ7q5wVsN9/GaSOtcvlyEcCi0=,6F0B5pDyctt5C2js3+f29e6Z5RY=
11,12,VAQJ7q5wVsN9/GaSOtcvlyEcCi0=,4BvxD3/Aedf5r/qPBHOz/DY2bFI=
11,3,VAQJ7q5wVsN9/GaSOtcvlyEcCi0=,/0rBu4jOnIVToUlDpOrSz/UzrNo=
11,2,VTqQKMSjy3yU6HWCnQLiWkHxg8Y=,pyA5qw9KrNNVYhDcBvU1Eo0wlho=
11,1,VTqQKMSjy3yU6HWCnQLiWkHxg8Y=,rIEPtJGZiMnXySEHmAV79E5Ytz4=
11,0,VTqQKMSjy3yU6HWCnQLiWkHxg8Y=,mV7qupV6MTH8KNAhR2bvcAzCsz8=
11,7,VTqQKMSjy3yU6HWCnQLiWkHxg8Y=,IXhTc62ju+kLFjY9fPp+zpLo9Uo=
11,6,VTqQKMSjy3yU6HWCnQLiWkHxg8Y=,8LuxFGlc53LA6K2aj+bOmh524EM=
11,5,VTqQKMSjy3yU6HWCnQLiWkHxg8Y=,3aN6D4jJ660c6/F01Y410PaR/OU=
11,4,Hj5dtcjUlYpU/Pa0fTX8K6/rF1w=,iloEKnwCPjprdN3aYL1mFOrBkF4=
11,16,Hj5dtcjUlYpU/Pa0fTX8K6/rF1w=,2Ltmqb4g+BXIqOQ3Bl3ftJq6Tqw=
12,12,Hj5dtcjUlYpU/Pa0fTX8K6/rF1w=,O6/jfa2mRUrGt1z9cAV8yUNrQUk=
12,13,Hj5dtcjUlYpU/Pa0fTX8K6/rF1w=,BwZ1fceMM909xaz0UZDvnYskb1g=
12,14,Hj5dtcjUlYpU/Pa0fTX8K6/rF1w=,/TAbpB5nD1Lcd78/mJMvcymnaWw=
12,15,Hj5dtcjUlYpU/Pa0fTX8K6/rF1w=,Groc8i3RRWNtDM1yGpCK+G28lkM=
12,8,Hj5dtcjUlYpU/Pa0fTX8K6/rF1w=,A9S9xAT0f4kJTEPABpGnJG/Z3yA=
12,9,Hj5dtcjUlYpU/Pa0fTX8K6/rF1w=,VdYiJWrdn3Luw4w849IByODgg3s=
12,10,Hj5dtcjUlYpU/Pa0fTX8K6/rF1w=,+GDPwf8GzxgzCnKTtjG7UE1mIlE=
12,11,1BGScofF73KnU2VCQSml44sV6SU=,i0KT1qthdVS3ArJAlQ41+WAcnrc=
12,4,1BGScofF73KnU2VCQSml44sV6SU=,GKDTbZc0nH09ZsN6dCww7VkjBSo=
12,5,1BGScofF73KnU2VCQSml44sV6SU=,IRmY9bBh7mcpVKdDRCnBtXFVb3M=
12,6,1BGScofF73KnU2VCQSml44sV6SU=,GApKoqVb5JVPMR1nzhHkt93dVHU=
12,7,1BGScofF73KnU2VCQSml44sV6SU=,DMxwaiAddQeZttjTgExXwGx4IIY=
12,0,1BGScofF73KnU2VCQSml44sV6SU=,XAt6OGbETly691cQXJPiPm2nC7k=
12,1,1BGScofF73KnU2VCQSml44sV6SU=,SPTh+/PAaoJZvw4XyTJxpvwtgtc=
12,2,lZFw7Y6S/EH2j8kFqrvOeWXrlhY=,1unEdX2I/tqYttKx1Yr1eNlE9+k=
12,3,lZFw7Y6S/EH2j8kFqrvOeWXrlhY=,yojH5CFqN4Md9fk5E0WkgDmj3/c=
12,16,lZFw7Y6S/EH2j8kFqrvOeWXrlhY=,ld0jTTNr39cXPuUgRwKac+30IJ0=
13,13,lZFw7Y6S/EH2j8kFqrvOeWXrlhY=,5RSFxp8ypbzbHQJtIRk+P94GJik=
13,12,lZFw7Y6S/EH2j8kFqrvOeWXrlhY=,iVgDkYEasIZEtEbAI+qUTxsOEMc=
13,15,lZFw7Y6S/EH2j8kFqrvOeWXrlhY=,VdxYAU28sX2tCw0fT582kjWYmAE=
13,14,lZFw7Y6S/EH2j8kFqrvOeWXrlhY=,f6xBb1vdJxMrlf+fl1hPymuxtww=
13,9,lZFw7Y6S/EH2j8kFqrvOeWXrlhY=,6x6wRMtMaIhYcpeBqLsVqxDVXdY=
13,8,rp/mUmc9/A/8MDJQhVPH3AJIVsQ=,Yrw0OuQQDX7/gSnZ6LRWNDjdCOs=
13,11,rp/mUmc9/A/8MDJQhVPH3AJIVsQ=,/fw8XifQJ8iNWEUEQsIZDLOlWug=
13,10,rp/mUmc9/A/8MDJQhVPH3AJIVsQ=,+BJQs9QzDycccycWgYsZ6qHhXBY=
13,5,rp/mUmc9/A/8MDJQhVPH3AJIVsQ=,7d4vU7ELjfdXHKmn/GE9Nj9tNn0=
13,4,rp/mUmc9/A/8MDJQhVPH3AJIVsQ=,0TLJ0Hcng596Bn0FI0fuOJ6LKKI=
13,7,rp/mUmc9/A/8MDJQhVPH3AJIVsQ=,EY0tmrJJny3H5sereyBTOdWWxOI=
13,6,rp/mUmc9/A/8MDJQhVPH3AJIVsQ=,OlGWFHuPhtp7fVb26D8HQU7EYTk=
13,1,oii+Ej7pStIiEt4DiohoeyZq3Jk=,l/5nT/xZUiH2gbeF7BFr5EV4tCA=
13,0,oii+Ej7pStIiEt4DiohoeyZq3Jk=,ZLFYW0vOMlT2usapRwDy5qD7weI=
13,3,oii+Ej7pStIiEt4DiohoeyZq3Jk=,LZ6k1ajJoIQ5zEkY754Z+5s/QgA=
13,2,oii+Ej7pStIiEt4DiohoeyZq3Jk=,VQXQ4eMMI32Fo5dOQxuiQ2w3Kko=
13,17,oii+Ej7pStIiEt4DiohoeyZq3Jk=,t/VTXIMwOIL5UpXd1XOBJ0dChog=
13,16,oii+Ej7pStIiEt4DiohoeyZq3Jk=,3sngOjFnBtqkzXFLuYYlWb4vPqs=
14,14,oii+Ej7pStIiEt4DiohoeyZq3Jk=,1wboTPNhdbtSIiMxhL8Elx2aokw=
14,15,oii+Ej7pStIiEt4DiohoeyZq3Jk=,VUJQr8AmJzLyjqv6s++/IFiSemw=
14,12,oii+Ej7pStIiEt4DiohoeyZq3Jk=,8xkCM32jRttsXMCG9MsygVFDNME=
14,13,oii+Ej7pStIiEt4DiohoeyZq3Jk=,a5MM49Kb2mbxkiTWtGLsMl+ymM4=
14,10,AgX5Ol/vrxz9DybyVk/RZLz4goI=,kL57IGTN935uAhObrmBX8EuWaOc=
14,11,AgX5Ol/vrxz9DybyVk/RZLz4goI=,+syGiI+KrmGS5bXdYEtRtEcOjsY=
14,8,AgX5Ol/vrxz9DybyVk/RZLz4goI=,yc57APoOpXTGhXlKT162P2ZShA8=
14,9,AgX5Ol/vrxz9DybyVk/RZLz4goI=,xQtdAovJZGzfwK/Pfem+07BS3zI=
14,6,AgX5Ol/vrxz9DybyVk/RZLz4goI=,sdbuhxZT076RJavngOh3DFgwgXU=
14,7,AgX5Ol/vrxz9DybyVk/RZLz4goI=,tq/11OVWYb02pGLWuiiH4ykOPPQ=
14,4,AgX5Ol/vrxz9DybyVk/RZLz4goI=,ONaJveFSKAoqSXSO44zJrcv6wdA=
14,5,AgX5Ol/vrxz9DybyVk/RZLz4goI=,7d4vU7ELjfdXHKmn/GE9Nj9tNn0=
14,2,AgX5Ol/vrxz9DybyVk/RZLz4goI=,Z/wEyBy4VleuowP81gJrw1KRAV4=
14,3,vY1OPWq6LBs2X5EPTMZWrHp5Udw=,x6oiFxE9OHzd4nFkqphLB0al4Dw=
14,0,vY1OPWq6LBs2X5EPTMZWrHp5Udw=,bCI8wIbO0tP+Ai/IeaPZ6y7Jj6o=
14,1,vY1OPWq6LBs2X5EPTMZWrHp5Udw=,ENb62kTl0dUn5ZkA2EJpVWMDr1k=
14,20,vY1OPWq6LBs2X5EPTMZWrHp5Udw=,2Ltmqb4g+BXIqOQ3Bl3ftJq6Tqw=
14,19,vY1OPWq6LBs2X5EPTMZWrHp5Udw=,2Ltmqb4g+BXIqOQ3Bl3ftJq6Tqw=
14,16,vY1OPWq6LBs2X5EPTMZWrHp5Udw=,2Ltmqb4g+BXIqOQ3Bl3ftJq6Tqw=
14,17,vY1OPWq6LBs2X5EPTMZWrHp5Udw=,oSNvSjbtifkM87yVS45fMdjVDHs=
15,15,vY1OPWq6LBs2X5EPTMZWrHp5Udw=,Groc8i3RRWNtDM1yGpCK+G28lkM=
15,14,vY1OPWq6LBs2X5EPTMZWrHp5Udw=,MDoKab/FLg1eABb9fA8w18ONjRs=
15,13,vY1OPWq6LBs2X5EPTMZWrHp5Udw=,d7wZMmZPBWXZgIDXfS5/pRpX8j8=
15,12,vY1OPWq6LBs2X5EPTMZWrHp5Udw=,Ay3ybPG+nnqId2W/XUpWQSc8Z2Y=
15,11,xA1GngeMMbvIqxErq/Zl+jsQjq8=,oiEH1JLwutqXIYQMOxBqTgaeIBI=
15,10,xA1GngeMMbvIqxErq/Zl+jsQjq8=,L5vg+kJOK/sWHskNFYZsClzSpgI=
15,9,xA1GngeMMbvIqxErq/Zl+jsQjq8=,Bctv9ES+XVt2uVb2jiDGQaQAzyw=
15,8,xA1GngeMMbvIqxErq/Zl+jsQjq8=,Bctv9ES+XVt2uVb2jiDGQaQAzyw=
15,7,xA1GngeMMbvIqxErq/Zl+jsQjq8=,MLZIGhbeSHnUR7yX8gxuQcO3X1E=
15,6,xA1GngeMMbvIqxErq/Zl+jsQjq8=,BaIxXE2+QG5Xgeix8XMUjD1S8mk=
15,5,xA1GngeMMbvIqxErq/Zl+jsQjq8=,7ffcqi3D1cEYRY66RlTZtE46dHI=
15,4,xA1GngeMMbvIqxErq/Zl+jsQjq8=,1jQbY/PqR/1YPj0azoFqiOiE3Ic=
15,3,5fBLHa3yqo8n3fKZlcpBUa7o+Mw=,NWQD/LhrKArQghfRCLzAMwJ2HLE=
15,2,5fBLHa3yqo8n3fKZlcpBUa7o+Mw=,97uGBHg5QQBxV50gInMY39oqT8s=
15,1,5fBLHa3yqo8n3fKZlcpBUa7o+Mw=,Nzz7Zx57szhEeU0JU7IZ49HVfIk=
15,0,5fBLHa3yqo8n3fKZlcpBUa7o+Mw=,YSfxWRJjr/vjw4CPdx4MO/JJkT0=
15,19,5fBLHa3yqo8n3fKZlcpBUa7o+Mw=,2Ltmqb4g+BXIqOQ3Bl3ftJq6Tqw=
15,17,5fBLHa3yqo8n3fKZlcpBUa7o+Mw=,oSNvSjbtifkM87yVS45fMdjVDHs=
15,16,5fBLHa3yqo8n3fKZlcpBUa7o+Mw=,2Ltmqb4g+BXIqOQ3Bl3ftJq6Tqw=
16,16,5fBLHa3yqo8n3fKZlcpBUa7o+Mw=,dkKK+AXKeD54ZJy1Sh09VKh0UOE=
16,17,5fBLHa3yqo8n3fKZlcpBUa7o+Mw=,3HA41Q/PIAWxJUYu93uXCiVW/3U=
16,18,5fBLHa3yqo8n3fKZlcpBUa7o+Mw=,9uaeCpA94CNRm/Je4TqdEZ57xic=
16,0,eLt2fGV3Dv5adT2cVPW2TkOm3sM=,ZMcKhaNlGcXlcu1E8bhCYsc3SZM=
16,1,eLt2fGV3Dv5adT2cVPW2TkOm3sM=,pkYgjCQqxNaXqWTVIkSTds+aeW8=
16,2,eLt2fGV3Dv5adT2cVPW2TkOm3sM=,f8ZF1K1gVTMnUL6TV8sdVsrxK38=
16,3,eLt2fGV3Dv5adT2cVPW2TkOm3sM=,9W/eFMw6UQM9SPhkiVi8yGk4wIs=
16,4,eLt2fGV3Dv5adT2cVPW2TkOm3sM=,TUpuE/3Mth/dbK7bNGKito1Ukdc=
16,5,eLt2fGV3Dv5adT2cVPW2TkOm3sM=,7mlzcP+srd5b8LRzibhEDtle+GY=
16,6,eLt2fGV3Dv5adT2cVPW2TkOm3sM=,YRAxWxflSmyDlewizuFiivSZR4g=
16,7,4RKR2GWdCcjqilNpGmgz8KpeVpY=,toqPaOzSknoIlmrPqdDdlCY4Fww=
16,8,4RKR2GWdCcjqilNpGmgz8KpeVpY=,QWTZDQ7y0GlMwrn8EoOT/QCu7Nw=
16,9,4RKR2GWdCcjqilNpGmgz8KpeVpY=,QWTZDQ7y0GlMwrn8EoOT/QCu7Nw=
16,10,4RKR2GWdCcjqilNpGmgz8KpeVpY=,QWTZDQ7y0GlMwrn8EoOT/QCu7Nw=
16,11,4RKR2GWdCcjqilNpGmgz8KpeVpY=,QWTZDQ7y0GlMwrn8EoOT/QCu7Nw=
16,13,4RKR2GWdCcjqilNpGmgz8KpeVpY=,QWTZDQ7y0GlMwrn8EoOT/QCu7Nw=
16,14,4RKR2GWdCcjqilNpGmgz8KpeVpY=,QWTZDQ7y0GlMwrn8EoOT/QCu7Nw=
16,15,4RKR2GWdCcjqilNpGmgz8KpeVpY=,QWTZDQ7y0GlMwrn8EoOT/QCu7Nw=
17,17,4RKR2GWdCcjqilNpGmgz8KpeVpY=,aIy9AwFB5bSmYJU0zlsBpvk5Rvk=
17,16,4RKR2GWdCcjqilNpGmgz8KpeVpY=,GQGbInQNvIXsFYV7c6E40nVUocg=
17,18,4RKR2GWdCcjqilNpGmgz8KpeVpY=,glmzdr6a9EStlOTDany8wg4Xhug=
17,1,4RKR2GWdCcjqilNpGmgz8KpeVpY=,ZV474EJKRGCs69OSd1RzFztJuhs=
17,0,4RKR2GWdCcjqilNpGmgz8KpeVpY=,J33LjhH6RFCcL57rq++Ln+HSTDA=
17,3,OnGoeI2in371cXpZotPaJ8FuUxE=,be7mUYtReLmmIRH2YUB6TWbMFPk=
17,2,OnGoeI2in371cXpZotPaJ8FuUxE=,7lx/2+DAmJsIpEt7yGocDWas8EQ=
17,5,OnGoeI2in371cXpZotPaJ8FuUxE=,e9Q5Y4n6gA0ZVnQgwXGxiAQpcRc=
17,4,OnGoeI2in371cXpZotPaJ8FuUxE=,jLQ0lJIkhybVQ5cnE2VoJOvm6R4=
17,7,OnGoeI2in371cXpZotPaJ8FuUxE=,dmQWLCVRnEroO8CS4ByI58I5lQw=
17,6,OnGoeI2in371cXpZotPaJ8FuUxE=,aF2nPKEIghZQqpKwg453ted0uPU=
17,9,OnGoeI2in371cXpZotPaJ8FuUxE=,QWTZDQ7y0GlMwrn8EoOT/QCu7Nw=
17,8,OnGoeI2in371cXpZotPaJ8FuUxE=,QWTZDQ7y0GlMwrn8EoOT/QCu7Nw=
17,11,OnGoeI2in371cXpZotPaJ8FuUxE=,QWTZDQ7y0GlMwrn8EoOT/QCu7Nw=
17,10,lldAA0pHzmMdKtXY49GVuRXQPgI=,QWTZDQ7y0GlMwrn8EoOT/QCu7Nw=
17,15,lldAA0pHzmMdKtXY49GVuRXQPgI=,QWTZDQ7y0GlMwrn8EoOT/QCu7Nw=
17,14,lldAA0pHzmMdKtXY49GVuRXQPgI=,b57tC9JKr3CYylTkOuEbmZpvGHY=
18,18,lldAA0pHzmMdKtXY49GVuRXQPgI=,zB7qFA25Tf2jxZrK6lgVDmapOfc=
18,19,lldAA0pHzmMdKtXY49GVuRXQPgI=,bas+QCn8RHpOcAuY+zEIXeALvvU=
18,16,lldAA0pHzmMdKtXY49GVuRXQPgI=,umNCsAaScJNnMUChyKYcDzUUsyA=
18,17,lldAA0pHzmMdKtXY49GVuRXQPgI=,c18zQdh8Axod0GPn+fvCQrtnkNc=
18,20,lldAA0pHzmMdKtXY49GVuRXQPgI=,sIWVap6tbLD0QTOlvQsNghu5o+U=
18,2,lldAA0pHzmMdKtXY49GVuRXQPgI=,WBOJxsESaXaJik38azj/ZPQf4ow=
18,3,lldAA0pHzmMdKtXY49GVuRXQPgI=,yFDlPxmhnk+0UX0+s8i9/l9+zSU=
18,0,lldAA0pHzmMdKtXY49GVuRXQPgI=,0a2c6yXKzddPoTtfJJINpOXKsZg=
18,1,lldAA0pHzmMdKtXY49GVuRXQPgI=,xaCFoZ/DF2FQCvTfiCSu2Vfumkk=
18,6,gUFA6XxFxXzzOvpR8W38JhF4uIE=,11J4aze5Jw+D8M/i+I/0eVryrBM=
18,7,gUFA6XxFxXzzOvpR8W38JhF4uIE=,ydn+QEUaVFqauivtaLFbXw4kG8o=
18,4,gUFA6XxFxXzzOvpR8W38JhF4uIE=,xTUjlBJ1gdAWfxHPxSIQWK3E70w=
18,5,gUFA6XxFxXzzOvpR8W38JhF4uIE=,dfFuwQyi+z/s4eyXaPCsJpXGde0=
18,8,gUFA6XxFxXzzOvpR8W38JhF4uIE=,QWTZDQ7y0GlMwrn8EoOT/QCu7Nw=
18,15,gUFA6XxFxXzzOvpR8W38JhF4uIE=,WBh4zlkh54WeUVMF2UUtWIVTDXw=
19,19,gUFA6XxFxXzzOvpR8W38JhF4uIE=,sIWVap6tbLD0QTOlvQsNghu5o+U=
19,18,gUFA6XxFxXzzOvpR8W38JhF4uIE=,bas+QCn8RHpOcAuY+zEIXeALvvU=
19,17,gUFA6XxFxXzzOvpR8W38JhF4uIE=,PfQaI+aHjes40JCZVVP6E/0+I9U=
19,20,gUFA6XxFxXzzOvpR8W38JhF4uIE=,sIWVap6tbLD0QTOlvQsNghu5o+U=
19,3,gUFA6XxFxXzzOvpR8W38JhF4uIE=,3IQ0ugX2GQXwIvpaqbUHKnXYdVw=
19,2,gUFA6XxFxXzzOvpR8W38JhF4uIE=,Pd0NLkHs0ARSi06cTYRD9Hg7zGk=
19,1,gUFA6XxFxXzzOvpR8W38JhF4uIE=,k1aRNT7CCFgBydvgh3DGRAJj6JU=
19,0,xEiID5Llp8cdy/6tP/niRB5N0rs=,odLJVgTaMdr3Ku9d65fdIGFclT0=
19,7,xEiID5Llp8cdy/6tP/niRB5N0rs=,t+cI4r0Fgy+W7bQA1LGRS4KFGuc=
19,6,xEiID5Llp8cdy/6tP/niRB5N0rs=,DxX7vvDvr/LPOtgdBkT3PSZSimM=
19,5,xEiID5Llp8cdy/6tP/niRB5N0rs=,6QNpfO0hXMQhVtWCRd1sOm0DMj8=
19,4,xEiID5Llp8cdy/6tP/niRB5N0rs=,U9zhQQmqDuLPGDaUVSjzgPiqWss=
19,15,xEiID5Llp8cdy/6tP/niRB5N0rs=,TB5eyZTYhBa9zsAIQ7vTFjpkMF4=
19,14,xEiID5Llp8cdy/6tP/niRB5N0rs=,oaCqmVy9vzpkpumxSG8BC8qG3v8=
19,13,xEiID5Llp8cdy/6tP/niRB5N0rs=,JrNL1UHJB1rOgxZBHbs9N+tLcJk=
20,20,xEiID5Llp8cdy/6tP/niRB5N0rs=,sIWVap6tbLD0QTOlvQsNghu5o+U=
20,17,xEiID5Llp8cdy/6tP/niRB5N0rs=,sIWVap6tbLD0QTOlvQsNghu5o+U=
20,18,xEiID5Llp8cdy/6tP/niRB5N0rs=,MGQVAZTFdX+JSnPYbMAgpVt7REo=
20,19,xEiID5Llp8cdy/6tP/niRB5N0rs=,cd7aftqLnBCsYEyfj+XRtpYSMa4=
20,4,xEiID5Llp8cdy/6tP/niRB5N0rs=,qYgsVlS2Q7s6C577t5aXTe0+T08=
20,5,xEiID5Llp8cdy/6tP/niRB5N0rs=,qYgsVlS2Q7s6C577t5aXTe0+T08=
20,6,MEc9W7qqcjBFdjvpTuU2L79bBTI=,QwtQeIQVLP4JXT5Wa2BHnXI7Hi8=
20,7,MEc9W7qqcjBFdjvpTuU2L79bBTI=,Ve4qlz11pKA5WnUQ0YpT/Tmal+Q=
20,0,MEc9W7qqcjBFdjvpTuU2L79bBTI=,3E82Z8XCcBlqu858ZIodgQ36ZTU=
20,1,MEc9W7qqcjBFdjvpTuU2L79bBTI=,OxmlDjJ8cBl5f6tTB/GGH181XIw=
20,2,MEc9W7qqcjBFdjvpTuU2L79bBTI=,E5caLDn8AoOptiAUo/wUVxMyaPU=
20,3,MEc9W7qqcjBFdjvpTuU2L79bBTI=,qYgsVlS2Q7s6C577t5aXTe0+T08=
20,13,MEc9W7qqcjBFdjvpTuU2L79bBTI=,jtr846hZfEvLKoDo6lu0309Hwco=
20,14,MEc9W7qqcjBFdjvpTuU2L79bBTI=,jWian/lceITvahf669LfFKxBpYg=
21,5,MEc9W7qqcjBFdjvpTuU2L79bBTI=,qYgsVlS2Q7s6C577t5aXTe0+T08=
21,4,MEc9W7qqcjBFdjvpTuU2L79bBTI=,bemU8XFkj7u3UoNxBKDpIk2CQrM=
21,7,MEc9W7qqcjBFdjvpTuU2L79bBTI=,qYgsVlS2Q7s6C577t5aXTe0+T08=
21,6,MEc9W7qqcjBFdjvpTuU2L79bBTI=,qYgsVlS2Q7s6C577t5aXTe0+T08=
21,1,MEc9W7qqcjBFdjvpTuU2L79bBTI=,hRZEWTa4bbgTKl88SeuHQGIM6T8=
21,0,MEc9W7qqcjBFdjvpTuU2L79bBTI=,qFlukCVEgvy5OFRcUSWq2k7QAz4=
21,3,3Oh2E+SyzDOtcLXMw5NlgImZr6o=,SsU/VSUwddxk9F2MAIakMTIYhjE=
21,2,3Oh2E+SyzDOtcLXMw5NlgImZr6o=,VmTqscWMEehjmYI+aQxPnohrzJw=
22,4,3Oh2E+SyzDOtcLXMw5NlgImZr6o=,0pZX/CsPb47hUg+mp4tEM09TBmw=
22,2,3Oh2E+SyzDOtcLXMw5NlgImZr6o=,7xW2RWrzSzTTEjpA5/XS8MN+Q4w=
22,3,3Oh2E+SyzDOtcLXMw5NlgImZr6o=,MgU0L0aadiSz1Vh/bOyG2/FQ+jY=
22,0,3Oh2E+SyzDOtcLXMw5NlgImZr6o=,WL+Uva064GHl26RcuWV5EymYhPk=
22,1,3Oh2E+SyzDOtcLXMw5NlgImZr6o=,g7dYbljgOSLrR8/W+0kZ8SNOiP8=
23,4,3Oh2E+SyzDOtcLXMw5NlgImZr6o=,74uSf6qaxGij3O2IpgRIjfIN3ew=
23,3,3Oh2E+SyzDOtcLXMw5NlgImZr6o=,x3B1Aef4J0U2B8w1/aD946/zxa0=
23,2,3Oh2E+SyzDOtcLXMw5NlgImZr6o=,4dKDAZGlZJVtB8NYjyMe6daDFnU=
23,1,3Oh2E+SyzDOtcLXMw5NlgImZr6o=,EOSQMEvOcPF0nyOksxSeuAi0xvo=
23,0,PQgiuR14GHtPlH6Lw/zbZj2yxkE=,EOSQMEvOcPF0nyOksxSeuAi0xvo=
24,0,PQgiuR14GHtPlH6Lw/zbZj2yxkE=,+cTUJZMlxz9dq1JVW9JEzVBq750=
24,1,PQgiuR14GHtPlH6Lw/zbZj2yxkE=,+cTUJZMlxz9dq1JVW9JEzVBq750=
24,2,PQgiuR14GHtPlH6Lw/zbZj2yxkE=,+cTUJZMlxz9dq1JVW9JEzVBq750=
24,3,PQgiuR14GHtPlH6Lw/zbZj2yxkE=,+cTUJZMlxz9dq1JVW9JEzVBq750=
25,1,PQgiuR14GHtPlH6Lw/zbZj2yxkE=,DhzMjHn9Ps33T4VqJt/xL55K1iY=
25,0,PQgiuR14GHtPlH6Lw/zbZj2yxkE=,+cTUJZMlxz9dq1JVW9JEzVBq750=
25,3,PQgiuR14GHtPlH6Lw/zbZj2yxkE=,9KPnxlgaap8XrrJcx6NZazv0nbs=
25,2,PQgiuR14GHtPlH6Lw/zbZj2yxkE=,8exCZPBfr43iYSOt12IBWb9V+v8=
26,2,PQgiuR14GHtPlH6Lw/zbZj2yxkE=,34jJvi/hjxFc2/wZYmHLCaRvYFk=
26,3,PQgiuR14GHtPlH6Lw/zbZj2yxkE=,wUi32qMd2q8iZM91iOdSEg0BgPk=
26,0,PQgiuR14GHtPlH6Lw/zbZj2yxkE=,AOontBQyMaYlvx8zhZiGxaOFyFA=
26,1,PQgiuR14GHtPlH6Lw/zbZj2yxkE=,VfKFGGNRO0rW2y/xTlYpmwDQGgQ=
