-39,-14,cTYdintwmJno+dZHOxp71eAx1EA=,CRYVgWvo7rJMAi1xxSxxTirVt28=
-40,-14,cTYdintwmJno+dZHOxp71eAx1EA=,CRYVgWvo7rJMAi1xxSxxTirVt28=
-38,-14,cTYdintwmJno+dZHOxp71eAx1EA=,Y8SQGp/Vlj9z6tvVRCTA9RHRrv8=
-38,-15,cTYdintwmJno+dZHOxp71eAx1EA=,Y8SQGp/Vlj9z6tvVRCTA9RHRrv8=
-41,-15,cTYdintwmJno+dZHOxp71eAx1EA=,JjOmnL/8VyQKllv5ES/50N+Ztrw=
-41,-14,cTYdintwmJno+dZHOxp71eAx1EA=,StvmacomofEI0UeCiOeSzmHBWio=
-39,-13,cTYdintwmJno+dZHOxp71eAx1EA=,CRYVgWvo7rJMAi1xxSxxTirVt28=
-40,-15,cTYdintwmJno+dZHOxp71eAx1EA=,ogRoCStjWq5rlglRFFpO4AtF1Go=
-39,-15,cTYdintwmJno+dZHOxp71eAx1EA=,ogRoCStjWq5rlglRFFpO4AtF1Go=
-40,-13,cTYdintwmJno+dZHOxp71eAx1EA=,CRYVgWvo7rJMAi1xxSxxTirVt28=
-38,-13,cTYdintwmJno+dZHOxp71eAx1EA=,Y8SQGp/Vlj9z6tvVRCTA9RHRrv8=
-43,-14,cTYdintwmJno+dZHOxp71eAx1EA=,XHbhM2eQ5xW1cTJCd5fnkk8x28Y=
-43,-15,cTYdintwmJno+dZHOxp71eAx1EA=,Yrf8kJ4CKoxBYBcQmM+EqkLt+Js=
-45,-14,cTYdintwmJno+dZHOxp71eAx1EA=,HIr5i1EKvZVLXiP2Tq9VC+f15m0=
-42,-15,cTYdintwmJno+dZHOxp71eAx1EA=,JjOmnL/8VyQKllv5ES/50N+Ztrw=
-45,-15,cTYdintwmJno+dZHOxp71eAx1EA=,PpPPXCFmXmuC+fm/l5B/kKh0EPg=
-41,-13,cTYdintwmJno+dZHOxp71eAx1EA=,StvmacomofEI0UeCiOeSzmHBWio=
-46,-13,cTYdintwmJno+dZHOxp71eAx1EA=,HIr5i1EKvZVLXiP2Tq9VC+f15m0=
-42,-14,cTYdintwmJno+dZHOxp71eAx1EA=,StvmacomofEI0UeCiOeSzmHBWio=
-45,-16,cTYdintwmJno+dZHOxp71eAx1EA=,PpPPXCFmXmuC+fm/l5B/kKh0EPg=
-44,-14,cTYdintwmJno+dZHOxp71eAx1EA=,XHbhM2eQ5xW1cTJCd5fnkk8x28Y=
-43,-13,cTYdintwmJno+dZHOxp71eAx1EA=,XHbhM2eQ5xW1cTJCd5fnkk8x28Y=
-47,-14,cTYdintwmJno+dZHOxp71eAx1EA=,UGHFDhxtDuZSm6qRAnSBI5FB3nc=
-47,-15,cTYdintwmJno+dZHOxp71eAx1EA=,UGHFDhxtDuZSm6qRAnSBI5FB3nc=
-44,-13,cTYdintwmJno+dZHOxp71eAx1EA=,XHbhM2eQ5xW1cTJCd5fnkk8x28Y=
-48,-14,cTYdintwmJno+dZHOxp71eAx1EA=,UGHFDhxtDuZSm6qRAnSBI5FB3nc=
-48,-15,cTYdintwmJno+dZHOxp71eAx1EA=,UGHFDhxtDuZSm6qRAnSBI5FB3nc=
-41,-12,cTYdintwmJno+dZHOxp71eAx1EA=,AZdrVx22ns0KZpQv33oX1SotXmI=
-37,-15,cTYdintwmJno+dZHOxp71eAx1EA=,Y8SQGp/Vlj9z6tvVRCTA9RHRrv8=
-37,-16,cTYdintwmJno+dZHOxp71eAx1EA=,Y8SQGp/Vlj9z6tvVRCTA9RHRrv8=
-37,-14,cTYdintwmJno+dZHOxp71eAx1EA=,Y8SQGp/Vlj9z6tvVRCTA9RHRrv8=
-44,-16,cTYdintwmJno+dZHOxp71eAx1EA=,Yrf8kJ4CKoxBYBcQmM+EqkLt+Js=
-46,-14,cTYdintwmJno+dZHOxp71eAx1EA=,HIr5i1EKvZVLXiP2Tq9VC+f15m0=
-48,-16,cTYdintwmJno+dZHOxp71eAx1EA=,UGHFDhxtDuZSm6qRAnSBI5FB3nc=
-44,-15,cTYdintwmJno+dZHOxp71eAx1EA=,Yrf8kJ4CKoxBYBcQmM+EqkLt+Js=
-40,-12,cTYdintwmJno+dZHOxp71eAx1EA=,ofkh/yiom9e8gS+iv4TpZv5tpNI=
-38,-16,cTYdintwmJno+dZHOxp71eAx1EA=,Y8SQGp/Vlj9z6tvVRCTA9RHRrv8=
-42,-11,cTYdintwmJno+dZHOxp71eAx1EA=,AZdrVx22ns0KZpQv33oX1SotXmI=
-42,-13,cTYdintwmJno+dZHOxp71eAx1EA=,StvmacomofEI0UeCiOeSzmHBWio=
-41,-16,cTYdintwmJno+dZHOxp71eAx1EA=,JjOmnL/8VyQKllv5ES/50N+Ztrw=
-42,-16,cTYdintwmJno+dZHOxp71eAx1EA=,JjOmnL/8VyQKllv5ES/50N+Ztrw=
-43,-16,cTYdintwmJno+dZHOxp71eAx1EA=,Yrf8kJ4CKoxBYBcQmM+EqkLt+Js=
-39,-16,cTYdintwmJno+dZHOxp71eAx1EA=,ogRoCStjWq5rlglRFFpO4AtF1Go=
-40,-16,cTYdintwmJno+dZHOxp71eAx1EA=,ogRoCStjWq5rlglRFFpO4AtF1Go=
-42,-12,cTYdintwmJno+dZHOxp71eAx1EA=,AZdrVx22ns0KZpQv33oX1SotXmI=
-39,-12,cTYdintwmJno+dZHOxp71eAx1EA=,ofkh/yiom9e8gS+iv4TpZv5tpNI=
-46,-16,cTYdintwmJno+dZHOxp71eAx1EA=,PpPPXCFmXmuC+fm/l5B/kKh0EPg=
-45,-12,cTYdintwmJno+dZHOxp71eAx1EA=,HIr5i1EKvZVLXiP2Tq9VC+f15m0=
-45,-13,cTYdintwmJno+dZHOxp71eAx1EA=,HIr5i1EKvZVLXiP2Tq9VC+f15m0=
-38,-11,cTYdintwmJno+dZHOxp71eAx1EA=,BsVhLkCs/Ntq0Ofg7ljzx+3cTd4=
-45,-11,cTYdintwmJno+dZHOxp71eAx1EA=,HIr5i1EKvZVLXiP2Tq9VC+f15m0=
-46,-12,cTYdintwmJno+dZHOxp71eAx1EA=,HIr5i1EKvZVLXiP2Tq9VC+f15m0=
-46,-11,cTYdintwmJno+dZHOxp71eAx1EA=,HIr5i1EKvZVLXiP2Tq9VC+f15m0=
-44,-12,cTYdintwmJno+dZHOxp71eAx1EA=,/deTRfsC15Mm7o11oUgta2Pouos=
-47,-13,cTYdintwmJno+dZHOxp71eAx1EA=,UGHFDhxtDuZSm6qRAnSBI5FB3nc=
-46,-15,cTYdintwmJno+dZHOxp71eAx1EA=,PpPPXCFmXmuC+fm/l5B/kKh0EPg=
-44,-11,cTYdintwmJno+dZHOxp71eAx1EA=,/deTRfsC15Mm7o11oUgta2Pouos=
-41,-11,cTYdintwmJno+dZHOxp71eAx1EA=,AZdrVx22ns0KZpQv33oX1SotXmI=
-43,-11,cTYdintwmJno+dZHOxp71eAx1EA=,/deTRfsC15Mm7o11oUgta2Pouos=
-36,-16,cTYdintwmJno+dZHOxp71eAx1EA=,xGfvuZkhqJLhlDMSLfQ88zCRn9c=
-38,-12,cTYdintwmJno+dZHOxp71eAx1EA=,BsVhLkCs/Ntq0Ofg7ljzx+3cTd4=
-43,-12,cTYdintwmJno+dZHOxp71eAx1EA=,/deTRfsC15Mm7o11oUgta2Pouos=
-36,-15,cTYdintwmJno+dZHOxp71eAx1EA=,xGfvuZkhqJLhlDMSLfQ88zCRn9c=
-40,-11,cTYdintwmJno+dZHOxp71eAx1EA=,ofkh/yiom9e8gS+iv4TpZv5tpNI=
-47,-16,cTYdintwmJno+dZHOxp71eAx1EA=,UGHFDhxtDuZSm6qRAnSBI5FB3nc=
-39,-11,cTYdintwmJno+dZHOxp71eAx1EA=,ofkh/yiom9e8gS+iv4TpZv5tpNI=
-36,-20,fKWaYmmK/f3Ep2u0WiKK8rX7cZs=,OWiMgjjE9U1uGJt878xoqap78ug=
-38,-21,fKWaYmmK/f3Ep2u0WiKK8rX7cZs=,BsVhLkCs/Ntq0Ofg7ljzx+3cTd4=
-39,-21,fKWaYmmK/f3Ep2u0WiKK8rX7cZs=,msqkEGuy5OvDRmo+xWjUB+tnK4k=
-38,-20,6BObRyghIFZkJbixTRZQuvPg2IM=,tCFZI94OZ2J/vU42CbJcPDz1B4c=
-37,-20,6BObRyghIFZkJbixTRZQuvPg2IM=,tCFZI94OZ2J/vU42CbJcPDz1B4c=
-37,-21,6BObRyghIFZkJbixTRZQuvPg2IM=,BsVhLkCs/Ntq0Ofg7ljzx+3cTd4=
-39,-20,6BObRyghIFZkJbixTRZQuvPg2IM=,msqkEGuy5OvDRmo+xWjUB+tnK4k=
-36,-21,6BObRyghIFZkJbixTRZQuvPg2IM=,2K+yO1hpSSz4lXjyWGtoLzZnDAk=
-38,-19,Do9apYzHV5w7pPgKTBmdSvLB0Wg=,tCFZI94OZ2J/vU42CbJcPDz1B4c=
-39,-18,Do9apYzHV5w7pPgKTBmdSvLB0Wg=,r9rWEsHMfPMMmotjuVtWHHAdye8=
-39,-19,Do9apYzHV5w7pPgKTBmdSvLB0Wg=,msqkEGuy5OvDRmo+xWjUB+tnK4k=
-40,-21,Do9apYzHV5w7pPgKTBmdSvLB0Wg=,msqkEGuy5OvDRmo+xWjUB+tnK4k=
-40,-20,Do9apYzHV5w7pPgKTBmdSvLB0Wg=,msqkEGuy5OvDRmo+xWjUB+tnK4k=
-40,-18,Do9apYzHV5w7pPgKTBmdSvLB0Wg=,r9rWEsHMfPMMmotjuVtWHHAdye8=
-40,-19,Do9apYzHV5w7pPgKTBmdSvLB0Wg=,msqkEGuy5OvDRmo+xWjUB+tnK4k=
-42,-21,Do9apYzHV5w7pPgKTBmdSvLB0Wg=,4bD/E9PRgxx/NicT9y0DyvvLDtM=
-43,-20,Do9apYzHV5w7pPgKTBmdSvLB0Wg=,a4+TAa8ZaVBO0xODcp3Pz+t5Gss=
-43,-23,Do9apYzHV5w7pPgKTBmdSvLB0Wg=,QWjHueUavWmMNVy8zwsjsxE7A38=
-41,-19,Do9apYzHV5w7pPgKTBmdSvLB0Wg=,H3GvLFzdYsAyILfFOJh6M613hNU=
-42,-19,Do9apYzHV5w7pPgKTBmdSvLB0Wg=,H3GvLFzdYsAyILfFOJh6M613hNU=
-43,-22,Do9apYzHV5w7pPgKTBmdSvLB0Wg=,dOKdKBBmztL6wq5cdl2xX5vMeVk=
-38,-18,Do9apYzHV5w7pPgKTBmdSvLB0Wg=,w866L76kRB3obEmPWEnPTsr9fII=
-42,-22,Do9apYzHV5w7pPgKTBmdSvLB0Wg=,4bD/E9PRgxx/NicT9y0DyvvLDtM=
-41,-18,Do9apYzHV5w7pPgKTBmdSvLB0Wg=,bZpyu5ELw3aHX8mEr6+OCK3IaGw=
-41,-21,Do9apYzHV5w7pPgKTBmdSvLB0Wg=,4bD/E9PRgxx/NicT9y0DyvvLDtM=
-42,-18,Do9apYzHV5w7pPgKTBmdSvLB0Wg=,bZpyu5ELw3aHX8mEr6+OCK3IaGw=
-43,-19,Do9apYzHV5w7pPgKTBmdSvLB0Wg=,a4+TAa8ZaVBO0xODcp3Pz+t5Gss=
-44,-24,Do9apYzHV5w7pPgKTBmdSvLB0Wg=,QWjHueUavWmMNVy8zwsjsxE7A38=
-43,-21,Do9apYzHV5w7pPgKTBmdSvLB0Wg=,dOKdKBBmztL6wq5cdl2xX5vMeVk=
-42,-20,Do9apYzHV5w7pPgKTBmdSvLB0Wg=,H3GvLFzdYsAyILfFOJh6M613hNU=
-42,-23,Do9apYzHV5w7pPgKTBmdSvLB0Wg=,4bD/E9PRgxx/NicT9y0DyvvLDtM=
-44,-23,Do9apYzHV5w7pPgKTBmdSvLB0Wg=,QWjHueUavWmMNVy8zwsjsxE7A38=
-44,-22,Do9apYzHV5w7pPgKTBmdSvLB0Wg=,dOKdKBBmztL6wq5cdl2xX5vMeVk=
-41,-20,Do9apYzHV5w7pPgKTBmdSvLB0Wg=,H3GvLFzdYsAyILfFOJh6M613hNU=
-44,-20,Do9apYzHV5w7pPgKTBmdSvLB0Wg=,a4+TAa8ZaVBO0xODcp3Pz+t5Gss=
-44,-19,Do9apYzHV5w7pPgKTBmdSvLB0Wg=,a4+TAa8ZaVBO0xODcp3Pz+t5Gss=
-44,-21,Do9apYzHV5w7pPgKTBmdSvLB0Wg=,dOKdKBBmztL6wq5cdl2xX5vMeVk=
-43,-18,Do9apYzHV5w7pPgKTBmdSvLB0Wg=,cK5TWRvuImKHFi/UCiI8hoGUVEs=
-44,-17,Do9apYzHV5w7pPgKTBmdSvLB0Wg=,cK5TWRvuImKHFi/UCiI8hoGUVEs=
-45,-25,Do9apYzHV5w7pPgKTBmdSvLB0Wg=,led58X2gkQk10WuDaZI2ndSxMEA=
-44,-25,Do9apYzHV5w7pPgKTBmdSvLB0Wg=,QWjHueUavWmMNVy8zwsjsxE7A38=
-45,-24,Do9apYzHV5w7pPgKTBmdSvLB0Wg=,ehx3ZZA83yK3o/Qo2oGezVWVr68=
-45,-20,Do9apYzHV5w7pPgKTBmdSvLB0Wg=,XuZYica495jrap+fSrwxKzax4BM=
-38,-17,Do9apYzHV5w7pPgKTBmdSvLB0Wg=,w866L76kRB3obEmPWEnPTsr9fII=
-45,-19,Do9apYzHV5w7pPgKTBmdSvLB0Wg=,XuZYica495jrap+fSrwxKzax4BM=
-45,-23,Do9apYzHV5w7pPgKTBmdSvLB0Wg=,ehx3ZZA83yK3o/Qo2oGezVWVr68=
-41,-17,Do9apYzHV5w7pPgKTBmdSvLB0Wg=,bZpyu5ELw3aHX8mEr6+OCK3IaGw=
-45,-18,Do9apYzHV5w7pPgKTBmdSvLB0Wg=,Bexpj1Bu8fIq36ruq5/WZ3wjuF8=
-36,-22,Do9apYzHV5w7pPgKTBmdSvLB0Wg=,2K+yO1hpSSz4lXjyWGtoLzZnDAk=
-45,-21,Do9apYzHV5w7pPgKTBmdSvLB0Wg=,CvTscSSYVcLOiu8DCwSN/QOKz9g=
-37,-22,Do9apYzHV5w7pPgKTBmdSvLB0Wg=,BsVhLkCs/Ntq0Ofg7ljzx+3cTd4=
-46,-20,Do9apYzHV5w7pPgKTBmdSvLB0Wg=,XuZYica495jrap+fSrwxKzax4BM=
-40,-17,Do9apYzHV5w7pPgKTBmdSvLB0Wg=,r9rWEsHMfPMMmotjuVtWHHAdye8=
-39,-17,Do9apYzHV5w7pPgKTBmdSvLB0Wg=,r9rWEsHMfPMMmotjuVtWHHAdye8=
-44,-18,Do9apYzHV5w7pPgKTBmdSvLB0Wg=,cK5TWRvuImKHFi/UCiI8hoGUVEs=
-45,-17,Do9apYzHV5w7pPgKTBmdSvLB0Wg=,Bexpj1Bu8fIq36ruq5/WZ3wjuF8=
-46,-24,Do9apYzHV5w7pPgKTBmdSvLB0Wg=,ehx3ZZA83yK3o/Qo2oGezVWVr68=
-47,-23,Do9apYzHV5w7pPgKTBmdSvLB0Wg=,y2/AE5UiD4afup9dXtBh+AIvo10=
-47,-25,Do9apYzHV5w7pPgKTBmdSvLB0Wg=,wleZDzwdPZnSWq7VHXXroV9Yr+8=
-47,-24,Do9apYzHV5w7pPgKTBmdSvLB0Wg=,y2/AE5UiD4afup9dXtBh+AIvo10=
-46,-25,Do9apYzHV5w7pPgKTBmdSvLB0Wg=,led58X2gkQk10WuDaZI2ndSxMEA=
-36,-19,Do9apYzHV5w7pPgKTBmdSvLB0Wg=,OWiMgjjE9U1uGJt878xoqap78ug=
-46,-23,Do9apYzHV5w7pPgKTBmdSvLB0Wg=,ehx3ZZA83yK3o/Qo2oGezVWVr68=
-47,-22,Do9apYzHV5w7pPgKTBmdSvLB0Wg=,fNiUuAoSA4CGAF/K62+VUgdZd9c=
-48,-21,Do9apYzHV5w7pPgKTBmdSvLB0Wg=,fNiUuAoSA4CGAF/K62+VUgdZd9c=
-45,-22,Do9apYzHV5w7pPgKTBmdSvLB0Wg=,CvTscSSYVcLOiu8DCwSN/QOKz9g=
-43,-17,Do9apYzHV5w7pPgKTBmdSvLB0Wg=,cK5TWRvuImKHFi/UCiI8hoGUVEs=
-41,-23,Do9apYzHV5w7pPgKTBmdSvLB0Wg=,4bD/E9PRgxx/NicT9y0DyvvLDtM=
-41,-22,Do9apYzHV5w7pPgKTBmdSvLB0Wg=,4bD/E9PRgxx/NicT9y0DyvvLDtM=
-40,-22,Do9apYzHV5w7pPgKTBmdSvLB0Wg=,msqkEGuy5OvDRmo+xWjUB+tnK4k=
-39,-22,Do9apYzHV5w7pPgKTBmdSvLB0Wg=,msqkEGuy5OvDRmo+xWjUB+tnK4k=
-48,-23,Do9apYzHV5w7pPgKTBmdSvLB0Wg=,y2/AE5UiD4afup9dXtBh+AIvo10=
-46,-22,Do9apYzHV5w7pPgKTBmdSvLB0Wg=,CvTscSSYVcLOiu8DCwSN/QOKz9g=
-38,-22,Do9apYzHV5w7pPgKTBmdSvLB0Wg=,BsVhLkCs/Ntq0Ofg7ljzx+3cTd4=
-48,-22,Do9apYzHV5w7pPgKTBmdSvLB0Wg=,fNiUuAoSA4CGAF/K62+VUgdZd9c=
-47,-21,Do9apYzHV5w7pPgKTBmdSvLB0Wg=,fNiUuAoSA4CGAF/K62+VUgdZd9c=
-43,-24,Do9apYzHV5w7pPgKTBmdSvLB0Wg=,QWjHueUavWmMNVy8zwsjsxE7A38=
-43,-25,Do9apYzHV5w7pPgKTBmdSvLB0Wg=,QWjHueUavWmMNVy8zwsjsxE7A38=
-42,-24,Do9apYzHV5w7pPgKTBmdSvLB0Wg=,4bD/E9PRgxx/NicT9y0DyvvLDtM=
-48,-20,Do9apYzHV5w7pPgKTBmdSvLB0Wg=,Cwxo3q1gsIm0r1IzT26m/2QQrMQ=
-47,-20,Do9apYzHV5w7pPgKTBmdSvLB0Wg=,Cwxo3q1gsIm0r1IzT26m/2QQrMQ=
-42,-17,Do9apYzHV5w7pPgKTBmdSvLB0Wg=,bZpyu5ELw3aHX8mEr6+OCK3IaGw=
-46,-21,Do9apYzHV5w7pPgKTBmdSvLB0Wg=,CvTscSSYVcLOiu8DCwSN/QOKz9g=
-45,-26,Do9apYzHV5w7pPgKTBmdSvLB0Wg=,led58X2gkQk10WuDaZI2ndSxMEA=
-44,-26,Do9apYzHV5w7pPgKTBmdSvLB0Wg=,QWjHueUavWmMNVy8zwsjsxE7A38=
-37,-18,Do9apYzHV5w7pPgKTBmdSvLB0Wg=,w866L76kRB3obEmPWEnPTsr9fII=
-37,-19,Do9apYzHV5w7pPgKTBmdSvLB0Wg=,tCFZI94OZ2J/vU42CbJcPDz1B4c=
-37,-17,Do9apYzHV5w7pPgKTBmdSvLB0Wg=,w866L76kRB3obEmPWEnPTsr9fII=
-47,-26,Do9apYzHV5w7pPgKTBmdSvLB0Wg=,wleZDzwdPZnSWq7VHXXroV9Yr+8=
-37,-23,Do9apYzHV5w7pPgKTBmdSvLB0Wg=,BsVhLkCs/Ntq0Ofg7ljzx+3cTd4=
-36,-24,Do9apYzHV5w7pPgKTBmdSvLB0Wg=,2K+yO1hpSSz4lXjyWGtoLzZnDAk=
-36,-25,Do9apYzHV5w7pPgKTBmdSvLB0Wg=,RrDbUr3g0dNy8PWWzp3cV8yNCLM=
-46,-26,Do9apYzHV5w7pPgKTBmdSvLB0Wg=,led58X2gkQk10WuDaZI2ndSxMEA=
-46,-18,Do9apYzHV5w7pPgKTBmdSvLB0Wg=,Bexpj1Bu8fIq36ruq5/WZ3wjuF8=
-37,-25,Do9apYzHV5w7pPgKTBmdSvLB0Wg=,BsVhLkCs/Ntq0Ofg7ljzx+3cTd4=
-36,-17,Do9apYzHV5w7pPgKTBmdSvLB0Wg=,IimlT96WzPOQaq7qNxeGcaQCaHI=
-46,-17,Do9apYzHV5w7pPgKTBmdSvLB0Wg=,Bexpj1Bu8fIq36ruq5/WZ3wjuF8=
-36,-23,Do9apYzHV5w7pPgKTBmdSvLB0Wg=,2K+yO1hpSSz4lXjyWGtoLzZnDAk=
-37,-24,Do9apYzHV5w7pPgKTBmdSvLB0Wg=,BsVhLkCs/Ntq0Ofg7ljzx+3cTd4=
-37,-28,Do9apYzHV5w7pPgKTBmdSvLB0Wg=,BsVhLkCs/Ntq0Ofg7ljzx+3cTd4=
-37,-27,Do9apYzHV5w7pPgKTBmdSvLB0Wg=,BsVhLkCs/Ntq0Ofg7ljzx+3cTd4=
-36,-27,Do9apYzHV5w7pPgKTBmdSvLB0Wg=,RrDbUr3g0dNy8PWWzp3cV8yNCLM=
-36,-18,Do9apYzHV5w7pPgKTBmdSvLB0Wg=,IimlT96WzPOQaq7qNxeGcaQCaHI=
-36,-26,Do9apYzHV5w7pPgKTBmdSvLB0Wg=,RrDbUr3g0dNy8PWWzp3cV8yNCLM=
-37,-26,Do9apYzHV5w7pPgKTBmdSvLB0Wg=,BsVhLkCs/Ntq0Ofg7ljzx+3cTd4=
-37,-29,Do9apYzHV5w7pPgKTBmdSvLB0Wg=,BsVhLkCs/Ntq0Ofg7ljzx+3cTd4=
-40,-23,Do9apYzHV5w7pPgKTBmdSvLB0Wg=,msqkEGuy5OvDRmo+xWjUB+tnK4k=
-39,-23,Do9apYzHV5w7pPgKTBmdSvLB0Wg=,msqkEGuy5OvDRmo+xWjUB+tnK4k=
-38,-23,Do9apYzHV5w7pPgKTBmdSvLB0Wg=,BsVhLkCs/Ntq0Ofg7ljzx+3cTd4=
-36,-28,Do9apYzHV5w7pPgKTBmdSvLB0Wg=,RrDbUr3g0dNy8PWWzp3cV8yNCLM=
-36,-29,Do9apYzHV5w7pPgKTBmdSvLB0Wg=,zGzg8V5ClUeBTgKOV7idmw6TIl8=
-42,-25,Do9apYzHV5w7pPgKTBmdSvLB0Wg=,4bD/E9PRgxx/NicT9y0DyvvLDtM=
-46,-29,Do9apYzHV5w7pPgKTBmdSvLB0Wg=,led58X2gkQk10WuDaZI2ndSxMEA=
-46,-27,Do9apYzHV5w7pPgKTBmdSvLB0Wg=,led58X2gkQk10WuDaZI2ndSxMEA=
-47,-28,Do9apYzHV5w7pPgKTBmdSvLB0Wg=,wleZDzwdPZnSWq7VHXXroV9Yr+8=
-47,-17,Do9apYzHV5w7pPgKTBmdSvLB0Wg=,iMucBRIVOvWLhc9Fi9zXAN9vt4M=
-45,-27,Do9apYzHV5w7pPgKTBmdSvLB0Wg=,led58X2gkQk10WuDaZI2ndSxMEA=
-46,-19,Do9apYzHV5w7pPgKTBmdSvLB0Wg=,XuZYica495jrap+fSrwxKzax4BM=
-48,-17,Do9apYzHV5w7pPgKTBmdSvLB0Wg=,iMucBRIVOvWLhc9Fi9zXAN9vt4M=
-47,-18,Do9apYzHV5w7pPgKTBmdSvLB0Wg=,iMucBRIVOvWLhc9Fi9zXAN9vt4M=
-48,-19,Do9apYzHV5w7pPgKTBmdSvLB0Wg=,Cwxo3q1gsIm0r1IzT26m/2QQrMQ=
-48,-27,Do9apYzHV5w7pPgKTBmdSvLB0Wg=,wleZDzwdPZnSWq7VHXXroV9Yr+8=
-47,-19,Do9apYzHV5w7pPgKTBmdSvLB0Wg=,Cwxo3q1gsIm0r1IzT26m/2QQrMQ=
-48,-18,Do9apYzHV5w7pPgKTBmdSvLB0Wg=,iMucBRIVOvWLhc9Fi9zXAN9vt4M=
-48,-26,Do9apYzHV5w7pPgKTBmdSvLB0Wg=,wleZDzwdPZnSWq7VHXXroV9Yr+8=
-48,-24,Do9apYzHV5w7pPgKTBmdSvLB0Wg=,y2/AE5UiD4afup9dXtBh+AIvo10=
-48,-25,Do9apYzHV5w7pPgKTBmdSvLB0Wg=,wleZDzwdPZnSWq7VHXXroV9Yr+8=
-45,-30,Do9apYzHV5w7pPgKTBmdSvLB0Wg=,led58X2gkQk10WuDaZI2ndSxMEA=
-47,-27,Do9apYzHV5w7pPgKTBmdSvLB0Wg=,wleZDzwdPZnSWq7VHXXroV9Yr+8=
-45,-28,Do9apYzHV5w7pPgKTBmdSvLB0Wg=,led58X2gkQk10WuDaZI2ndSxMEA=
-46,-28,Do9apYzHV5w7pPgKTBmdSvLB0Wg=,led58X2gkQk10WuDaZI2ndSxMEA=
-47,-29,Do9apYzHV5w7pPgKTBmdSvLB0Wg=,KizIrOZnYh+3EsictjGOj/5ykX4=
-46,-30,Do9apYzHV5w7pPgKTBmdSvLB0Wg=,led58X2gkQk10WuDaZI2ndSxMEA=
-48,-29,Do9apYzHV5w7pPgKTBmdSvLB0Wg=,KizIrOZnYh+3EsictjGOj/5ykX4=
-46,-31,Do9apYzHV5w7pPgKTBmdSvLB0Wg=,led58X2gkQk10WuDaZI2ndSxMEA=
-48,-28,Do9apYzHV5w7pPgKTBmdSvLB0Wg=,wleZDzwdPZnSWq7VHXXroV9Yr+8=
-45,-32,Do9apYzHV5w7pPgKTBmdSvLB0Wg=,led58X2gkQk10WuDaZI2ndSxMEA=
-45,-31,Do9apYzHV5w7pPgKTBmdSvLB0Wg=,led58X2gkQk10WuDaZI2ndSxMEA=
-47,-30,Do9apYzHV5w7pPgKTBmdSvLB0Wg=,KizIrOZnYh+3EsictjGOj/5ykX4=
-47,-32,Do9apYzHV5w7pPgKTBmdSvLB0Wg=,hpgWE5Tzqs44Tu8Ao5Ru0+Ev4gw=
-45,-29,Do9apYzHV5w7pPgKTBmdSvLB0Wg=,led58X2gkQk10WuDaZI2ndSxMEA=
-46,-32,Do9apYzHV5w7pPgKTBmdSvLB0Wg=,led58X2gkQk10WuDaZI2ndSxMEA=
-48,-30,Do9apYzHV5w7pPgKTBmdSvLB0Wg=,KizIrOZnYh+3EsictjGOj/5ykX4=
-47,-31,Do9apYzHV5w7pPgKTBmdSvLB0Wg=,hpgWE5Tzqs44Tu8Ao5Ru0+Ev4gw=
-48,-31,Do9apYzHV5w7pPgKTBmdSvLB0Wg=,hpgWE5Tzqs44Tu8Ao5Ru0+Ev4gw=
-48,-32,Do9apYzHV5w7pPgKTBmdSvLB0Wg=,hpgWE5Tzqs44Tu8Ao5Ru0+Ev4gw=
-59,-29,IOZduhq8fvERJFfB36hDPGA8Nj8=,cEpfNXE8FbhosrutkY3IzYnb06s=
-58,-29,IOZduhq8fvERJFfB36hDPGA8Nj8=,qVnfwRVKdla4YM/F5+sQDjz9p/0=
-58,-28,s0hH4AkiYvAR3afHulNajKRZBoo=,5pCG4Au9DhuTh9927FH4D8pHckg=
-59,-28,s0hH4AkiYvAR3afHulNajKRZBoo=,mhMlm/57MIX1KmE4ts7DwdiyHa0=
-61,-28,s0hH4AkiYvAR3afHulNajKRZBoo=,5Oju20ju1hbkfZ/DzDo3Qof3/zw=
-61,-29,s0hH4AkiYvAR3afHulNajKRZBoo=,Jpm+Wi+LN3Twm9LI3fs/kOlrdJs=
-60,-29,duLsJPwF6dJgIwcPD/XA39OjH80=,cEpfNXE8FbhosrutkY3IzYnb06s=
-60,-28,duLsJPwF6dJgIwcPD/XA39OjH80=,mhMlm/57MIX1KmE4ts7DwdiyHa0=
-59,-26,duLsJPwF6dJgIwcPD/XA39OjH80=,7DLOQFaMJvY67cPWmMWcdUQThsA=
-61,-27,duLsJPwF6dJgIwcPD/XA39OjH80=,5Oju20ju1hbkfZ/DzDo3Qof3/zw=
-60,-27,duLsJPwF6dJgIwcPD/XA39OjH80=,mhMlm/57MIX1KmE4ts7DwdiyHa0=
-59,-27,LE8yKsM2P9UBIa7GeTkbDKNOP1I=,mhMlm/57MIX1KmE4ts7DwdiyHa0=
-60,-26,LE8yKsM2P9UBIa7GeTkbDKNOP1I=,7DLOQFaMJvY67cPWmMWcdUQThsA=
-61,-26,paxcw9MuO2EivBZtSNGssahY5bo=,yrog79OIF+gh2+7Oawh7FtadUGE=
-58,-27,paxcw9MuO2EivBZtSNGssahY5bo=,5pCG4Au9DhuTh9927FH4D8pHckg=
-58,-26,xNGGvj0kZQ99QcHLhWO0JDaE0sk=,pzRpve8hb2gQb/Kt0qLEPr9kg3w=
-59,-24,xNGGvj0kZQ99QcHLhWO0JDaE0sk=,Y1AIaRB83fFXvO9epKoxbrZ5Yys=
-59,-25,xNGGvj0kZQ99QcHLhWO0JDaE0sk=,7DLOQFaMJvY67cPWmMWcdUQThsA=
-58,-25,xNGGvj0kZQ99QcHLhWO0JDaE0sk=,pzRpve8hb2gQb/Kt0qLEPr9kg3w=
-58,-24,xNGGvj0kZQ99QcHLhWO0JDaE0sk=,SbesaVdwpoEsEEoiGBCBY/DzY9A=
-60,-25,R3xgN2gIR79drNbF3rTcRjG+Uuk=,7DLOQFaMJvY67cPWmMWcdUQThsA=
-61,-24,R3xgN2gIR79drNbF3rTcRjG+Uuk=,+fZXxf7LzWG7iLOgH2GnUITwfAE=
-61,-25,R3xgN2gIR79drNbF3rTcRjG+Uuk=,yrog79OIF+gh2+7Oawh7FtadUGE=
-60,-24,R3xgN2gIR79drNbF3rTcRjG+Uuk=,Y1AIaRB83fFXvO9epKoxbrZ5Yys=
-53,-22,5PahsGkrbpc9d8qQwZ3I6MKlZv8=,m9XKcH1cVB/991GkRdFDvSrBiUE=
-50,-22,5PahsGkrbpc9d8qQwZ3I6MKlZv8=,jK0tPXtJrVf22Vp1VCvmDk0KA40=
-53,-23,5PahsGkrbpc9d8qQwZ3I6MKlZv8=,bA4PDWcX64/FyIltLqsrttqG+NA=
-52,-23,5PahsGkrbpc9d8qQwZ3I6MKlZv8=,bA4PDWcX64/FyIltLqsrttqG+NA=
-50,-23,5PahsGkrbpc9d8qQwZ3I6MKlZv8=,B3nK+ABZ8PdeOt1gUpFz6AbLN6c=
-52,-22,5PahsGkrbpc9d8qQwZ3I6MKlZv8=,8pLlOER7HP2/cp36paKUE6czwlg=
-51,-22,5PahsGkrbpc9d8qQwZ3I6MKlZv8=,8pLlOER7HP2/cp36paKUE6czwlg=
-54,-22,Dks5VyhUbRN54H739TXyTUdRwHY=,m9XKcH1cVB/991GkRdFDvSrBiUE=
-55,-22,Dks5VyhUbRN54H739TXyTUdRwHY=,XJjR0dm8IdybP5iZYgFoB8ZNV4o=
-51,-23,Dks5VyhUbRN54H739TXyTUdRwHY=,bA4PDWcX64/FyIltLqsrttqG+NA=
-53,-21,Dks5VyhUbRN54H739TXyTUdRwHY=,m9XKcH1cVB/991GkRdFDvSrBiUE=
-54,-23,Dks5VyhUbRN54H739TXyTUdRwHY=,bA4PDWcX64/FyIltLqsrttqG+NA=
-55,-23,Dks5VyhUbRN54H739TXyTUdRwHY=,XJjR0dm8IdybP5iZYgFoB8ZNV4o=
-52,-20,Dks5VyhUbRN54H739TXyTUdRwHY=,Qzk16oRefAz/Yq3q2Wc0xYTX1c4=
-53,-20,Dks5VyhUbRN54H739TXyTUdRwHY=,jWhM03os5/rsry7BqnSBOGB2K+I=
-54,-21,Dks5VyhUbRN54H739TXyTUdRwHY=,m9XKcH1cVB/991GkRdFDvSrBiUE=
-55,-20,Dks5VyhUbRN54H739TXyTUdRwHY=,ACE+Pg2Cy3OztHuPg9Rjua4dzCI=
-55,-21,qFljCpMYaadtKA+GIIIOeC5H2Hs=,XJjR0dm8IdybP5iZYgFoB8ZNV4o=
-54,-19,qFljCpMYaadtKA+GIIIOeC5H2Hs=,jWhM03os5/rsry7BqnSBOGB2K+I=
-52,-21,df7aMDpa52oc3R1xIjauLW6HRSE=,8pLlOER7HP2/cp36paKUE6czwlg=
-54,-18,df7aMDpa52oc3R1xIjauLW6HRSE=,fieM6hnNJ0SfTNn8KgYL6aXTFXU=
-55,-18,df7aMDpa52oc3R1xIjauLW6HRSE=,De95EZekkTm2kR2Fu5PZQg/kbtY=
-55,-19,df7aMDpa52oc3R1xIjauLW6HRSE=,ACE+Pg2Cy3OztHuPg9Rjua4dzCI=
-54,-20,df7aMDpa52oc3R1xIjauLW6HRSE=,jWhM03os5/rsry7BqnSBOGB2K+I=
-56,-19,df7aMDpa52oc3R1xIjauLW6HRSE=,ACE+Pg2Cy3OztHuPg9Rjua4dzCI=
-57,-19,df7aMDpa52oc3R1xIjauLW6HRSE=,NbUVfuPCNpyuxUPczXsHbvGuRy0=
-56,-18,df7aMDpa52oc3R1xIjauLW6HRSE=,De95EZekkTm2kR2Fu5PZQg/kbtY=
-56,-20,df7aMDpa52oc3R1xIjauLW6HRSE=,ACE+Pg2Cy3OztHuPg9Rjua4dzCI=
-56,-22,df7aMDpa52oc3R1xIjauLW6HRSE=,XJjR0dm8IdybP5iZYgFoB8ZNV4o=
-59,-23,df7aMDpa52oc3R1xIjauLW6HRSE=,Y1AIaRB83fFXvO9epKoxbrZ5Yys=
-58,-23,df7aMDpa52oc3R1xIjauLW6HRSE=,SbesaVdwpoEsEEoiGBCBY/DzY9A=
-57,-18,df7aMDpa52oc3R1xIjauLW6HRSE=,VyZfo+0o6WDdFKzOVjZvL6zVbgE=
-56,-21,df7aMDpa52oc3R1xIjauLW6HRSE=,XJjR0dm8IdybP5iZYgFoB8ZNV4o=
-57,-20,df7aMDpa52oc3R1xIjauLW6HRSE=,NbUVfuPCNpyuxUPczXsHbvGuRy0=
-56,-23,df7aMDpa52oc3R1xIjauLW6HRSE=,XJjR0dm8IdybP5iZYgFoB8ZNV4o=
-57,-23,df7aMDpa52oc3R1xIjauLW6HRSE=,SbesaVdwpoEsEEoiGBCBY/DzY9A=
-58,-20,df7aMDpa52oc3R1xIjauLW6HRSE=,NbUVfuPCNpyuxUPczXsHbvGuRy0=
-58,-19,df7aMDpa52oc3R1xIjauLW6HRSE=,NbUVfuPCNpyuxUPczXsHbvGuRy0=
-58,-18,df7aMDpa52oc3R1xIjauLW6HRSE=,VyZfo+0o6WDdFKzOVjZvL6zVbgE=
-61,-23,df7aMDpa52oc3R1xIjauLW6HRSE=,+fZXxf7LzWG7iLOgH2GnUITwfAE=
-60,-23,df7aMDpa52oc3R1xIjauLW6HRSE=,Y1AIaRB83fFXvO9epKoxbrZ5Yys=
-59,-22,df7aMDpa52oc3R1xIjauLW6HRSE=,SbesaVdwpoEsEEoiGBCBY/DzY9A=
-60,-21,df7aMDpa52oc3R1xIjauLW6HRSE=,SbesaVdwpoEsEEoiGBCBY/DzY9A=
-57,-21,df7aMDpa52oc3R1xIjauLW6HRSE=,SbesaVdwpoEsEEoiGBCBY/DzY9A=
-59,-20,df7aMDpa52oc3R1xIjauLW6HRSE=,fECcWkGWQOi0f3x5kUMWUBg7xsY=
-60,-20,df7aMDpa52oc3R1xIjauLW6HRSE=,fECcWkGWQOi0f3x5kUMWUBg7xsY=
-61,-18,df7aMDpa52oc3R1xIjauLW6HRSE=,QdmzEKsf9sq/LnKBwaTARP4qSYE=
-62,-18,df7aMDpa52oc3R1xIjauLW6HRSE=,QdmzEKsf9sq/LnKBwaTARP4qSYE=
-61,-19,df7aMDpa52oc3R1xIjauLW6HRSE=,mk/Vhq/+QZKIQgI8qkIPGk3cqFQ=
-62,-23,df7aMDpa52oc3R1xIjauLW6HRSE=,+fZXxf7LzWG7iLOgH2GnUITwfAE=
-63,-20,df7aMDpa52oc3R1xIjauLW6HRSE=,AP1dFAmUfKoNdStO41/7qLbDwjA=
-62,-19,df7aMDpa52oc3R1xIjauLW6HRSE=,mk/Vhq/+QZKIQgI8qkIPGk3cqFQ=
-63,-22,df7aMDpa52oc3R1xIjauLW6HRSE=,Xnm5Q4m35Qfeo8tM1T6sfuMMqYY=
-62,-24,df7aMDpa52oc3R1xIjauLW6HRSE=,+fZXxf7LzWG7iLOgH2GnUITwfAE=
-62,-25,df7aMDpa52oc3R1xIjauLW6HRSE=,yrog79OIF+gh2+7Oawh7FtadUGE=
-57,-22,df7aMDpa52oc3R1xIjauLW6HRSE=,SbesaVdwpoEsEEoiGBCBY/DzY9A=
-59,-19,df7aMDpa52oc3R1xIjauLW6HRSE=,fECcWkGWQOi0f3x5kUMWUBg7xsY=
-58,-21,df7aMDpa52oc3R1xIjauLW6HRSE=,SbesaVdwpoEsEEoiGBCBY/DzY9A=
-62,-26,df7aMDpa52oc3R1xIjauLW6HRSE=,yrog79OIF+gh2+7Oawh7FtadUGE=
-62,-27,df7aMDpa52oc3R1xIjauLW6HRSE=,5Oju20ju1hbkfZ/DzDo3Qof3/zw=
-61,-20,df7aMDpa52oc3R1xIjauLW6HRSE=,mk/Vhq/+QZKIQgI8qkIPGk3cqFQ=
-62,-28,df7aMDpa52oc3R1xIjauLW6HRSE=,5Oju20ju1hbkfZ/DzDo3Qof3/zw=
-62,-29,df7aMDpa52oc3R1xIjauLW6HRSE=,Jpm+Wi+LN3Twm9LI3fs/kOlrdJs=
-62,-20,df7aMDpa52oc3R1xIjauLW6HRSE=,mk/Vhq/+QZKIQgI8qkIPGk3cqFQ=
-63,-23,df7aMDpa52oc3R1xIjauLW6HRSE=,4gYA9jKY+q+jRqqkxBNyRCYA/Bc=
-60,-18,df7aMDpa52oc3R1xIjauLW6HRSE=,9IcXXlfHtiX6MTCk4gtoTlK+CDg=
-62,-30,df7aMDpa52oc3R1xIjauLW6HRSE=,Jpm+Wi+LN3Twm9LI3fs/kOlrdJs=
-58,-22,df7aMDpa52oc3R1xIjauLW6HRSE=,SbesaVdwpoEsEEoiGBCBY/DzY9A=
-61,-30,df7aMDpa52oc3R1xIjauLW6HRSE=,Jpm+Wi+LN3Twm9LI3fs/kOlrdJs=
-59,-30,df7aMDpa52oc3R1xIjauLW6HRSE=,cEpfNXE8FbhosrutkY3IzYnb06s=
-60,-30,df7aMDpa52oc3R1xIjauLW6HRSE=,cEpfNXE8FbhosrutkY3IzYnb06s=
-63,-21,df7aMDpa52oc3R1xIjauLW6HRSE=,Xnm5Q4m35Qfeo8tM1T6sfuMMqYY=
-60,-22,df7aMDpa52oc3R1xIjauLW6HRSE=,SbesaVdwpoEsEEoiGBCBY/DzY9A=
-58,-30,df7aMDpa52oc3R1xIjauLW6HRSE=,qVnfwRVKdla4YM/F5+sQDjz9p/0=
-62,-22,df7aMDpa52oc3R1xIjauLW6HRSE=,24+t8BNcqyVDHlmNrbfhgEC68Fo=
-61,-22,df7aMDpa52oc3R1xIjauLW6HRSE=,24+t8BNcqyVDHlmNrbfhgEC68Fo=
-63,-24,df7aMDpa52oc3R1xIjauLW6HRSE=,4gYA9jKY+q+jRqqkxBNyRCYA/Bc=
-59,-21,df7aMDpa52oc3R1xIjauLW6HRSE=,SbesaVdwpoEsEEoiGBCBY/DzY9A=
-63,-26,df7aMDpa52oc3R1xIjauLW6HRSE=,SvZ/8LiKcUdz9r4LIikvezZoVrY=
-63,-25,df7aMDpa52oc3R1xIjauLW6HRSE=,SvZ/8LiKcUdz9r4LIikvezZoVrY=
-57,-30,df7aMDpa52oc3R1xIjauLW6HRSE=,qVnfwRVKdla4YM/F5+sQDjz9p/0=
-59,-18,df7aMDpa52oc3R1xIjauLW6HRSE=,9IcXXlfHtiX6MTCk4gtoTlK+CDg=
-63,-27,df7aMDpa52oc3R1xIjauLW6HRSE=,e3aksCLSEvC/JMnYUA/A6wEjuJw=
-61,-21,df7aMDpa52oc3R1xIjauLW6HRSE=,24+t8BNcqyVDHlmNrbfhgEC68Fo=
-62,-31,df7aMDpa52oc3R1xIjauLW6HRSE=,toi6LfjQyK5K/TW32wJCylFoZFs=
-63,-28,df7aMDpa52oc3R1xIjauLW6HRSE=,e3aksCLSEvC/JMnYUA/A6wEjuJw=
-62,-21,df7aMDpa52oc3R1xIjauLW6HRSE=,24+t8BNcqyVDHlmNrbfhgEC68Fo=
-63,-29,df7aMDpa52oc3R1xIjauLW6HRSE=,tEKUp++C6PoCZjMih44ubd9LpFA=
-63,-31,df7aMDpa52oc3R1xIjauLW6HRSE=,tEKUp++C6PoCZjMih44ubd9LpFA=
-63,-30,df7aMDpa52oc3R1xIjauLW6HRSE=,tEKUp++C6PoCZjMih44ubd9LpFA=
-63,-18,df7aMDpa52oc3R1xIjauLW6HRSE=,bcKB5qkfSxv6BbhimhKltHTup14=
-60,-19,df7aMDpa52oc3R1xIjauLW6HRSE=,fECcWkGWQOi0f3x5kUMWUBg7xsY=
-60,-31,df7aMDpa52oc3R1xIjauLW6HRSE=,STQSVjonKqq5nO1zxMjqLzvJhyg=
-63,-19,df7aMDpa52oc3R1xIjauLW6HRSE=,AP1dFAmUfKoNdStO41/7qLbDwjA=
-56,-31,df7aMDpa52oc3R1xIjauLW6HRSE=,IK+VNyPzTMmY9DnkDOogky1OUuk=
-58,-31,df7aMDpa52oc3R1xIjauLW6HRSE=,v332OiF4bN+QloqhVQgvS2ONQy8=
-54,-31,df7aMDpa52oc3R1xIjauLW6HRSE=,i76qZw+jnB2CIoTxBM7EI4BIykI=
-51,-24,df7aMDpa52oc3R1xIjauLW6HRSE=,bA4PDWcX64/FyIltLqsrttqG+NA=
-57,-31,df7aMDpa52oc3R1xIjauLW6HRSE=,v332OiF4bN+QloqhVQgvS2ONQy8=
-54,-30,df7aMDpa52oc3R1xIjauLW6HRSE=,+H4GKdsJjMG4uaNRCd7/d0bQL1Y=
-61,-31,df7aMDpa52oc3R1xIjauLW6HRSE=,toi6LfjQyK5K/TW32wJCylFoZFs=
-50,-24,df7aMDpa52oc3R1xIjauLW6HRSE=,B3nK+ABZ8PdeOt1gUpFz6AbLN6c=
-53,-24,df7aMDpa52oc3R1xIjauLW6HRSE=,bA4PDWcX64/FyIltLqsrttqG+NA=
-55,-31,df7aMDpa52oc3R1xIjauLW6HRSE=,IK+VNyPzTMmY9DnkDOogky1OUuk=
-52,-24,df7aMDpa52oc3R1xIjauLW6HRSE=,bA4PDWcX64/FyIltLqsrttqG+NA=
-55,-30,df7aMDpa52oc3R1xIjauLW6HRSE=,QQsUmlQnfwvaoKUDJbtVVGcEi1Y=
-52,-31,df7aMDpa52oc3R1xIjauLW6HRSE=,lB4TYqKP7q0zjDows+0DKmNFDos=
-56,-24,df7aMDpa52oc3R1xIjauLW6HRSE=,XJjR0dm8IdybP5iZYgFoB8ZNV4o=
-59,-31,df7aMDpa52oc3R1xIjauLW6HRSE=,STQSVjonKqq5nO1zxMjqLzvJhyg=
-54,-24,df7aMDpa52oc3R1xIjauLW6HRSE=,bA4PDWcX64/FyIltLqsrttqG+NA=
-52,-30,df7aMDpa52oc3R1xIjauLW6HRSE=,iO24NLwO2OVPLnLQAWRoHuyexx8=
-57,-25,df7aMDpa52oc3R1xIjauLW6HRSE=,pzRpve8hb2gQb/Kt0qLEPr9kg3w=
-53,-30,df7aMDpa52oc3R1xIjauLW6HRSE=,+H4GKdsJjMG4uaNRCd7/d0bQL1Y=
-57,-24,df7aMDpa52oc3R1xIjauLW6HRSE=,SbesaVdwpoEsEEoiGBCBY/DzY9A=
-50,-31,df7aMDpa52oc3R1xIjauLW6HRSE=,BxKZcmu6Y2zx4Gg0nCn2lVSh+xU=
-51,-30,df7aMDpa52oc3R1xIjauLW6HRSE=,iO24NLwO2OVPLnLQAWRoHuyexx8=
-53,-18,df7aMDpa52oc3R1xIjauLW6HRSE=,fieM6hnNJ0SfTNn8KgYL6aXTFXU=
-53,-31,df7aMDpa52oc3R1xIjauLW6HRSE=,i76qZw+jnB2CIoTxBM7EI4BIykI=
-50,-30,df7aMDpa52oc3R1xIjauLW6HRSE=,TQz+5PwpXCTsbuCt6CesKmZAuHw=
-55,-24,df7aMDpa52oc3R1xIjauLW6HRSE=,XJjR0dm8IdybP5iZYgFoB8ZNV4o=
-57,-28,df7aMDpa52oc3R1xIjauLW6HRSE=,5pCG4Au9DhuTh9927FH4D8pHckg=
-51,-25,df7aMDpa52oc3R1xIjauLW6HRSE=,lTvjaoXEqz0ojdML1pA3Me1VhjM=
-57,-29,df7aMDpa52oc3R1xIjauLW6HRSE=,qVnfwRVKdla4YM/F5+sQDjz9p/0=
-53,-19,df7aMDpa52oc3R1xIjauLW6HRSE=,jWhM03os5/rsry7BqnSBOGB2K+I=
-57,-27,df7aMDpa52oc3R1xIjauLW6HRSE=,5pCG4Au9DhuTh9927FH4D8pHckg=
-52,-19,df7aMDpa52oc3R1xIjauLW6HRSE=,Qzk16oRefAz/Yq3q2Wc0xYTX1c4=
-56,-30,df7aMDpa52oc3R1xIjauLW6HRSE=,QQsUmlQnfwvaoKUDJbtVVGcEi1Y=
-57,-26,df7aMDpa52oc3R1xIjauLW6HRSE=,pzRpve8hb2gQb/Kt0qLEPr9kg3w=
-52,-29,df7aMDpa52oc3R1xIjauLW6HRSE=,iO24NLwO2OVPLnLQAWRoHuyexx8=
-51,-31,df7aMDpa52oc3R1xIjauLW6HRSE=,lB4TYqKP7q0zjDows+0DKmNFDos=
-50,-28,df7aMDpa52oc3R1xIjauLW6HRSE=,vtOOsAUgd0mjWbmPoeV+aKP8Gn4=
-56,-29,df7aMDpa52oc3R1xIjauLW6HRSE=,QQsUmlQnfwvaoKUDJbtVVGcEi1Y=
-50,-26,df7aMDpa52oc3R1xIjauLW6HRSE=,2NFtbqeofoTJbO4xaKfvPoyx3Ug=
-51,-26,df7aMDpa52oc3R1xIjauLW6HRSE=,lTvjaoXEqz0ojdML1pA3Me1VhjM=
-51,-28,df7aMDpa52oc3R1xIjauLW6HRSE=,pxOw2RdfK1vr34TY/VUrLgqvcs0=
-50,-25,df7aMDpa52oc3R1xIjauLW6HRSE=,2NFtbqeofoTJbO4xaKfvPoyx3Ug=
-53,-29,df7aMDpa52oc3R1xIjauLW6HRSE=,+H4GKdsJjMG4uaNRCd7/d0bQL1Y=
-49,-23,df7aMDpa52oc3R1xIjauLW6HRSE=,B3nK+ABZ8PdeOt1gUpFz6AbLN6c=
-50,-27,df7aMDpa52oc3R1xIjauLW6HRSE=,vtOOsAUgd0mjWbmPoeV+aKP8Gn4=
-52,-26,df7aMDpa52oc3R1xIjauLW6HRSE=,lTvjaoXEqz0ojdML1pA3Me1VhjM=
-54,-29,df7aMDpa52oc3R1xIjauLW6HRSE=,+H4GKdsJjMG4uaNRCd7/d0bQL1Y=
-52,-25,df7aMDpa52oc3R1xIjauLW6HRSE=,lTvjaoXEqz0ojdML1pA3Me1VhjM=
-49,-22,df7aMDpa52oc3R1xIjauLW6HRSE=,jK0tPXtJrVf22Vp1VCvmDk0KA40=
-50,-29,df7aMDpa52oc3R1xIjauLW6HRSE=,TQz+5PwpXCTsbuCt6CesKmZAuHw=
-55,-29,df7aMDpa52oc3R1xIjauLW6HRSE=,QQsUmlQnfwvaoKUDJbtVVGcEi1Y=
-51,-29,df7aMDpa52oc3R1xIjauLW6HRSE=,iO24NLwO2OVPLnLQAWRoHuyexx8=
-49,-24,df7aMDpa52oc3R1xIjauLW6HRSE=,B3nK+ABZ8PdeOt1gUpFz6AbLN6c=
-49,-27,df7aMDpa52oc3R1xIjauLW6HRSE=,vtOOsAUgd0mjWbmPoeV+aKP8Gn4=
-49,-31,df7aMDpa52oc3R1xIjauLW6HRSE=,BxKZcmu6Y2zx4Gg0nCn2lVSh+xU=
-49,-26,df7aMDpa52oc3R1xIjauLW6HRSE=,2NFtbqeofoTJbO4xaKfvPoyx3Ug=
-55,-25,df7aMDpa52oc3R1xIjauLW6HRSE=,v+BYXja3DKiyDAUavtKEPTVX1IY=
-56,-25,df7aMDpa52oc3R1xIjauLW6HRSE=,v+BYXja3DKiyDAUavtKEPTVX1IY=
-52,-18,df7aMDpa52oc3R1xIjauLW6HRSE=,VaoWpgCOgiDv5IfCHIDPBJp86LA=
-49,-28,df7aMDpa52oc3R1xIjauLW6HRSE=,vtOOsAUgd0mjWbmPoeV+aKP8Gn4=
-49,-29,df7aMDpa52oc3R1xIjauLW6HRSE=,TQz+5PwpXCTsbuCt6CesKmZAuHw=
-49,-25,df7aMDpa52oc3R1xIjauLW6HRSE=,2NFtbqeofoTJbO4xaKfvPoyx3Ug=
-49,-30,df7aMDpa52oc3R1xIjauLW6HRSE=,TQz+5PwpXCTsbuCt6CesKmZAuHw=
-49,-21,df7aMDpa52oc3R1xIjauLW6HRSE=,jK0tPXtJrVf22Vp1VCvmDk0KA40=
-51,-21,df7aMDpa52oc3R1xIjauLW6HRSE=,8pLlOER7HP2/cp36paKUE6czwlg=
-51,-20,df7aMDpa52oc3R1xIjauLW6HRSE=,Qzk16oRefAz/Yq3q2Wc0xYTX1c4=
-50,-21,df7aMDpa52oc3R1xIjauLW6HRSE=,jK0tPXtJrVf22Vp1VCvmDk0KA40=
-51,-18,df7aMDpa52oc3R1xIjauLW6HRSE=,VaoWpgCOgiDv5IfCHIDPBJp86LA=
-54,-25,df7aMDpa52oc3R1xIjauLW6HRSE=,hQyJyYer2B/ZNtMQ+UQ9sCU16pk=
-56,-27,df7aMDpa52oc3R1xIjauLW6HRSE=,+PW8HSOtR/sV+0Lj+Zh9wE4S4d4=
-53,-32,df7aMDpa52oc3R1xIjauLW6HRSE=,i76qZw+jnB2CIoTxBM7EI4BIykI=
-51,-19,df7aMDpa52oc3R1xIjauLW6HRSE=,Qzk16oRefAz/Yq3q2Wc0xYTX1c4=
-51,-32,df7aMDpa52oc3R1xIjauLW6HRSE=,lB4TYqKP7q0zjDows+0DKmNFDos=
-50,-32,df7aMDpa52oc3R1xIjauLW6HRSE=,BxKZcmu6Y2zx4Gg0nCn2lVSh+xU=
-54,-28,df7aMDpa52oc3R1xIjauLW6HRSE=,D8ZpXT0ADi7r7mwtsZBy/yHKNJM=
-52,-32,df7aMDpa52oc3R1xIjauLW6HRSE=,lB4TYqKP7q0zjDows+0DKmNFDos=
-53,-25,df7aMDpa52oc3R1xIjauLW6HRSE=,hQyJyYer2B/ZNtMQ+UQ9sCU16pk=
-58,-32,df7aMDpa52oc3R1xIjauLW6HRSE=,v332OiF4bN+QloqhVQgvS2ONQy8=
-56,-32,df7aMDpa52oc3R1xIjauLW6HRSE=,IK+VNyPzTMmY9DnkDOogky1OUuk=
-57,-32,df7aMDpa52oc3R1xIjauLW6HRSE=,v332OiF4bN+QloqhVQgvS2ONQy8=
-60,-32,df7aMDpa52oc3R1xIjauLW6HRSE=,STQSVjonKqq5nO1zxMjqLzvJhyg=
-54,-32,df7aMDpa52oc3R1xIjauLW6HRSE=,i76qZw+jnB2CIoTxBM7EI4BIykI=
-59,-32,df7aMDpa52oc3R1xIjauLW6HRSE=,STQSVjonKqq5nO1zxMjqLzvJhyg=
-55,-32,df7aMDpa52oc3R1xIjauLW6HRSE=,IK+VNyPzTMmY9DnkDOogky1OUuk=
-63,-32,df7aMDpa52oc3R1xIjauLW6HRSE=,tEKUp++C6PoCZjMih44ubd9LpFA=
-64,-31,df7aMDpa52oc3R1xIjauLW6HRSE=,tEKUp++C6PoCZjMih44ubd9LpFA=
-64,-27,df7aMDpa52oc3R1xIjauLW6HRSE=,e3aksCLSEvC/JMnYUA/A6wEjuJw=
-64,-32,df7aMDpa52oc3R1xIjauLW6HRSE=,tEKUp++C6PoCZjMih44ubd9LpFA=
-64,-29,df7aMDpa52oc3R1xIjauLW6HRSE=,tEKUp++C6PoCZjMih44ubd9LpFA=
-61,-32,df7aMDpa52oc3R1xIjauLW6HRSE=,toi6LfjQyK5K/TW32wJCylFoZFs=
-64,-26,df7aMDpa52oc3R1xIjauLW6HRSE=,SvZ/8LiKcUdz9r4LIikvezZoVrY=
-51,-27,df7aMDpa52oc3R1xIjauLW6HRSE=,pxOw2RdfK1vr34TY/VUrLgqvcs0=
-56,-17,df7aMDpa52oc3R1xIjauLW6HRSE=,De95EZekkTm2kR2Fu5PZQg/kbtY=
-55,-17,df7aMDpa52oc3R1xIjauLW6HRSE=,De95EZekkTm2kR2Fu5PZQg/kbtY=
-54,-17,df7aMDpa52oc3R1xIjauLW6HRSE=,fieM6hnNJ0SfTNn8KgYL6aXTFXU=
-53,-17,df7aMDpa52oc3R1xIjauLW6HRSE=,fieM6hnNJ0SfTNn8KgYL6aXTFXU=
-52,-17,df7aMDpa52oc3R1xIjauLW6HRSE=,VaoWpgCOgiDv5IfCHIDPBJp86LA=
-62,-32,df7aMDpa52oc3R1xIjauLW6HRSE=,toi6LfjQyK5K/TW32wJCylFoZFs=
-64,-30,df7aMDpa52oc3R1xIjauLW6HRSE=,tEKUp++C6PoCZjMih44ubd9LpFA=
-64,-28,df7aMDpa52oc3R1xIjauLW6HRSE=,e3aksCLSEvC/JMnYUA/A6wEjuJw=
-57,-17,df7aMDpa52oc3R1xIjauLW6HRSE=,VyZfo+0o6WDdFKzOVjZvL6zVbgE=
-64,-20,df7aMDpa52oc3R1xIjauLW6HRSE=,AP1dFAmUfKoNdStO41/7qLbDwjA=
-64,-21,df7aMDpa52oc3R1xIjauLW6HRSE=,Xnm5Q4m35Qfeo8tM1T6sfuMMqYY=
-64,-18,df7aMDpa52oc3R1xIjauLW6HRSE=,bcKB5qkfSxv6BbhimhKltHTup14=
-64,-22,df7aMDpa52oc3R1xIjauLW6HRSE=,Xnm5Q4m35Qfeo8tM1T6sfuMMqYY=
-64,-24,df7aMDpa52oc3R1xIjauLW6HRSE=,4gYA9jKY+q+jRqqkxBNyRCYA/Bc=
-64,-19,df7aMDpa52oc3R1xIjauLW6HRSE=,AP1dFAmUfKoNdStO41/7qLbDwjA=
-64,-23,df7aMDpa52oc3R1xIjauLW6HRSE=,4gYA9jKY+q+jRqqkxBNyRCYA/Bc=
-58,-17,df7aMDpa52oc3R1xIjauLW6HRSE=,VyZfo+0o6WDdFKzOVjZvL6zVbgE=
-49,-32,df7aMDpa52oc3R1xIjauLW6HRSE=,BxKZcmu6Y2zx4Gg0nCn2lVSh+xU=
-62,-17,df7aMDpa52oc3R1xIjauLW6HRSE=,QdmzEKsf9sq/LnKBwaTARP4qSYE=
-64,-25,df7aMDpa52oc3R1xIjauLW6HRSE=,SvZ/8LiKcUdz9r4LIikvezZoVrY=
-59,-17,df7aMDpa52oc3R1xIjauLW6HRSE=,9IcXXlfHtiX6MTCk4gtoTlK+CDg=
-60,-17,df7aMDpa52oc3R1xIjauLW6HRSE=,9IcXXlfHtiX6MTCk4gtoTlK+CDg=
-64,-17,df7aMDpa52oc3R1xIjauLW6HRSE=,bcKB5qkfSxv6BbhimhKltHTup14=
-63,-17,df7aMDpa52oc3R1xIjauLW6HRSE=,bcKB5qkfSxv6BbhimhKltHTup14=
-61,-17,df7aMDpa52oc3R1xIjauLW6HRSE=,QdmzEKsf9sq/LnKBwaTARP4qSYE=
-55,-28,df7aMDpa52oc3R1xIjauLW6HRSE=,+PW8HSOtR/sV+0Lj+Zh9wE4S4d4=
-56,-28,df7aMDpa52oc3R1xIjauLW6HRSE=,+PW8HSOtR/sV+0Lj+Zh9wE4S4d4=
-56,-26,df7aMDpa52oc3R1xIjauLW6HRSE=,v+BYXja3DKiyDAUavtKEPTVX1IY=
-53,-28,df7aMDpa52oc3R1xIjauLW6HRSE=,D8ZpXT0ADi7r7mwtsZBy/yHKNJM=
-54,-26,df7aMDpa52oc3R1xIjauLW6HRSE=,hQyJyYer2B/ZNtMQ+UQ9sCU16pk=
-53,-26,df7aMDpa52oc3R1xIjauLW6HRSE=,hQyJyYer2B/ZNtMQ+UQ9sCU16pk=
-52,-28,df7aMDpa52oc3R1xIjauLW6HRSE=,pxOw2RdfK1vr34TY/VUrLgqvcs0=
-53,-27,df7aMDpa52oc3R1xIjauLW6HRSE=,D8ZpXT0ADi7r7mwtsZBy/yHKNJM=
-54,-27,df7aMDpa52oc3R1xIjauLW6HRSE=,D8ZpXT0ADi7r7mwtsZBy/yHKNJM=
-50,-20,df7aMDpa52oc3R1xIjauLW6HRSE=,BbbljKtVH0XsJAVNyHC+PTk3j+I=
-50,-19,df7aMDpa52oc3R1xIjauLW6HRSE=,BbbljKtVH0XsJAVNyHC+PTk3j+I=
-52,-27,df7aMDpa52oc3R1xIjauLW6HRSE=,pxOw2RdfK1vr34TY/VUrLgqvcs0=
-50,-17,df7aMDpa52oc3R1xIjauLW6HRSE=,+gfIV8GclgnesTxbmksL1qWU0uQ=
-49,-19,df7aMDpa52oc3R1xIjauLW6HRSE=,BbbljKtVH0XsJAVNyHC+PTk3j+I=
-50,-18,df7aMDpa52oc3R1xIjauLW6HRSE=,+gfIV8GclgnesTxbmksL1qWU0uQ=
-49,-18,df7aMDpa52oc3R1xIjauLW6HRSE=,+gfIV8GclgnesTxbmksL1qWU0uQ=
-49,-20,df7aMDpa52oc3R1xIjauLW6HRSE=,BbbljKtVH0XsJAVNyHC+PTk3j+I=
-51,-17,df7aMDpa52oc3R1xIjauLW6HRSE=,VaoWpgCOgiDv5IfCHIDPBJp86LA=
-55,-27,df7aMDpa52oc3R1xIjauLW6HRSE=,+PW8HSOtR/sV+0Lj+Zh9wE4S4d4=
-55,-26,df7aMDpa52oc3R1xIjauLW6HRSE=,v+BYXja3DKiyDAUavtKEPTVX1IY=
-49,-17,df7aMDpa52oc3R1xIjauLW6HRSE=,+gfIV8GclgnesTxbmksL1qWU0uQ=
-51,-14,df7aMDpa52oc3R1xIjauLW6HRSE=,/oML1CWTgHdu/QVlkw8sGXWQHqU=
-49,-14,h151/VFra2LNF40G4oQZ9CRyj+I=,M16p8xCZbXxOPpJ57wzs3an10Zc=
-49,-16,h151/VFra2LNF40G4oQZ9CRyj+I=,M16p8xCZbXxOPpJ57wzs3an10Zc=
-49,-15,h151/VFra2LNF40G4oQZ9CRyj+I=,M16p8xCZbXxOPpJ57wzs3an10Zc=
-50,-15,h151/VFra2LNF40G4oQZ9CRyj+I=,M16p8xCZbXxOPpJ57wzs3an10Zc=
-64,-15,h151/VFra2LNF40G4oQZ9CRyj+I=,elvyE1PxByfiT1boN77lMn7SZH0=
-64,-14,h151/VFra2LNF40G4oQZ9CRyj+I=,Lc6UFSsIQ8SZBxn+nnbBARDIAgo=
-60,-13,h151/VFra2LNF40G4oQZ9CRyj+I=,jx3n6VrPzsSZVAsnwHYzsTeQe/I=
-58,-15,h151/VFra2LNF40G4oQZ9CRyj+I=,ulKF5t0SSDmcqr5TetxoL1pX9QA=
-57,-15,h151/VFra2LNF40G4oQZ9CRyj+I=,ulKF5t0SSDmcqr5TetxoL1pX9QA=
-63,-16,h151/VFra2LNF40G4oQZ9CRyj+I=,elvyE1PxByfiT1boN77lMn7SZH0=
-61,-13,h151/VFra2LNF40G4oQZ9CRyj+I=,chFEVdyNGk9CC5hAWIhOLHUYBvU=
-64,-13,h151/VFra2LNF40G4oQZ9CRyj+I=,Lc6UFSsIQ8SZBxn+nnbBARDIAgo=
-61,-14,h151/VFra2LNF40G4oQZ9CRyj+I=,chFEVdyNGk9CC5hAWIhOLHUYBvU=
-59,-14,h151/VFra2LNF40G4oQZ9CRyj+I=,jx3n6VrPzsSZVAsnwHYzsTeQe/I=
-60,-14,h151/VFra2LNF40G4oQZ9CRyj+I=,jx3n6VrPzsSZVAsnwHYzsTeQe/I=
-63,-13,h151/VFra2LNF40G4oQZ9CRyj+I=,Lc6UFSsIQ8SZBxn+nnbBARDIAgo=
-50,-14,h151/VFra2LNF40G4oQZ9CRyj+I=,M16p8xCZbXxOPpJ57wzs3an10Zc=
-50,-16,h151/VFra2LNF40G4oQZ9CRyj+I=,M16p8xCZbXxOPpJ57wzs3an10Zc=
-64,-16,h151/VFra2LNF40G4oQZ9CRyj+I=,elvyE1PxByfiT1boN77lMn7SZH0=
-56,-16,h151/VFra2LNF40G4oQZ9CRyj+I=,kuKPG2MvPC5BflqJ2IdNkEEzabk=
-62,-13,h151/VFra2LNF40G4oQZ9CRyj+I=,chFEVdyNGk9CC5hAWIhOLHUYBvU=
-51,-15,h151/VFra2LNF40G4oQZ9CRyj+I=,NZ2dwhy/dZY574aKgdFlN35Fjhk=
-56,-15,h151/VFra2LNF40G4oQZ9CRyj+I=,kuKPG2MvPC5BflqJ2IdNkEEzabk=
-51,-16,h151/VFra2LNF40G4oQZ9CRyj+I=,NZ2dwhy/dZY574aKgdFlN35Fjhk=
-52,-16,h151/VFra2LNF40G4oQZ9CRyj+I=,NZ2dwhy/dZY574aKgdFlN35Fjhk=
-59,-13,h151/VFra2LNF40G4oQZ9CRyj+I=,jx3n6VrPzsSZVAsnwHYzsTeQe/I=
-55,-16,h151/VFra2LNF40G4oQZ9CRyj+I=,kuKPG2MvPC5BflqJ2IdNkEEzabk=
-63,-15,h151/VFra2LNF40G4oQZ9CRyj+I=,elvyE1PxByfiT1boN77lMn7SZH0=
-62,-14,h151/VFra2LNF40G4oQZ9CRyj+I=,chFEVdyNGk9CC5hAWIhOLHUYBvU=
-63,-14,h151/VFra2LNF40G4oQZ9CRyj+I=,Lc6UFSsIQ8SZBxn+nnbBARDIAgo=
-58,-16,h151/VFra2LNF40G4oQZ9CRyj+I=,ulKF5t0SSDmcqr5TetxoL1pX9QA=
-60,-16,h151/VFra2LNF40G4oQZ9CRyj+I=,jx3n6VrPzsSZVAsnwHYzsTeQe/I=
-59,-15,h151/VFra2LNF40G4oQZ9CRyj+I=,jx3n6VrPzsSZVAsnwHYzsTeQe/I=
-59,-16,h151/VFra2LNF40G4oQZ9CRyj+I=,jx3n6VrPzsSZVAsnwHYzsTeQe/I=
-62,-15,h151/VFra2LNF40G4oQZ9CRyj+I=,t1yorRqhOoCu//k3iIC0bLsJhb4=
-62,-16,h151/VFra2LNF40G4oQZ9CRyj+I=,t1yorRqhOoCu//k3iIC0bLsJhb4=
-57,-16,h151/VFra2LNF40G4oQZ9CRyj+I=,ulKF5t0SSDmcqr5TetxoL1pX9QA=
-61,-16,h151/VFra2LNF40G4oQZ9CRyj+I=,t1yorRqhOoCu//k3iIC0bLsJhb4=
-61,-15,h151/VFra2LNF40G4oQZ9CRyj+I=,t1yorRqhOoCu//k3iIC0bLsJhb4=
-60,-15,h151/VFra2LNF40G4oQZ9CRyj+I=,jx3n6VrPzsSZVAsnwHYzsTeQe/I=
