-18,5,WMqX+JwFFo1FdjJUFYl9EdgbQl4=,TZFPBDB6w+rPO5yCSsDNxjhqfcY=
-18,6,WMqX+JwFFo1FdjJUFYl9EdgbQl4=,cOPGM4RJCYTMD0YLzNmrzh2j8Ro=
-19,5,WMqX+JwFFo1FdjJUFYl9EdgbQl4=,TZH0sRaUhUVATMuZylDsmZ3AFk8=
-19,6,WMqX+JwFFo1FdjJUFYl9EdgbQl4=,KQIZoVioiI+AAk1TzcQEuwOwq4I=
-21,6,OSZJN9slr7OENb9M85PQg9+zdoM=,Pst1nPIFbt1/aWbAX/LihRdG89k=
-21,5,OSZJN9slr7OENb9M85PQg9+zdoM=,X+t1CXurz3x6yXDg8ZaS0gvKwtU=
-20,5,OSZJN9slr7OENb9M85PQg9+zdoM=,TZH0sRaUhUVATMuZylDsmZ3AFk8=
-20,6,OSZJN9slr7OENb9M85PQg9+zdoM=,KQIZoVioiI+AAk1TzcQEuwOwq4I=
-21,7,OSZJN9slr7OENb9M85PQg9+zdoM=,Pst1nPIFbt1/aWbAX/LihRdG89k=
-20,8,OSZJN9slr7OENb9M85PQg9+zdoM=,yq+fE342pYgwJz+3N2MqsXT7Zd8=
-20,7,OSZJN9slr7OENb9M85PQg9+zdoM=,KQIZoVioiI+AAk1TzcQEuwOwq4I=
-21,8,OSZJN9slr7OENb9M85PQg9+zdoM=,x+bDCV11UkTXJ51xN+Egpg1Im88=
-23,7,OSZJN9slr7OENb9M85PQg9+zdoM=,Up7GrCaXCZgBPjXhF8CtNJHUPhY=
-22,7,OSZJN9slr7OENb9M85PQg9+zdoM=,Pst1nPIFbt1/aWbAX/LihRdG89k=
-23,8,OSZJN9slr7OENb9M85PQg9+zdoM=,PFC3ZcbUKOjthoT1KuGJvyIJ/eA=
-22,8,5rdWg9+SpZUKgQqeey6tXBUGubs=,x+bDCV11UkTXJ51xN+Egpg1Im88=
-25,7,5rdWg9+SpZUKgQqeey6tXBUGubs=,P8vgGDLgHb4+PZZz6Xad9oJiP2I=
-24,7,5rdWg9+SpZUKgQqeey6tXBUGubs=,Up7GrCaXCZgBPjXhF8CtNJHUPhY=
-24,8,Uw9qv5EOVEd1IZEW82gKhA2Lft8=,PFC3ZcbUKOjthoT1KuGJvyIJ/eA=
-24,9,Uw9qv5EOVEd1IZEW82gKhA2Lft8=,PFC3ZcbUKOjthoT1KuGJvyIJ/eA=
-24,10,LYXuqx19Ka8isZiLfKE5rBbM6I8=,3f9rSJUuwbmt5eNpcToFyjKcPec=
-25,9,LYXuqx19Ka8isZiLfKE5rBbM6I8=,1wIvpeUxKg644kfLj1fwsIh4bpw=
-25,8,LYXuqx19Ka8isZiLfKE5rBbM6I8=,1wIvpeUxKg644kfLj1fwsIh4bpw=
-25,10,LYXuqx19Ka8isZiLfKE5rBbM6I8=,78GWQb6iGq527ITBI+3sBh7S2wA=
-22,10,LYXuqx19Ka8isZiLfKE5rBbM6I8=,WpNMbQRDxlPeEk9jD3H0qMPyxDg=
-23,10,LYXuqx19Ka8isZiLfKE5rBbM6I8=,3f9rSJUuwbmt5eNpcToFyjKcPec=
-23,9,LYXuqx19Ka8isZiLfKE5rBbM6I8=,PFC3ZcbUKOjthoT1KuGJvyIJ/eA=
-22,9,LYXuqx19Ka8isZiLfKE5rBbM6I8=,x+bDCV11UkTXJ51xN+Egpg1Im88=
-19,11,LYXuqx19Ka8isZiLfKE5rBbM6I8=,d6h5ls4rmdSRsQK/A61hnD3VKL4=
-18,12,LYXuqx19Ka8isZiLfKE5rBbM6I8=,Wtpy0LXA+zUUVjGmuVdl4eGhmnU=
-19,12,LYXuqx19Ka8isZiLfKE5rBbM6I8=,BjtC/2u2pxwQGsbl7/YthCTefr8=
-18,11,LYXuqx19Ka8isZiLfKE5rBbM6I8=,bk/JCo/bFYi/qz2XJAi+fYJcq+w=
-21,9,LYXuqx19Ka8isZiLfKE5rBbM6I8=,x+bDCV11UkTXJ51xN+Egpg1Im88=
-20,10,LYXuqx19Ka8isZiLfKE5rBbM6I8=,d6h5ls4rmdSRsQK/A61hnD3VKL4=
-20,9,LYXuqx19Ka8isZiLfKE5rBbM6I8=,yq+fE342pYgwJz+3N2MqsXT7Zd8=
-17,14,LYXuqx19Ka8isZiLfKE5rBbM6I8=,eQViMsZj23iPe3EA+TccNHojFRU=
-21,10,LYXuqx19Ka8isZiLfKE5rBbM6I8=,WpNMbQRDxlPeEk9jD3H0qMPyxDg=
-17,13,LYXuqx19Ka8isZiLfKE5rBbM6I8=,Wtpy0LXA+zUUVjGmuVdl4eGhmnU=
-17,11,LYXuqx19Ka8isZiLfKE5rBbM6I8=,bk/JCo/bFYi/qz2XJAi+fYJcq+w=
-18,14,LYXuqx19Ka8isZiLfKE5rBbM6I8=,eQViMsZj23iPe3EA+TccNHojFRU=
-17,12,LYXuqx19Ka8isZiLfKE5rBbM6I8=,Wtpy0LXA+zUUVjGmuVdl4eGhmnU=
-18,13,LYXuqx19Ka8isZiLfKE5rBbM6I8=,Wtpy0LXA+zUUVjGmuVdl4eGhmnU=
-19,14,LYXuqx19Ka8isZiLfKE5rBbM6I8=,KD7WN/GoDPyFrq7krCyccSLmyuo=
-19,15,LYXuqx19Ka8isZiLfKE5rBbM6I8=,KD7WN/GoDPyFrq7krCyccSLmyuo=
-19,13,LYXuqx19Ka8isZiLfKE5rBbM6I8=,BjtC/2u2pxwQGsbl7/YthCTefr8=
-18,15,LYXuqx19Ka8isZiLfKE5rBbM6I8=,eQViMsZj23iPe3EA+TccNHojFRU=
-21,15,2Q3mvY14ZxwHNi+CFwUsjC/onqM=,O9L9zzeSLGU05s+a8cRsP7qBK6w=
-20,15,2Q3mvY14ZxwHNi+CFwUsjC/onqM=,KD7WN/GoDPyFrq7krCyccSLmyuo=
-17,5,2Q3mvY14ZxwHNi+CFwUsjC/onqM=,TZFPBDB6w+rPO5yCSsDNxjhqfcY=
-17,6,2Q3mvY14ZxwHNi+CFwUsjC/onqM=,cOPGM4RJCYTMD0YLzNmrzh2j8Ro=
-22,11,2Q3mvY14ZxwHNi+CFwUsjC/onqM=,WpNMbQRDxlPeEk9jD3H0qMPyxDg=
-20,13,2Q3mvY14ZxwHNi+CFwUsjC/onqM=,BjtC/2u2pxwQGsbl7/YthCTefr8=
-20,11,2Q3mvY14ZxwHNi+CFwUsjC/onqM=,d6h5ls4rmdSRsQK/A61hnD3VKL4=
-20,12,2Q3mvY14ZxwHNi+CFwUsjC/onqM=,BjtC/2u2pxwQGsbl7/YthCTefr8=
-22,14,2Q3mvY14ZxwHNi+CFwUsjC/onqM=,O9L9zzeSLGU05s+a8cRsP7qBK6w=
-21,12,2Q3mvY14ZxwHNi+CFwUsjC/onqM=,Poio2bIVmRuVyzUegm4F3tQg9L8=
-23,11,2Q3mvY14ZxwHNi+CFwUsjC/onqM=,3f9rSJUuwbmt5eNpcToFyjKcPec=
-21,14,2Q3mvY14ZxwHNi+CFwUsjC/onqM=,O9L9zzeSLGU05s+a8cRsP7qBK6w=
-22,12,2Q3mvY14ZxwHNi+CFwUsjC/onqM=,Poio2bIVmRuVyzUegm4F3tQg9L8=
-20,14,2Q3mvY14ZxwHNi+CFwUsjC/onqM=,KD7WN/GoDPyFrq7krCyccSLmyuo=
-22,13,2Q3mvY14ZxwHNi+CFwUsjC/onqM=,Poio2bIVmRuVyzUegm4F3tQg9L8=
-21,11,2Q3mvY14ZxwHNi+CFwUsjC/onqM=,WpNMbQRDxlPeEk9jD3H0qMPyxDg=
-21,13,2Q3mvY14ZxwHNi+CFwUsjC/onqM=,Poio2bIVmRuVyzUegm4F3tQg9L8=
-19,9,2Q3mvY14ZxwHNi+CFwUsjC/onqM=,yq+fE342pYgwJz+3N2MqsXT7Zd8=
-19,10,2Q3mvY14ZxwHNi+CFwUsjC/onqM=,d6h5ls4rmdSRsQK/A61hnD3VKL4=
-18,8,2Q3mvY14ZxwHNi+CFwUsjC/onqM=,OO2n6bux7JCcqxpBFd2iJ12HSRw=
-18,9,2Q3mvY14ZxwHNi+CFwUsjC/onqM=,OO2n6bux7JCcqxpBFd2iJ12HSRw=
-17,10,2Q3mvY14ZxwHNi+CFwUsjC/onqM=,bk/JCo/bFYi/qz2XJAi+fYJcq+w=
-17,9,2Q3mvY14ZxwHNi+CFwUsjC/onqM=,OO2n6bux7JCcqxpBFd2iJ12HSRw=
-17,8,2Q3mvY14ZxwHNi+CFwUsjC/onqM=,OO2n6bux7JCcqxpBFd2iJ12HSRw=
-19,8,2Q3mvY14ZxwHNi+CFwUsjC/onqM=,yq+fE342pYgwJz+3N2MqsXT7Zd8=
-18,10,2Q3mvY14ZxwHNi+CFwUsjC/onqM=,bk/JCo/bFYi/qz2XJAi+fYJcq+w=
-17,7,2Q3mvY14ZxwHNi+CFwUsjC/onqM=,cOPGM4RJCYTMD0YLzNmrzh2j8Ro=
-18,7,2Q3mvY14ZxwHNi+CFwUsjC/onqM=,cOPGM4RJCYTMD0YLzNmrzh2j8Ro=
-19,7,2Q3mvY14ZxwHNi+CFwUsjC/onqM=,KQIZoVioiI+AAk1TzcQEuwOwq4I=
-18,3,2Q3mvY14ZxwHNi+CFwUsjC/onqM=,Oqqk3yxhtuBU7zjhJBegBkvGvxg=
-19,3,cQJZzL/OWDT37qYV+YOJnPw3GHw=,CM8BjliWqb+wdVh0sdxRnY1X1BE=
-18,4,cQJZzL/OWDT37qYV+YOJnPw3GHw=,TZFPBDB6w+rPO5yCSsDNxjhqfcY=
-19,4,cQJZzL/OWDT37qYV+YOJnPw3GHw=,TZH0sRaUhUVATMuZylDsmZ3AFk8=
-20,4,cQJZzL/OWDT37qYV+YOJnPw3GHw=,TZH0sRaUhUVATMuZylDsmZ3AFk8=
-20,3,cQJZzL/OWDT37qYV+YOJnPw3GHw=,CM8BjliWqb+wdVh0sdxRnY1X1BE=
-21,3,cQJZzL/OWDT37qYV+YOJnPw3GHw=,nx30U4udTm38P7ldvdArKC0+c+E=
-21,4,bEnlVI6bE7UMg1Us/JVzOGsJ0/k=,X+t1CXurz3x6yXDg8ZaS0gvKwtU=
-20,1,bEnlVI6bE7UMg1Us/JVzOGsJ0/k=,S+nplsVKAtRjxzF19uXCI3eXg68=
-21,2,bEnlVI6bE7UMg1Us/JVzOGsJ0/k=,nx30U4udTm38P7ldvdArKC0+c+E=
-20,2,bEnlVI6bE7UMg1Us/JVzOGsJ0/k=,CM8BjliWqb+wdVh0sdxRnY1X1BE=
-21,1,MNJdGPz/gGn90OIR2BxokFKndSg=,COg10hnTwhU1HYugNL4HpEaMvh8=
-22,2,MNJdGPz/gGn90OIR2BxokFKndSg=,nx30U4udTm38P7ldvdArKC0+c+E=
-22,1,MNJdGPz/gGn90OIR2BxokFKndSg=,COg10hnTwhU1HYugNL4HpEaMvh8=
-23,2,MNJdGPz/gGn90OIR2BxokFKndSg=,p3gImAUzvlvf9MfF77BXyjik68A=
-23,1,MNJdGPz/gGn90OIR2BxokFKndSg=,6rdPRgFc0Vry0AlDKNOD8szyOg0=
-27,2,MNJdGPz/gGn90OIR2BxokFKndSg=,FVtp6K5Ah5tJaxPkbdROApCmT4Q=
-25,2,MNJdGPz/gGn90OIR2BxokFKndSg=,RlUm+20XVEsTaXU7H2j78MI7fgI=
-26,1,MNJdGPz/gGn90OIR2BxokFKndSg=,91NMyRgjqU5p3bnk6sjAM6c0xnE=
-24,2,MNJdGPz/gGn90OIR2BxokFKndSg=,p3gImAUzvlvf9MfF77BXyjik68A=
-25,1,MNJdGPz/gGn90OIR2BxokFKndSg=,91NMyRgjqU5p3bnk6sjAM6c0xnE=
-26,2,MNJdGPz/gGn90OIR2BxokFKndSg=,RlUm+20XVEsTaXU7H2j78MI7fgI=
-27,1,MNJdGPz/gGn90OIR2BxokFKndSg=,sQUw/n73dPIrGs4ZGQya/TwtL6k=
-24,1,MNJdGPz/gGn90OIR2BxokFKndSg=,6rdPRgFc0Vry0AlDKNOD8szyOg0=
-27,3,MNJdGPz/gGn90OIR2BxokFKndSg=,FVtp6K5Ah5tJaxPkbdROApCmT4Q=
-26,4,MNJdGPz/gGn90OIR2BxokFKndSg=,jF65HTShNaZ1fmjHIi4wwkO2EoA=
-26,3,MNJdGPz/gGn90OIR2BxokFKndSg=,RlUm+20XVEsTaXU7H2j78MI7fgI=
-26,6,MNJdGPz/gGn90OIR2BxokFKndSg=,P8vgGDLgHb4+PZZz6Xad9oJiP2I=
-27,4,MNJdGPz/gGn90OIR2BxokFKndSg=,5Nh89WZD5dXmPhuz5rhhbgre9zE=
-27,6,MNJdGPz/gGn90OIR2BxokFKndSg=,Wt1+2kY+AVvS+qgdoU8nW/HJhsQ=
-26,5,MNJdGPz/gGn90OIR2BxokFKndSg=,jF65HTShNaZ1fmjHIi4wwkO2EoA=
-28,6,MNJdGPz/gGn90OIR2BxokFKndSg=,Wt1+2kY+AVvS+qgdoU8nW/HJhsQ=
-29,6,MNJdGPz/gGn90OIR2BxokFKndSg=,c+wLBQ6rP5sfCEC0A8way1xNXcc=
-27,5,MNJdGPz/gGn90OIR2BxokFKndSg=,5Nh89WZD5dXmPhuz5rhhbgre9zE=
-29,5,MNJdGPz/gGn90OIR2BxokFKndSg=,FF8FCNMsX3wpL5Ne1j+vH+YQSg8=
-28,5,MNJdGPz/gGn90OIR2BxokFKndSg=,5Nh89WZD5dXmPhuz5rhhbgre9zE=
-28,3,MNJdGPz/gGn90OIR2BxokFKndSg=,FVtp6K5Ah5tJaxPkbdROApCmT4Q=
-29,3,MNJdGPz/gGn90OIR2BxokFKndSg=,O2Yd7PpHY5q1k7IWttPZfAJ8NV4=
-28,4,MNJdGPz/gGn90OIR2BxokFKndSg=,5Nh89WZD5dXmPhuz5rhhbgre9zE=
-29,4,MNJdGPz/gGn90OIR2BxokFKndSg=,FF8FCNMsX3wpL5Ne1j+vH+YQSg8=
-31,5,MNJdGPz/gGn90OIR2BxokFKndSg=,//6cVHHPhPUf9Sv8HgM1trD7rys=
-31,6,MNJdGPz/gGn90OIR2BxokFKndSg=,oPkzuPhHTLNy5de3QQUTwwJNy0Y=
-30,6,MNJdGPz/gGn90OIR2BxokFKndSg=,c+wLBQ6rP5sfCEC0A8way1xNXcc=
-31,3,MNJdGPz/gGn90OIR2BxokFKndSg=,/BwXNGXBYL5vPgHIhdxgXAq6E3A=
-30,3,MNJdGPz/gGn90OIR2BxokFKndSg=,O2Yd7PpHY5q1k7IWttPZfAJ8NV4=
-30,5,MNJdGPz/gGn90OIR2BxokFKndSg=,FF8FCNMsX3wpL5Ne1j+vH+YQSg8=
-31,4,MNJdGPz/gGn90OIR2BxokFKndSg=,//6cVHHPhPUf9Sv8HgM1trD7rys=
-30,4,MNJdGPz/gGn90OIR2BxokFKndSg=,FF8FCNMsX3wpL5Ne1j+vH+YQSg8=
-32,1,MNJdGPz/gGn90OIR2BxokFKndSg=,1GKbdwi/rFRb9pumN6rdRq17WcE=
-27,0,MNJdGPz/gGn90OIR2BxokFKndSg=,sQUw/n73dPIrGs4ZGQya/TwtL6k=
-32,2,MNJdGPz/gGn90OIR2BxokFKndSg=,/BwXNGXBYL5vPgHIhdxgXAq6E3A=
-24,6,MNJdGPz/gGn90OIR2BxokFKndSg=,Up7GrCaXCZgBPjXhF8CtNJHUPhY=
-23,6,MNJdGPz/gGn90OIR2BxokFKndSg=,Up7GrCaXCZgBPjXhF8CtNJHUPhY=
-22,4,MNJdGPz/gGn90OIR2BxokFKndSg=,X+t1CXurz3x6yXDg8ZaS0gvKwtU=
-25,6,MNJdGPz/gGn90OIR2BxokFKndSg=,P8vgGDLgHb4+PZZz6Xad9oJiP2I=
-22,5,MNJdGPz/gGn90OIR2BxokFKndSg=,X+t1CXurz3x6yXDg8ZaS0gvKwtU=
-25,5,MNJdGPz/gGn90OIR2BxokFKndSg=,jF65HTShNaZ1fmjHIi4wwkO2EoA=
-24,5,MNJdGPz/gGn90OIR2BxokFKndSg=,hCTjxWtwOnUwH3bSyJoC82D+vt4=
-23,5,MNJdGPz/gGn90OIR2BxokFKndSg=,hCTjxWtwOnUwH3bSyJoC82D+vt4=
-22,6,MNJdGPz/gGn90OIR2BxokFKndSg=,Pst1nPIFbt1/aWbAX/LihRdG89k=
-24,3,MNJdGPz/gGn90OIR2BxokFKndSg=,p3gImAUzvlvf9MfF77BXyjik68A=
-25,3,MNJdGPz/gGn90OIR2BxokFKndSg=,RlUm+20XVEsTaXU7H2j78MI7fgI=
-24,0,MNJdGPz/gGn90OIR2BxokFKndSg=,6rdPRgFc0Vry0AlDKNOD8szyOg0=
-23,4,MNJdGPz/gGn90OIR2BxokFKndSg=,hCTjxWtwOnUwH3bSyJoC82D+vt4=
-22,3,MNJdGPz/gGn90OIR2BxokFKndSg=,nx30U4udTm38P7ldvdArKC0+c+E=
-25,4,MNJdGPz/gGn90OIR2BxokFKndSg=,jF65HTShNaZ1fmjHIi4wwkO2EoA=
-26,0,MNJdGPz/gGn90OIR2BxokFKndSg=,91NMyRgjqU5p3bnk6sjAM6c0xnE=
-25,0,MNJdGPz/gGn90OIR2BxokFKndSg=,91NMyRgjqU5p3bnk6sjAM6c0xnE=
-24,4,MNJdGPz/gGn90OIR2BxokFKndSg=,hCTjxWtwOnUwH3bSyJoC82D+vt4=
-23,3,MNJdGPz/gGn90OIR2BxokFKndSg=,p3gImAUzvlvf9MfF77BXyjik68A=
-20,0,MNJdGPz/gGn90OIR2BxokFKndSg=,S+nplsVKAtRjxzF19uXCI3eXg68=
-22,0,MNJdGPz/gGn90OIR2BxokFKndSg=,COg10hnTwhU1HYugNL4HpEaMvh8=
-21,0,MNJdGPz/gGn90OIR2BxokFKndSg=,COg10hnTwhU1HYugNL4HpEaMvh8=
-26,8,MNJdGPz/gGn90OIR2BxokFKndSg=,1wIvpeUxKg644kfLj1fwsIh4bpw=
-27,7,MNJdGPz/gGn90OIR2BxokFKndSg=,Wt1+2kY+AVvS+qgdoU8nW/HJhsQ=
-26,7,MNJdGPz/gGn90OIR2BxokFKndSg=,P8vgGDLgHb4+PZZz6Xad9oJiP2I=
-28,7,MNJdGPz/gGn90OIR2BxokFKndSg=,Wt1+2kY+AVvS+qgdoU8nW/HJhsQ=
-29,7,MNJdGPz/gGn90OIR2BxokFKndSg=,c+wLBQ6rP5sfCEC0A8way1xNXcc=
-31,7,MNJdGPz/gGn90OIR2BxokFKndSg=,oPkzuPhHTLNy5de3QQUTwwJNy0Y=
-25,11,MNJdGPz/gGn90OIR2BxokFKndSg=,78GWQb6iGq527ITBI+3sBh7S2wA=
-26,11,MNJdGPz/gGn90OIR2BxokFKndSg=,78GWQb6iGq527ITBI+3sBh7S2wA=
-30,7,MNJdGPz/gGn90OIR2BxokFKndSg=,c+wLBQ6rP5sfCEC0A8way1xNXcc=
-17,3,MNJdGPz/gGn90OIR2BxokFKndSg=,Oqqk3yxhtuBU7zjhJBegBkvGvxg=
-22,15,MNJdGPz/gGn90OIR2BxokFKndSg=,O9L9zzeSLGU05s+a8cRsP7qBK6w=
-26,10,MNJdGPz/gGn90OIR2BxokFKndSg=,78GWQb6iGq527ITBI+3sBh7S2wA=
-24,11,MNJdGPz/gGn90OIR2BxokFKndSg=,3f9rSJUuwbmt5eNpcToFyjKcPec=
-26,9,MNJdGPz/gGn90OIR2BxokFKndSg=,1wIvpeUxKg644kfLj1fwsIh4bpw=
-23,0,MNJdGPz/gGn90OIR2BxokFKndSg=,6rdPRgFc0Vry0AlDKNOD8szyOg0=
-17,15,MNJdGPz/gGn90OIR2BxokFKndSg=,eQViMsZj23iPe3EA+TccNHojFRU=
-17,4,MNJdGPz/gGn90OIR2BxokFKndSg=,TZFPBDB6w+rPO5yCSsDNxjhqfcY=
-32,7,MNJdGPz/gGn90OIR2BxokFKndSg=,oPkzuPhHTLNy5de3QQUTwwJNy0Y=
-32,6,MNJdGPz/gGn90OIR2BxokFKndSg=,oPkzuPhHTLNy5de3QQUTwwJNy0Y=
-32,3,MNJdGPz/gGn90OIR2BxokFKndSg=,/BwXNGXBYL5vPgHIhdxgXAq6E3A=
-32,5,MNJdGPz/gGn90OIR2BxokFKndSg=,//6cVHHPhPUf9Sv8HgM1trD7rys=
-32,4,MNJdGPz/gGn90OIR2BxokFKndSg=,//6cVHHPhPUf9Sv8HgM1trD7rys=
-31,2,MNJdGPz/gGn90OIR2BxokFKndSg=,/BwXNGXBYL5vPgHIhdxgXAq6E3A=
-32,0,MNJdGPz/gGn90OIR2BxokFKndSg=,1GKbdwi/rFRb9pumN6rdRq17WcE=
-29,1,MNJdGPz/gGn90OIR2BxokFKndSg=,d0Wp1AaMVWJ88AWXNqh0dH2pS5Q=
-29,2,MNJdGPz/gGn90OIR2BxokFKndSg=,O2Yd7PpHY5q1k7IWttPZfAJ8NV4=
-28,2,MNJdGPz/gGn90OIR2BxokFKndSg=,FVtp6K5Ah5tJaxPkbdROApCmT4Q=
-30,2,MNJdGPz/gGn90OIR2BxokFKndSg=,O2Yd7PpHY5q1k7IWttPZfAJ8NV4=
-28,1,MNJdGPz/gGn90OIR2BxokFKndSg=,sQUw/n73dPIrGs4ZGQya/TwtL6k=
-31,1,MNJdGPz/gGn90OIR2BxokFKndSg=,1GKbdwi/rFRb9pumN6rdRq17WcE=
-28,0,MNJdGPz/gGn90OIR2BxokFKndSg=,sQUw/n73dPIrGs4ZGQya/TwtL6k=
-29,0,MNJdGPz/gGn90OIR2BxokFKndSg=,d0Wp1AaMVWJ88AWXNqh0dH2pS5Q=
-30,1,MNJdGPz/gGn90OIR2BxokFKndSg=,d0Wp1AaMVWJ88AWXNqh0dH2pS5Q=
-30,0,MNJdGPz/gGn90OIR2BxokFKndSg=,d0Wp1AaMVWJ88AWXNqh0dH2pS5Q=
-19,2,MNJdGPz/gGn90OIR2BxokFKndSg=,CM8BjliWqb+wdVh0sdxRnY1X1BE=
-31,0,MNJdGPz/gGn90OIR2BxokFKndSg=,1GKbdwi/rFRb9pumN6rdRq17WcE=
-18,2,MNJdGPz/gGn90OIR2BxokFKndSg=,Oqqk3yxhtuBU7zjhJBegBkvGvxg=
-19,1,MNJdGPz/gGn90OIR2BxokFKndSg=,S+nplsVKAtRjxzF19uXCI3eXg68=
-17,2,MNJdGPz/gGn90OIR2BxokFKndSg=,Oqqk3yxhtuBU7zjhJBegBkvGvxg=
-19,0,MNJdGPz/gGn90OIR2BxokFKndSg=,S+nplsVKAtRjxzF19uXCI3eXg68=
-18,1,MNJdGPz/gGn90OIR2BxokFKndSg=,802DSHGspUb7zcyv++iM2Prj9Wo=
-17,1,MNJdGPz/gGn90OIR2BxokFKndSg=,802DSHGspUb7zcyv++iM2Prj9Wo=
-17,0,MNJdGPz/gGn90OIR2BxokFKndSg=,802DSHGspUb7zcyv++iM2Prj9Wo=
-18,0,MNJdGPz/gGn90OIR2BxokFKndSg=,802DSHGspUb7zcyv++iM2Prj9Wo=
-21,19,qmX0RoUX8cqjTFYotW17rgw/At4=,EZtGdT+HAyooL6jCpV0w0R33AW4=
-20,19,7TYkDQ/m1cyfkpH4q8sjrA7zogo=,4qFbVQpfAUfgroXBQqDvXxan5iA=
-17,21,7TYkDQ/m1cyfkpH4q8sjrA7zogo=,MbUcWaiKhTcmSn2YNJ51zaCnS2g=
-22,18,7TYkDQ/m1cyfkpH4q8sjrA7zogo=,EZtGdT+HAyooL6jCpV0w0R33AW4=
-22,17,7TYkDQ/m1cyfkpH4q8sjrA7zogo=,v4NcFcGKZR971qquaQifa1kUaug=
-22,19,7TYkDQ/m1cyfkpH4q8sjrA7zogo=,EZtGdT+HAyooL6jCpV0w0R33AW4=
-22,16,7TYkDQ/m1cyfkpH4q8sjrA7zogo=,v4NcFcGKZR971qquaQifa1kUaug=
-18,21,7TYkDQ/m1cyfkpH4q8sjrA7zogo=,MbUcWaiKhTcmSn2YNJ51zaCnS2g=
-17,20,7TYkDQ/m1cyfkpH4q8sjrA7zogo=,MbUcWaiKhTcmSn2YNJ51zaCnS2g=
-17,19,7TYkDQ/m1cyfkpH4q8sjrA7zogo=,0VFuiAgxOfwtFU8b2oYoOFuNfuw=
-19,19,7TYkDQ/m1cyfkpH4q8sjrA7zogo=,4qFbVQpfAUfgroXBQqDvXxan5iA=
-18,20,7TYkDQ/m1cyfkpH4q8sjrA7zogo=,MbUcWaiKhTcmSn2YNJ51zaCnS2g=
-18,19,7TYkDQ/m1cyfkpH4q8sjrA7zogo=,0VFuiAgxOfwtFU8b2oYoOFuNfuw=
-17,16,7TYkDQ/m1cyfkpH4q8sjrA7zogo=,plBh/pwLUQCC5hpHqtip7IEtzFM=
-17,17,7TYkDQ/m1cyfkpH4q8sjrA7zogo=,plBh/pwLUQCC5hpHqtip7IEtzFM=
-17,18,7TYkDQ/m1cyfkpH4q8sjrA7zogo=,0VFuiAgxOfwtFU8b2oYoOFuNfuw=
-19,18,7TYkDQ/m1cyfkpH4q8sjrA7zogo=,4qFbVQpfAUfgroXBQqDvXxan5iA=
-20,18,7TYkDQ/m1cyfkpH4q8sjrA7zogo=,4qFbVQpfAUfgroXBQqDvXxan5iA=
-21,18,7TYkDQ/m1cyfkpH4q8sjrA7zogo=,EZtGdT+HAyooL6jCpV0w0R33AW4=
-18,16,7TYkDQ/m1cyfkpH4q8sjrA7zogo=,plBh/pwLUQCC5hpHqtip7IEtzFM=
-18,17,7TYkDQ/m1cyfkpH4q8sjrA7zogo=,plBh/pwLUQCC5hpHqtip7IEtzFM=
-18,18,7TYkDQ/m1cyfkpH4q8sjrA7zogo=,0VFuiAgxOfwtFU8b2oYoOFuNfuw=
-19,16,7TYkDQ/m1cyfkpH4q8sjrA7zogo=,aD1lBGHXCGof5AVUeYziEUVuTI8=
-20,17,7TYkDQ/m1cyfkpH4q8sjrA7zogo=,aD1lBGHXCGof5AVUeYziEUVuTI8=
-21,17,7TYkDQ/m1cyfkpH4q8sjrA7zogo=,v4NcFcGKZR971qquaQifa1kUaug=
-21,16,7TYkDQ/m1cyfkpH4q8sjrA7zogo=,v4NcFcGKZR971qquaQifa1kUaug=
-19,17,7TYkDQ/m1cyfkpH4q8sjrA7zogo=,aD1lBGHXCGof5AVUeYziEUVuTI8=
-20,16,7TYkDQ/m1cyfkpH4q8sjrA7zogo=,aD1lBGHXCGof5AVUeYziEUVuTI8=
-1,26,7TYkDQ/m1cyfkpH4q8sjrA7zogo=,Eqs1kP3btFTSJmy1Uvo2kWLnV4U=
-1,25,7TYkDQ/m1cyfkpH4q8sjrA7zogo=,gVPrsB7Mk6IN+7hDYTRYUUhzee0=
-2,20,7TYkDQ/m1cyfkpH4q8sjrA7zogo=,yqsPp5CUygRxJIwBa/b65zo00x8=
-3,20,7TYkDQ/m1cyfkpH4q8sjrA7zogo=,j8QTlu7oMEYZiETsLxgoiJ44Ymg=
-3,19,7TYkDQ/m1cyfkpH4q8sjrA7zogo=,bp+AdpQxIvOroDbAW4uOjnq/qn0=
-2,19,Y2He0VfnHRgwc3bEPDfU6tADveI=,sV35S0NDOIoF2g1prpsyOqhGyTQ=
-3,17,Y2He0VfnHRgwc3bEPDfU6tADveI=,DJs9W+tuhfupOXSMs01vHw8i4Vo=
-2,18,Y2He0VfnHRgwc3bEPDfU6tADveI=,sV35S0NDOIoF2g1prpsyOqhGyTQ=
-3,18,Y2He0VfnHRgwc3bEPDfU6tADveI=,bp+AdpQxIvOroDbAW4uOjnq/qn0=
-2,17,Y2He0VfnHRgwc3bEPDfU6tADveI=,E8WvA7v3H+/P/qngHNM2pTNhGAs=
-4,18,Y2He0VfnHRgwc3bEPDfU6tADveI=,bp+AdpQxIvOroDbAW4uOjnq/qn0=
-5,18,7xZC5STSMcjNIJm4oP7ryM9I5Nk=,Bp0UtN507ffduIMcB3Pq5QPlQpU=
-4,17,JwauP7D9LLF+Q7o7cAE/LLMHlPs=,DJs9W+tuhfupOXSMs01vHw8i4Vo=
-12,17,JwauP7D9LLF+Q7o7cAE/LLMHlPs=,6bgUvU/eVimO4kEHoxrZYXJxmYg=
-5,17,JwauP7D9LLF+Q7o7cAE/LLMHlPs=,iu9cyyw28BHkw7U3ca6D1OI6B54=
-13,17,JwauP7D9LLF+Q7o7cAE/LLMHlPs=,j51wRTs21T8drqxCh2qg00/0W4I=
-13,16,JwauP7D9LLF+Q7o7cAE/LLMHlPs=,j51wRTs21T8drqxCh2qg00/0W4I=
-15,17,JwauP7D9LLF+Q7o7cAE/LLMHlPs=,vBpuZK6O/byQQzZfE80lyJ8/z1g=
-14,17,JwauP7D9LLF+Q7o7cAE/LLMHlPs=,j51wRTs21T8drqxCh2qg00/0W4I=
-12,16,JwauP7D9LLF+Q7o7cAE/LLMHlPs=,6bgUvU/eVimO4kEHoxrZYXJxmYg=
-16,16,JwauP7D9LLF+Q7o7cAE/LLMHlPs=,vBpuZK6O/byQQzZfE80lyJ8/z1g=
-15,16,JwauP7D9LLF+Q7o7cAE/LLMHlPs=,vBpuZK6O/byQQzZfE80lyJ8/z1g=
-5,16,JwauP7D9LLF+Q7o7cAE/LLMHlPs=,iu9cyyw28BHkw7U3ca6D1OI6B54=
-4,16,JwauP7D9LLF+Q7o7cAE/LLMHlPs=,DJs9W+tuhfupOXSMs01vHw8i4Vo=
-3,16,JwauP7D9LLF+Q7o7cAE/LLMHlPs=,DJs9W+tuhfupOXSMs01vHw8i4Vo=
-14,16,JwauP7D9LLF+Q7o7cAE/LLMHlPs=,j51wRTs21T8drqxCh2qg00/0W4I=
-2,16,JwauP7D9LLF+Q7o7cAE/LLMHlPs=,E8WvA7v3H+/P/qngHNM2pTNhGAs=
-6,17,JwauP7D9LLF+Q7o7cAE/LLMHlPs=,iu9cyyw28BHkw7U3ca6D1OI6B54=
-7,18,JwauP7D9LLF+Q7o7cAE/LLMHlPs=,ftqwRpcXOkXz9ES5iOZzLZtXdRI=
-6,18,JwauP7D9LLF+Q7o7cAE/LLMHlPs=,Bp0UtN507ffduIMcB3Pq5QPlQpU=
-6,16,JwauP7D9LLF+Q7o7cAE/LLMHlPs=,iu9cyyw28BHkw7U3ca6D1OI6B54=
-7,16,JwauP7D9LLF+Q7o7cAE/LLMHlPs=,1VDe+TF77zg/wmg8qngbtwX7+jM=
-7,17,JwauP7D9LLF+Q7o7cAE/LLMHlPs=,1VDe+TF77zg/wmg8qngbtwX7+jM=
-2,25,JwauP7D9LLF+Q7o7cAE/LLMHlPs=,gVPrsB7Mk6IN+7hDYTRYUUhzee0=
-2,26,JwauP7D9LLF+Q7o7cAE/LLMHlPs=,Eqs1kP3btFTSJmy1Uvo2kWLnV4U=
-1,24,JwauP7D9LLF+Q7o7cAE/LLMHlPs=,gVPrsB7Mk6IN+7hDYTRYUUhzee0=
-1,23,JwauP7D9LLF+Q7o7cAE/LLMHlPs=,Wd5U30CD+92uYUxqgzLE000MWEg=
-1,20,JwauP7D9LLF+Q7o7cAE/LLMHlPs=,yqsPp5CUygRxJIwBa/b65zo00x8=
-1,22,JwauP7D9LLF+Q7o7cAE/LLMHlPs=,Wd5U30CD+92uYUxqgzLE000MWEg=
-1,17,JwauP7D9LLF+Q7o7cAE/LLMHlPs=,E8WvA7v3H+/P/qngHNM2pTNhGAs=
-1,21,JwauP7D9LLF+Q7o7cAE/LLMHlPs=,yqsPp5CUygRxJIwBa/b65zo00x8=
-1,19,JwauP7D9LLF+Q7o7cAE/LLMHlPs=,sV35S0NDOIoF2g1prpsyOqhGyTQ=
-1,18,JwauP7D9LLF+Q7o7cAE/LLMHlPs=,sV35S0NDOIoF2g1prpsyOqhGyTQ=
-1,16,JwauP7D9LLF+Q7o7cAE/LLMHlPs=,E8WvA7v3H+/P/qngHNM2pTNhGAs=
-4,20,JwauP7D9LLF+Q7o7cAE/LLMHlPs=,j8QTlu7oMEYZiETsLxgoiJ44Ymg=
-5,19,JwauP7D9LLF+Q7o7cAE/LLMHlPs=,Bp0UtN507ffduIMcB3Pq5QPlQpU=
-3,21,JwauP7D9LLF+Q7o7cAE/LLMHlPs=,j8QTlu7oMEYZiETsLxgoiJ44Ymg=
-2,23,JwauP7D9LLF+Q7o7cAE/LLMHlPs=,Wd5U30CD+92uYUxqgzLE000MWEg=
-2,22,JwauP7D9LLF+Q7o7cAE/LLMHlPs=,Wd5U30CD+92uYUxqgzLE000MWEg=
-2,24,JwauP7D9LLF+Q7o7cAE/LLMHlPs=,gVPrsB7Mk6IN+7hDYTRYUUhzee0=
-4,21,JwauP7D9LLF+Q7o7cAE/LLMHlPs=,j8QTlu7oMEYZiETsLxgoiJ44Ymg=
-7,19,JwauP7D9LLF+Q7o7cAE/LLMHlPs=,ftqwRpcXOkXz9ES5iOZzLZtXdRI=
-9,19,JwauP7D9LLF+Q7o7cAE/LLMHlPs=,y5ktA2f3j3RwSsaxj/U2lmHgCwk=
-10,19,JwauP7D9LLF+Q7o7cAE/LLMHlPs=,y5ktA2f3j3RwSsaxj/U2lmHgCwk=
-16,17,JwauP7D9LLF+Q7o7cAE/LLMHlPs=,vBpuZK6O/byQQzZfE80lyJ8/z1g=
-4,19,JwauP7D9LLF+Q7o7cAE/LLMHlPs=,bp+AdpQxIvOroDbAW4uOjnq/qn0=
-2,21,JwauP7D9LLF+Q7o7cAE/LLMHlPs=,yqsPp5CUygRxJIwBa/b65zo00x8=
-8,19,JwauP7D9LLF+Q7o7cAE/LLMHlPs=,ftqwRpcXOkXz9ES5iOZzLZtXdRI=
-6,19,JwauP7D9LLF+Q7o7cAE/LLMHlPs=,Bp0UtN507ffduIMcB3Pq5QPlQpU=
-10,18,JwauP7D9LLF+Q7o7cAE/LLMHlPs=,y5ktA2f3j3RwSsaxj/U2lmHgCwk=
-9,18,JwauP7D9LLF+Q7o7cAE/LLMHlPs=,y5ktA2f3j3RwSsaxj/U2lmHgCwk=
-10,17,JwauP7D9LLF+Q7o7cAE/LLMHlPs=,EB715p9BYNPXO6YN5lPsdrBwpos=
-8,18,JwauP7D9LLF+Q7o7cAE/LLMHlPs=,ftqwRpcXOkXz9ES5iOZzLZtXdRI=
-11,16,JwauP7D9LLF+Q7o7cAE/LLMHlPs=,6bgUvU/eVimO4kEHoxrZYXJxmYg=
-9,17,JwauP7D9LLF+Q7o7cAE/LLMHlPs=,EB715p9BYNPXO6YN5lPsdrBwpos=
-8,17,JwauP7D9LLF+Q7o7cAE/LLMHlPs=,1VDe+TF77zg/wmg8qngbtwX7+jM=
-9,16,JwauP7D9LLF+Q7o7cAE/LLMHlPs=,EB715p9BYNPXO6YN5lPsdrBwpos=
-10,16,JwauP7D9LLF+Q7o7cAE/LLMHlPs=,EB715p9BYNPXO6YN5lPsdrBwpos=
-8,16,JwauP7D9LLF+Q7o7cAE/LLMHlPs=,1VDe+TF77zg/wmg8qngbtwX7+jM=
-11,17,JwauP7D9LLF+Q7o7cAE/LLMHlPs=,6bgUvU/eVimO4kEHoxrZYXJxmYg=
-2,31,JwauP7D9LLF+Q7o7cAE/LLMHlPs=,CR6dlDi/xRmiGPBlTYbgtZTYdm4=
-2,27,JwauP7D9LLF+Q7o7cAE/LLMHlPs=,Eqs1kP3btFTSJmy1Uvo2kWLnV4U=
-2,30,JwauP7D9LLF+Q7o7cAE/LLMHlPs=,CR6dlDi/xRmiGPBlTYbgtZTYdm4=
-1,31,JwauP7D9LLF+Q7o7cAE/LLMHlPs=,CR6dlDi/xRmiGPBlTYbgtZTYdm4=
-1,27,JwauP7D9LLF+Q7o7cAE/LLMHlPs=,Eqs1kP3btFTSJmy1Uvo2kWLnV4U=
-2,29,JwauP7D9LLF+Q7o7cAE/LLMHlPs=,8TyCc5s7qYbLJkcI4IWe28JA8m0=
-2,28,JwauP7D9LLF+Q7o7cAE/LLMHlPs=,8TyCc5s7qYbLJkcI4IWe28JA8m0=
-1,28,JwauP7D9LLF+Q7o7cAE/LLMHlPs=,8TyCc5s7qYbLJkcI4IWe28JA8m0=
-1,30,JwauP7D9LLF+Q7o7cAE/LLMHlPs=,CR6dlDi/xRmiGPBlTYbgtZTYdm4=
-1,29,JwauP7D9LLF+Q7o7cAE/LLMHlPs=,8TyCc5s7qYbLJkcI4IWe28JA8m0=
-2,4,AVZjNNoo94X2dRUDIRjKGrnQrvE=,ft/h0o2mZK5p/n52/TOqJ3MtpLM=
-3,4,AVZjNNoo94X2dRUDIRjKGrnQrvE=,AGb32MAC0WeO8vL53bzhMfRyJEA=
-2,3,AVZjNNoo94X2dRUDIRjKGrnQrvE=,QQbfLvtg5cGZRzyW5JOTt+MkwBU=
-3,3,AVZjNNoo94X2dRUDIRjKGrnQrvE=,3X4op3GuoyWUHAokCXbfWlt0am8=
-4,4,/v38qKbHqcg21EZIL/iV3sM0Y4w=,AGb32MAC0WeO8vL53bzhMfRyJEA=
-5,4,/v38qKbHqcg21EZIL/iV3sM0Y4w=,2UDxrkWJv8JOm8OHNBvtb40V5Us=
-4,3,/v38qKbHqcg21EZIL/iV3sM0Y4w=,3X4op3GuoyWUHAokCXbfWlt0am8=
-5,3,/v38qKbHqcg21EZIL/iV3sM0Y4w=,A/mq1lDH4z6jjdaX7+vnjPZzL8I=
-5,5,/v38qKbHqcg21EZIL/iV3sM0Y4w=,2UDxrkWJv8JOm8OHNBvtb40V5Us=
-5,6,/v38qKbHqcg21EZIL/iV3sM0Y4w=,tEAy+834ytYCH3lNOHn/Cv6Vbfc=
-4,5,/v38qKbHqcg21EZIL/iV3sM0Y4w=,AGb32MAC0WeO8vL53bzhMfRyJEA=
-4,6,/v38qKbHqcg21EZIL/iV3sM0Y4w=,v3V21h6XPoFoOCZFGffYBdszlH8=
-4,8,ItDKw+WrQxy4YjaCZ/p67GS+AUs=,r3rpj6UbxXQm2xaYeRVqJnSc2wA=
-5,8,ItDKw+WrQxy4YjaCZ/p67GS+AUs=,C0sHBRIuNhKniGLYQFqvAofoN6Q=
-4,7,ItDKw+WrQxy4YjaCZ/p67GS+AUs=,v3V21h6XPoFoOCZFGffYBdszlH8=
-5,7,ItDKw+WrQxy4YjaCZ/p67GS+AUs=,tEAy+834ytYCH3lNOHn/Cv6Vbfc=
-2,8,Egcs1RzYfjmDGL0chfUDp7FFtE0=,8ZvrVwEWjjQnv4wNmFPdF6ZIRMw=
-3,8,Egcs1RzYfjmDGL0chfUDp7FFtE0=,r3rpj6UbxXQm2xaYeRVqJnSc2wA=
-3,7,Egcs1RzYfjmDGL0chfUDp7FFtE0=,v3V21h6XPoFoOCZFGffYBdszlH8=
-2,6,Egcs1RzYfjmDGL0chfUDp7FFtE0=,mXdl65XH9IseMojUke2Dp2CbGPc=
-3,6,Egcs1RzYfjmDGL0chfUDp7FFtE0=,v3V21h6XPoFoOCZFGffYBdszlH8=
-2,7,Egcs1RzYfjmDGL0chfUDp7FFtE0=,mXdl65XH9IseMojUke2Dp2CbGPc=
-3,5,Egcs1RzYfjmDGL0chfUDp7FFtE0=,AGb32MAC0WeO8vL53bzhMfRyJEA=
-2,5,Egcs1RzYfjmDGL0chfUDp7FFtE0=,ft/h0o2mZK5p/n52/TOqJ3MtpLM=
-5,9,Egcs1RzYfjmDGL0chfUDp7FFtE0=,C0sHBRIuNhKniGLYQFqvAofoN6Q=
-4,9,Egcs1RzYfjmDGL0chfUDp7FFtE0=,r3rpj6UbxXQm2xaYeRVqJnSc2wA=
-5,10,Egcs1RzYfjmDGL0chfUDp7FFtE0=,lawobHR4b7t0r4vqlszG6bEfQHs=
-4,10,Egcs1RzYfjmDGL0chfUDp7FFtE0=,aiRA0zwhmxqJOFRoAZ1wuHMSP/I=
-4,12,Egcs1RzYfjmDGL0chfUDp7FFtE0=,IG1Lo3XcUi56yUZaDaLK+uVgzuU=
-4,11,Egcs1RzYfjmDGL0chfUDp7FFtE0=,aiRA0zwhmxqJOFRoAZ1wuHMSP/I=
-5,12,Egcs1RzYfjmDGL0chfUDp7FFtE0=,tBAuuJzfrcptlAORl9IXiFhlrmE=
-5,11,Egcs1RzYfjmDGL0chfUDp7FFtE0=,lawobHR4b7t0r4vqlszG6bEfQHs=
-4,14,LHLuif1yqZPBEbSILc1SDVxHeaM=,daNNKyX8P8kFoOHSEBf6Uk7EM1E=
-4,13,LHLuif1yqZPBEbSILc1SDVxHeaM=,IG1Lo3XcUi56yUZaDaLK+uVgzuU=
-5,13,LHLuif1yqZPBEbSILc1SDVxHeaM=,tBAuuJzfrcptlAORl9IXiFhlrmE=
-5,14,LHLuif1yqZPBEbSILc1SDVxHeaM=,0GMY+G1gyEjpyhOP2Lt7EibEmVk=
-6,11,CXWvONAHOMrnoVdTt7IoFkGdEGs=,lawobHR4b7t0r4vqlszG6bEfQHs=
-7,12,CXWvONAHOMrnoVdTt7IoFkGdEGs=,NUyUsPohDb32KAuaZ5Ja3APvbB4=
-6,12,CXWvONAHOMrnoVdTt7IoFkGdEGs=,tBAuuJzfrcptlAORl9IXiFhlrmE=
-7,11,CXWvONAHOMrnoVdTt7IoFkGdEGs=,BbNsL2Bq77k1+BT2ecp6W6v0pn4=
-7,14,CXWvONAHOMrnoVdTt7IoFkGdEGs=,j3yqFqLnlWRFDmawG3+W8VBsYck=
-7,13,1V9afEVUHOBKOPht6bVobI1mMLU=,NUyUsPohDb32KAuaZ5Ja3APvbB4=
-6,14,1V9afEVUHOBKOPht6bVobI1mMLU=,0GMY+G1gyEjpyhOP2Lt7EibEmVk=
-6,13,1V9afEVUHOBKOPht6bVobI1mMLU=,tBAuuJzfrcptlAORl9IXiFhlrmE=
-6,10,1V9afEVUHOBKOPht6bVobI1mMLU=,lawobHR4b7t0r4vqlszG6bEfQHs=
-6,9,1V9afEVUHOBKOPht6bVobI1mMLU=,C0sHBRIuNhKniGLYQFqvAofoN6Q=
-7,10,1V9afEVUHOBKOPht6bVobI1mMLU=,BbNsL2Bq77k1+BT2ecp6W6v0pn4=
-7,9,1V9afEVUHOBKOPht6bVobI1mMLU=,dhXB608FSDBrPTAJEX1dFa60GYc=
-6,7,1V9afEVUHOBKOPht6bVobI1mMLU=,tEAy+834ytYCH3lNOHn/Cv6Vbfc=
-6,8,1V9afEVUHOBKOPht6bVobI1mMLU=,C0sHBRIuNhKniGLYQFqvAofoN6Q=
-7,8,1V9afEVUHOBKOPht6bVobI1mMLU=,dhXB608FSDBrPTAJEX1dFa60GYc=
-7,7,1V9afEVUHOBKOPht6bVobI1mMLU=,xvCt71DrPf+azCxt7ylbWz6VnBc=
-6,6,1V9afEVUHOBKOPht6bVobI1mMLU=,tEAy+834ytYCH3lNOHn/Cv6Vbfc=
-6,5,1V9afEVUHOBKOPht6bVobI1mMLU=,2UDxrkWJv8JOm8OHNBvtb40V5Us=
-7,6,1V9afEVUHOBKOPht6bVobI1mMLU=,xvCt71DrPf+azCxt7ylbWz6VnBc=
-7,5,1V9afEVUHOBKOPht6bVobI1mMLU=,YGpptVaYlzGn2T9XUsiW0T0IGRQ=
-8,5,t8XK9FHbPiSGRFt8IKDdEPKP5RQ=,YGpptVaYlzGn2T9XUsiW0T0IGRQ=
-9,6,t8XK9FHbPiSGRFt8IKDdEPKP5RQ=,LgaEEeFFsoytAB43ryN7ASqQI1w=
-9,5,t8XK9FHbPiSGRFt8IKDdEPKP5RQ=,BGqMYXp8Xrziw4G2U4s+qn2gsNM=
-8,6,t8XK9FHbPiSGRFt8IKDdEPKP5RQ=,xvCt71DrPf+azCxt7ylbWz6VnBc=
-7,4,fZ1Hf5hPIKQpiMZoz7djqSqSQic=,YGpptVaYlzGn2T9XUsiW0T0IGRQ=
-6,3,fZ1Hf5hPIKQpiMZoz7djqSqSQic=,A/mq1lDH4z6jjdaX7+vnjPZzL8I=
-6,4,fZ1Hf5hPIKQpiMZoz7djqSqSQic=,2UDxrkWJv8JOm8OHNBvtb40V5Us=
-8,4,fZ1Hf5hPIKQpiMZoz7djqSqSQic=,YGpptVaYlzGn2T9XUsiW0T0IGRQ=
-7,3,fZ1Hf5hPIKQpiMZoz7djqSqSQic=,moYJjJLXzAwXBUfcCVN6bW953kc=
-9,4,fZ1Hf5hPIKQpiMZoz7djqSqSQic=,BGqMYXp8Xrziw4G2U4s+qn2gsNM=
-8,3,fZ1Hf5hPIKQpiMZoz7djqSqSQic=,moYJjJLXzAwXBUfcCVN6bW953kc=
-9,3,fZ1Hf5hPIKQpiMZoz7djqSqSQic=,Tqdn2Gvfff3kLkTPjztEikkhW40=
-11,3,fZ1Hf5hPIKQpiMZoz7djqSqSQic=,u2/gsdlRiajOc2cu1bve+nKliD0=
-11,4,fZ1Hf5hPIKQpiMZoz7djqSqSQic=,0o+dtad+Wuqf8Ob5FJ7DnQFj9ls=
-10,3,fZ1Hf5hPIKQpiMZoz7djqSqSQic=,Tqdn2Gvfff3kLkTPjztEikkhW40=
-10,4,fZ1Hf5hPIKQpiMZoz7djqSqSQic=,BGqMYXp8Xrziw4G2U4s+qn2gsNM=
-13,3,fZ1Hf5hPIKQpiMZoz7djqSqSQic=,bhohRLa8BM58PXRI4vD9LadZ2Jw=
-12,4,fZ1Hf5hPIKQpiMZoz7djqSqSQic=,0o+dtad+Wuqf8Ob5FJ7DnQFj9ls=
-13,4,fZ1Hf5hPIKQpiMZoz7djqSqSQic=,Y/FhigN8F3J+SOW8C6vVvgxcByc=
-12,3,fZ1Hf5hPIKQpiMZoz7djqSqSQic=,u2/gsdlRiajOc2cu1bve+nKliD0=
-14,3,fZ1Hf5hPIKQpiMZoz7djqSqSQic=,bhohRLa8BM58PXRI4vD9LadZ2Jw=
-15,4,fZ1Hf5hPIKQpiMZoz7djqSqSQic=,Yc3GmKYrtPs/Xwxsu5pZZ/uRajo=
-14,4,fZ1Hf5hPIKQpiMZoz7djqSqSQic=,Y/FhigN8F3J+SOW8C6vVvgxcByc=
-15,3,fZ1Hf5hPIKQpiMZoz7djqSqSQic=,bOq9+U3txXDHRBkvZu1EqfedgD4=
-15,5,fpHAeFEauLSCsYqMsBNpre0x3es=,Yc3GmKYrtPs/Xwxsu5pZZ/uRajo=
-14,5,fpHAeFEauLSCsYqMsBNpre0x3es=,Y/FhigN8F3J+SOW8C6vVvgxcByc=
-14,6,fpHAeFEauLSCsYqMsBNpre0x3es=,FEy/fCmjgP0a2rKhVXeyM9n1ORM=
-15,6,fpHAeFEauLSCsYqMsBNpre0x3es=,N0nd3wiUztyHSgJQpRE9UYlNt/U=
-15,7,xrJ7G8Pllh6TeLTBonCgUknZBjk=,N0nd3wiUztyHSgJQpRE9UYlNt/U=
-15,8,xrJ7G8Pllh6TeLTBonCgUknZBjk=,8VUiNoX5xayaag+WvhFlwpAAzRU=
-14,7,xrJ7G8Pllh6TeLTBonCgUknZBjk=,FEy/fCmjgP0a2rKhVXeyM9n1ORM=
-14,8,xrJ7G8Pllh6TeLTBonCgUknZBjk=,A1iNxrPYyM6hgQ38f6gYaLlWdtA=
-14,10,xrJ7G8Pllh6TeLTBonCgUknZBjk=,P9juxQapTR92s5maYwIRm2g/KH0=
-15,10,xrJ7G8Pllh6TeLTBonCgUknZBjk=,L+vtZphYUUftD2HV8T9MePOQWKQ=
-14,9,xrJ7G8Pllh6TeLTBonCgUknZBjk=,A1iNxrPYyM6hgQ38f6gYaLlWdtA=
-15,9,xrJ7G8Pllh6TeLTBonCgUknZBjk=,8VUiNoX5xayaag+WvhFlwpAAzRU=
-10,12,8QFPUZFyly9fMZIyEgt+PV0vYWg=,jI/o8gpV6LMSUWX8cpn872uu0z4=
-9,12,8QFPUZFyly9fMZIyEgt+PV0vYWg=,jI/o8gpV6LMSUWX8cpn872uu0z4=
-9,11,8QFPUZFyly9fMZIyEgt+PV0vYWg=,tSy1+gCxdTVHJBm9Yk96AC86QmA=
-10,11,8QFPUZFyly9fMZIyEgt+PV0vYWg=,tSy1+gCxdTVHJBm9Yk96AC86QmA=
-11,11,8QFPUZFyly9fMZIyEgt+PV0vYWg=,DJTrZTN7H50hPG5knbIVnCkELWs=
-8,11,8QFPUZFyly9fMZIyEgt+PV0vYWg=,BbNsL2Bq77k1+BT2ecp6W6v0pn4=
-11,12,8QFPUZFyly9fMZIyEgt+PV0vYWg=,7RyloQO9QLYIIUqHG1BjDjWA0PE=
-8,12,8QFPUZFyly9fMZIyEgt+PV0vYWg=,NUyUsPohDb32KAuaZ5Ja3APvbB4=
-10,14,zBZ1jWRRO8vbeb1nDhJFOJxl15k=,otI46oTNetTGjp0eLZevJ22jEwI=
-9,13,zBZ1jWRRO8vbeb1nDhJFOJxl15k=,jI/o8gpV6LMSUWX8cpn872uu0z4=
-11,14,zBZ1jWRRO8vbeb1nDhJFOJxl15k=,C7O+jjQxCM00v9W0IEigTMAOeu4=
-9,14,zBZ1jWRRO8vbeb1nDhJFOJxl15k=,otI46oTNetTGjp0eLZevJ22jEwI=
-11,13,zBZ1jWRRO8vbeb1nDhJFOJxl15k=,7RyloQO9QLYIIUqHG1BjDjWA0PE=
-10,13,pwUH3anaeZvRjqCc2cxschDcqZo=,jI/o8gpV6LMSUWX8cpn872uu0z4=
-8,14,pwUH3anaeZvRjqCc2cxschDcqZo=,j3yqFqLnlWRFDmawG3+W8VBsYck=
-8,13,pwUH3anaeZvRjqCc2cxschDcqZo=,NUyUsPohDb32KAuaZ5Ja3APvbB4=
-12,11,pwUH3anaeZvRjqCc2cxschDcqZo=,DJTrZTN7H50hPG5knbIVnCkELWs=
-12,12,pwUH3anaeZvRjqCc2cxschDcqZo=,7RyloQO9QLYIIUqHG1BjDjWA0PE=
-13,11,pwUH3anaeZvRjqCc2cxschDcqZo=,P9juxQapTR92s5maYwIRm2g/KH0=
-13,12,DdsH+GKE9c+HMBb8jwEXz+duSE0=,Hclh6udW8gMQ03n/OErsx45/P1c=
-12,14,DdsH+GKE9c+HMBb8jwEXz+duSE0=,C7O+jjQxCM00v9W0IEigTMAOeu4=
-13,14,DdsH+GKE9c+HMBb8jwEXz+duSE0=,GGEG0m0hNm8CCWlM1VBAUp7ctpc=
-12,13,DdsH+GKE9c+HMBb8jwEXz+duSE0=,7RyloQO9QLYIIUqHG1BjDjWA0PE=
-13,13,DdsH+GKE9c+HMBb8jwEXz+duSE0=,Hclh6udW8gMQ03n/OErsx45/P1c=
-12,15,DdsH+GKE9c+HMBb8jwEXz+duSE0=,C7O+jjQxCM00v9W0IEigTMAOeu4=
-13,15,DdsH+GKE9c+HMBb8jwEXz+duSE0=,GGEG0m0hNm8CCWlM1VBAUp7ctpc=
-10,15,DdsH+GKE9c+HMBb8jwEXz+duSE0=,otI46oTNetTGjp0eLZevJ22jEwI=
-11,15,DdsH+GKE9c+HMBb8jwEXz+duSE0=,C7O+jjQxCM00v9W0IEigTMAOeu4=
-14,11,DdsH+GKE9c+HMBb8jwEXz+duSE0=,P9juxQapTR92s5maYwIRm2g/KH0=
-15,11,DdsH+GKE9c+HMBb8jwEXz+duSE0=,L+vtZphYUUftD2HV8T9MePOQWKQ=
-15,12,DdsH+GKE9c+HMBb8jwEXz+duSE0=,ol3Bz9zJCIhuOSCqCKgrdCyc8IQ=
-14,12,DdsH+GKE9c+HMBb8jwEXz+duSE0=,Hclh6udW8gMQ03n/OErsx45/P1c=
-6,15,DdsH+GKE9c+HMBb8jwEXz+duSE0=,0GMY+G1gyEjpyhOP2Lt7EibEmVk=
-4,15,DdsH+GKE9c+HMBb8jwEXz+duSE0=,daNNKyX8P8kFoOHSEBf6Uk7EM1E=
-5,15,RDOJByqlGzM+5g/ujCpgprH1HQk=,0GMY+G1gyEjpyhOP2Lt7EibEmVk=
-9,15,RDOJByqlGzM+5g/ujCpgprH1HQk=,otI46oTNetTGjp0eLZevJ22jEwI=
-8,15,RDOJByqlGzM+5g/ujCpgprH1HQk=,j3yqFqLnlWRFDmawG3+W8VBsYck=
-7,15,RDOJByqlGzM+5g/ujCpgprH1HQk=,j3yqFqLnlWRFDmawG3+W8VBsYck=
-15,13,RDOJByqlGzM+5g/ujCpgprH1HQk=,ol3Bz9zJCIhuOSCqCKgrdCyc8IQ=
-16,13,RDOJByqlGzM+5g/ujCpgprH1HQk=,ol3Bz9zJCIhuOSCqCKgrdCyc8IQ=
-14,15,RDOJByqlGzM+5g/ujCpgprH1HQk=,GGEG0m0hNm8CCWlM1VBAUp7ctpc=
-16,14,RDOJByqlGzM+5g/ujCpgprH1HQk=,TPFcpZi2ySdNe+6hEVO7fcLLGUg=
-14,13,RDOJByqlGzM+5g/ujCpgprH1HQk=,Hclh6udW8gMQ03n/OErsx45/P1c=
-15,15,RDOJByqlGzM+5g/ujCpgprH1HQk=,TPFcpZi2ySdNe+6hEVO7fcLLGUg=
-14,14,RDOJByqlGzM+5g/ujCpgprH1HQk=,GGEG0m0hNm8CCWlM1VBAUp7ctpc=
-15,14,RDOJByqlGzM+5g/ujCpgprH1HQk=,TPFcpZi2ySdNe+6hEVO7fcLLGUg=
-1,8,RDOJByqlGzM+5g/ujCpgprH1HQk=,8ZvrVwEWjjQnv4wNmFPdF6ZIRMw=
-1,7,RDOJByqlGzM+5g/ujCpgprH1HQk=,mXdl65XH9IseMojUke2Dp2CbGPc=
-1,6,RDOJByqlGzM+5g/ujCpgprH1HQk=,mXdl65XH9IseMojUke2Dp2CbGPc=
-1,5,RDOJByqlGzM+5g/ujCpgprH1HQk=,ft/h0o2mZK5p/n52/TOqJ3MtpLM=
-1,4,RDOJByqlGzM+5g/ujCpgprH1HQk=,ft/h0o2mZK5p/n52/TOqJ3MtpLM=
-1,3,RDOJByqlGzM+5g/ujCpgprH1HQk=,QQbfLvtg5cGZRzyW5JOTt+MkwBU=
-3,15,RDOJByqlGzM+5g/ujCpgprH1HQk=,daNNKyX8P8kFoOHSEBf6Uk7EM1E=
-2,15,RDOJByqlGzM+5g/ujCpgprH1HQk=,3V2AW2rl6LZA6GKaFUd9cL7jNi4=
-2,10,RDOJByqlGzM+5g/ujCpgprH1HQk=,YCw1PB1B70HvatFaVFOCxluPgBo=
-3,9,RDOJByqlGzM+5g/ujCpgprH1HQk=,r3rpj6UbxXQm2xaYeRVqJnSc2wA=
-2,9,RDOJByqlGzM+5g/ujCpgprH1HQk=,8ZvrVwEWjjQnv4wNmFPdF6ZIRMw=
-3,10,RDOJByqlGzM+5g/ujCpgprH1HQk=,aiRA0zwhmxqJOFRoAZ1wuHMSP/I=
-1,9,6o5B9Bu1zLgsV26A7vnweQgHVE0=,8ZvrVwEWjjQnv4wNmFPdF6ZIRMw=
-1,10,6o5B9Bu1zLgsV26A7vnweQgHVE0=,YCw1PB1B70HvatFaVFOCxluPgBo=
-3,11,6o5B9Bu1zLgsV26A7vnweQgHVE0=,aiRA0zwhmxqJOFRoAZ1wuHMSP/I=
-2,14,6o5B9Bu1zLgsV26A7vnweQgHVE0=,3V2AW2rl6LZA6GKaFUd9cL7jNi4=
-3,14,6o5B9Bu1zLgsV26A7vnweQgHVE0=,daNNKyX8P8kFoOHSEBf6Uk7EM1E=
-3,12,6o5B9Bu1zLgsV26A7vnweQgHVE0=,IG1Lo3XcUi56yUZaDaLK+uVgzuU=
-1,11,6o5B9Bu1zLgsV26A7vnweQgHVE0=,YCw1PB1B70HvatFaVFOCxluPgBo=
-2,13,6o5B9Bu1zLgsV26A7vnweQgHVE0=,pGc+c/KpIJN+4RkczOUt/aqX1so=
-2,11,6o5B9Bu1zLgsV26A7vnweQgHVE0=,YCw1PB1B70HvatFaVFOCxluPgBo=
-1,13,6o5B9Bu1zLgsV26A7vnweQgHVE0=,pGc+c/KpIJN+4RkczOUt/aqX1so=
-2,12,6o5B9Bu1zLgsV26A7vnweQgHVE0=,pGc+c/KpIJN+4RkczOUt/aqX1so=
-1,14,4RnoVyOb8E4Ntj1dwMHopG6H+r4=,3V2AW2rl6LZA6GKaFUd9cL7jNi4=
-3,13,4RnoVyOb8E4Ntj1dwMHopG6H+r4=,IG1Lo3XcUi56yUZaDaLK+uVgzuU=
-1,12,4RnoVyOb8E4Ntj1dwMHopG6H+r4=,pGc+c/KpIJN+4RkczOUt/aqX1so=
-6,2,4RnoVyOb8E4Ntj1dwMHopG6H+r4=,A/mq1lDH4z6jjdaX7+vnjPZzL8I=
-7,2,4RnoVyOb8E4Ntj1dwMHopG6H+r4=,moYJjJLXzAwXBUfcCVN6bW953kc=
-7,1,4RnoVyOb8E4Ntj1dwMHopG6H+r4=,B1l66YE5wsOWrJjDqnu/IbFUSNg=
-6,1,4RnoVyOb8E4Ntj1dwMHopG6H+r4=,vD+EFQ7qS1BClu+sb099fjUO1Mo=
-5,1,AnVGmq8II+d3j8RSkD/vZnU91AA=,vD+EFQ7qS1BClu+sb099fjUO1Mo=
-4,2,AnVGmq8II+d3j8RSkD/vZnU91AA=,3X4op3GuoyWUHAokCXbfWlt0am8=
-3,1,AnVGmq8II+d3j8RSkD/vZnU91AA=,y7Ld1k1Dukcir9H962STR8dwKP4=
-3,2,AnVGmq8II+d3j8RSkD/vZnU91AA=,3X4op3GuoyWUHAokCXbfWlt0am8=
-2,1,AnVGmq8II+d3j8RSkD/vZnU91AA=,5W0Xr2L/Jn2y3Pcp1IjPtRK9Oug=
-5,2,AnVGmq8II+d3j8RSkD/vZnU91AA=,A/mq1lDH4z6jjdaX7+vnjPZzL8I=
-4,1,AnVGmq8II+d3j8RSkD/vZnU91AA=,y7Ld1k1Dukcir9H962STR8dwKP4=
-2,2,AnVGmq8II+d3j8RSkD/vZnU91AA=,QQbfLvtg5cGZRzyW5JOTt+MkwBU=
-9,1,AnVGmq8II+d3j8RSkD/vZnU91AA=,YwRIf0yQLNbs+zSs9cv8pxytBGg=
-8,2,Pcu8gYvy6Al2OIECc1wyQc2uMbY=,moYJjJLXzAwXBUfcCVN6bW953kc=
-9,2,Pcu8gYvy6Al2OIECc1wyQc2uMbY=,Tqdn2Gvfff3kLkTPjztEikkhW40=
-8,1,Pcu8gYvy6Al2OIECc1wyQc2uMbY=,B1l66YE5wsOWrJjDqnu/IbFUSNg=
-11,2,Pcu8gYvy6Al2OIECc1wyQc2uMbY=,u2/gsdlRiajOc2cu1bve+nKliD0=
-10,2,Pcu8gYvy6Al2OIECc1wyQc2uMbY=,Tqdn2Gvfff3kLkTPjztEikkhW40=
-11,1,Pcu8gYvy6Al2OIECc1wyQc2uMbY=,9ruUzubsvkxx9u5n/t6TNQeOwv4=
-10,1,Pcu8gYvy6Al2OIECc1wyQc2uMbY=,YwRIf0yQLNbs+zSs9cv8pxytBGg=
-16,4,Pcu8gYvy6Al2OIECc1wyQc2uMbY=,Yc3GmKYrtPs/Xwxsu5pZZ/uRajo=
-16,6,Pcu8gYvy6Al2OIECc1wyQc2uMbY=,N0nd3wiUztyHSgJQpRE9UYlNt/U=
-16,5,Pcu8gYvy6Al2OIECc1wyQc2uMbY=,Yc3GmKYrtPs/Xwxsu5pZZ/uRajo=
-16,15,Pcu8gYvy6Al2OIECc1wyQc2uMbY=,TPFcpZi2ySdNe+6hEVO7fcLLGUg=
-16,8,Pcu8gYvy6Al2OIECc1wyQc2uMbY=,8VUiNoX5xayaag+WvhFlwpAAzRU=
-16,7,Pcu8gYvy6Al2OIECc1wyQc2uMbY=,N0nd3wiUztyHSgJQpRE9UYlNt/U=
-16,3,Pcu8gYvy6Al2OIECc1wyQc2uMbY=,bOq9+U3txXDHRBkvZu1EqfedgD4=
-16,9,Pcu8gYvy6Al2OIECc1wyQc2uMbY=,8VUiNoX5xayaag+WvhFlwpAAzRU=
-16,10,Pcu8gYvy6Al2OIECc1wyQc2uMbY=,L+vtZphYUUftD2HV8T9MePOQWKQ=
-16,12,Pcu8gYvy6Al2OIECc1wyQc2uMbY=,ol3Bz9zJCIhuOSCqCKgrdCyc8IQ=
-12,2,Pcu8gYvy6Al2OIECc1wyQc2uMbY=,u2/gsdlRiajOc2cu1bve+nKliD0=
-16,11,Pcu8gYvy6Al2OIECc1wyQc2uMbY=,L+vtZphYUUftD2HV8T9MePOQWKQ=
-13,2,Pcu8gYvy6Al2OIECc1wyQc2uMbY=,bhohRLa8BM58PXRI4vD9LadZ2Jw=
-13,1,Pcu8gYvy6Al2OIECc1wyQc2uMbY=,9C0vzb6RfaV1CcZtQtqN3f7kz04=
-12,0,Pcu8gYvy6Al2OIECc1wyQc2uMbY=,9ruUzubsvkxx9u5n/t6TNQeOwv4=
-12,1,Pcu8gYvy6Al2OIECc1wyQc2uMbY=,9ruUzubsvkxx9u5n/t6TNQeOwv4=
-14,2,Pcu8gYvy6Al2OIECc1wyQc2uMbY=,bhohRLa8BM58PXRI4vD9LadZ2Jw=
-13,0,Pcu8gYvy6Al2OIECc1wyQc2uMbY=,9C0vzb6RfaV1CcZtQtqN3f7kz04=
-15,1,Pcu8gYvy6Al2OIECc1wyQc2uMbY=,V8s55NRqLlyJUsEjB8yBARqmYf8=
-15,2,Pcu8gYvy6Al2OIECc1wyQc2uMbY=,bOq9+U3txXDHRBkvZu1EqfedgD4=
-16,2,Pcu8gYvy6Al2OIECc1wyQc2uMbY=,bOq9+U3txXDHRBkvZu1EqfedgD4=
-16,1,Pcu8gYvy6Al2OIECc1wyQc2uMbY=,V8s55NRqLlyJUsEjB8yBARqmYf8=
-15,0,Pcu8gYvy6Al2OIECc1wyQc2uMbY=,V8s55NRqLlyJUsEjB8yBARqmYf8=
-14,1,Pcu8gYvy6Al2OIECc1wyQc2uMbY=,9C0vzb6RfaV1CcZtQtqN3f7kz04=
-14,0,Pcu8gYvy6Al2OIECc1wyQc2uMbY=,9C0vzb6RfaV1CcZtQtqN3f7kz04=
-16,0,Pcu8gYvy6Al2OIECc1wyQc2uMbY=,V8s55NRqLlyJUsEjB8yBARqmYf8=
-11,0,Pcu8gYvy6Al2OIECc1wyQc2uMbY=,9ruUzubsvkxx9u5n/t6TNQeOwv4=
-9,0,Pcu8gYvy6Al2OIECc1wyQc2uMbY=,YwRIf0yQLNbs+zSs9cv8pxytBGg=
-8,0,Pcu8gYvy6Al2OIECc1wyQc2uMbY=,B1l66YE5wsOWrJjDqnu/IbFUSNg=
-6,0,Pcu8gYvy6Al2OIECc1wyQc2uMbY=,vD+EFQ7qS1BClu+sb099fjUO1Mo=
-7,0,Pcu8gYvy6Al2OIECc1wyQc2uMbY=,B1l66YE5wsOWrJjDqnu/IbFUSNg=
-5,0,Pcu8gYvy6Al2OIECc1wyQc2uMbY=,vD+EFQ7qS1BClu+sb099fjUO1Mo=
-4,0,Pcu8gYvy6Al2OIECc1wyQc2uMbY=,y7Ld1k1Dukcir9H962STR8dwKP4=
-3,0,Pcu8gYvy6Al2OIECc1wyQc2uMbY=,y7Ld1k1Dukcir9H962STR8dwKP4=
-2,0,Pcu8gYvy6Al2OIECc1wyQc2uMbY=,5W0Xr2L/Jn2y3Pcp1IjPtRK9Oug=
-1,1,Pcu8gYvy6Al2OIECc1wyQc2uMbY=,5W0Xr2L/Jn2y3Pcp1IjPtRK9Oug=
-1,2,Pcu8gYvy6Al2OIECc1wyQc2uMbY=,QQbfLvtg5cGZRzyW5JOTt+MkwBU=
-1,0,Pcu8gYvy6Al2OIECc1wyQc2uMbY=,5W0Xr2L/Jn2y3Pcp1IjPtRK9Oug=
-13,9,Pcu8gYvy6Al2OIECc1wyQc2uMbY=,A1iNxrPYyM6hgQ38f6gYaLlWdtA=
-1,15,Pcu8gYvy6Al2OIECc1wyQc2uMbY=,3V2AW2rl6LZA6GKaFUd9cL7jNi4=
-13,10,Pcu8gYvy6Al2OIECc1wyQc2uMbY=,P9juxQapTR92s5maYwIRm2g/KH0=
-12,9,Pcu8gYvy6Al2OIECc1wyQc2uMbY=,xEtmTrksTc/7lpfu0PtTxFD7Kfs=
-12,5,Pcu8gYvy6Al2OIECc1wyQc2uMbY=,0o+dtad+Wuqf8Ob5FJ7DnQFj9ls=
-10,0,Pcu8gYvy6Al2OIECc1wyQc2uMbY=,YwRIf0yQLNbs+zSs9cv8pxytBGg=
-11,5,Pcu8gYvy6Al2OIECc1wyQc2uMbY=,0o+dtad+Wuqf8Ob5FJ7DnQFj9ls=
-12,10,Pcu8gYvy6Al2OIECc1wyQc2uMbY=,DJTrZTN7H50hPG5knbIVnCkELWs=
-13,5,Pcu8gYvy6Al2OIECc1wyQc2uMbY=,Y/FhigN8F3J+SOW8C6vVvgxcByc=
-12,8,Pcu8gYvy6Al2OIECc1wyQc2uMbY=,xEtmTrksTc/7lpfu0PtTxFD7Kfs=
-12,6,Pcu8gYvy6Al2OIECc1wyQc2uMbY=,zR2N0DGfSAiZbdmTaRN9CWok9J4=
-11,6,Pcu8gYvy6Al2OIECc1wyQc2uMbY=,zR2N0DGfSAiZbdmTaRN9CWok9J4=
-13,6,Pcu8gYvy6Al2OIECc1wyQc2uMbY=,FEy/fCmjgP0a2rKhVXeyM9n1ORM=
-13,8,Pcu8gYvy6Al2OIECc1wyQc2uMbY=,A1iNxrPYyM6hgQ38f6gYaLlWdtA=
-10,5,Pcu8gYvy6Al2OIECc1wyQc2uMbY=,BGqMYXp8Xrziw4G2U4s+qn2gsNM=
-13,7,Pcu8gYvy6Al2OIECc1wyQc2uMbY=,FEy/fCmjgP0a2rKhVXeyM9n1ORM=
-12,7,Pcu8gYvy6Al2OIECc1wyQc2uMbY=,zR2N0DGfSAiZbdmTaRN9CWok9J4=
-11,9,Pcu8gYvy6Al2OIECc1wyQc2uMbY=,xEtmTrksTc/7lpfu0PtTxFD7Kfs=
-10,10,Pcu8gYvy6Al2OIECc1wyQc2uMbY=,tSy1+gCxdTVHJBm9Yk96AC86QmA=
-10,8,Pcu8gYvy6Al2OIECc1wyQc2uMbY=,Wrqi8NmgGMZhjH+RgSjIhBfH4Ow=
-10,6,Pcu8gYvy6Al2OIECc1wyQc2uMbY=,LgaEEeFFsoytAB43ryN7ASqQI1w=
-11,8,Pcu8gYvy6Al2OIECc1wyQc2uMbY=,xEtmTrksTc/7lpfu0PtTxFD7Kfs=
-10,9,Pcu8gYvy6Al2OIECc1wyQc2uMbY=,Wrqi8NmgGMZhjH+RgSjIhBfH4Ow=
-9,10,Pcu8gYvy6Al2OIECc1wyQc2uMbY=,tSy1+gCxdTVHJBm9Yk96AC86QmA=
-11,10,Pcu8gYvy6Al2OIECc1wyQc2uMbY=,DJTrZTN7H50hPG5knbIVnCkELWs=
-11,7,Pcu8gYvy6Al2OIECc1wyQc2uMbY=,zR2N0DGfSAiZbdmTaRN9CWok9J4=
-9,9,Pcu8gYvy6Al2OIECc1wyQc2uMbY=,Wrqi8NmgGMZhjH+RgSjIhBfH4Ow=
-8,8,Pcu8gYvy6Al2OIECc1wyQc2uMbY=,dhXB608FSDBrPTAJEX1dFa60GYc=
-10,7,Pcu8gYvy6Al2OIECc1wyQc2uMbY=,LgaEEeFFsoytAB43ryN7ASqQI1w=
-9,8,Pcu8gYvy6Al2OIECc1wyQc2uMbY=,Wrqi8NmgGMZhjH+RgSjIhBfH4Ow=
-8,7,Pcu8gYvy6Al2OIECc1wyQc2uMbY=,xvCt71DrPf+azCxt7ylbWz6VnBc=
-9,7,Pcu8gYvy6Al2OIECc1wyQc2uMbY=,LgaEEeFFsoytAB43ryN7ASqQI1w=
-8,9,Pcu8gYvy6Al2OIECc1wyQc2uMbY=,dhXB608FSDBrPTAJEX1dFa60GYc=
-8,10,Pcu8gYvy6Al2OIECc1wyQc2uMbY=,BbNsL2Bq77k1+BT2ecp6W6v0pn4=
