1,2,cNKddERzmjhylU/9i+REQ19Ab+w=,OwtpdAs+Vx7qvlzuSauun8zfTiQ=
1,1,cNKddERzmjhylU/9i+REQ19Ab+w=,W/nYgj69unC0iuamM7wp0y/IMBI=
2,1,cNKddERzmjhylU/9i+REQ19Ab+w=,FPi9qUfC5U7ozF7HWW6yWYRw7cE=
2,2,cNKddERzmjhylU/9i+REQ19Ab+w=,1/uDTd78um7vD4Vxs1cNVukUSDc=
2,4,VDM/oxlWD9v/ne0BF1sx7JNLaOw=,MbF+7alszdfQ+fuPSvGzO/Udyxo=
1,3,VDM/oxlWD9v/ne0BF1sx7JNLaOw=,OwtpdAs+Vx7qvlzuSauun8zfTiQ=
1,4,VDM/oxlWD9v/ne0BF1sx7JNLaOw=,hM1RjQUSJKH1gkHLBhTOdbCYDMc=
2,3,VDM/oxlWD9v/ne0BF1sx7JNLaOw=,1/uDTd78um7vD4Vxs1cNVukUSDc=
2,5,VDM/oxlWD9v/ne0BF1sx7JNLaOw=,MbF+7alszdfQ+fuPSvGzO/Udyxo=
1,5,VDM/oxlWD9v/ne0BF1sx7JNLaOw=,hM1RjQUSJKH1gkHLBhTOdbCYDMc=
2,6,VDM/oxlWD9v/ne0BF1sx7JNLaOw=,yDfgU2zVSq4KLupubVLOnjB73hY=
1,6,VDM/oxlWD9v/ne0BF1sx7JNLaOw=,HxhaXCPgHai8Gu4o7EWCo7TKyNQ=
2,8,qKOGwxjk5I5tdMGQM68uyx80Ewk=,gK0Lx4CNcAVonQ6zAj7PeAk3OTg=
1,7,qKOGwxjk5I5tdMGQM68uyx80Ewk=,HxhaXCPgHai8Gu4o7EWCo7TKyNQ=
1,8,qKOGwxjk5I5tdMGQM68uyx80Ewk=,Z70Y9KyhAULHjCouUPL7SrGjGqY=
2,7,qKOGwxjk5I5tdMGQM68uyx80Ewk=,yDfgU2zVSq4KLupubVLOnjB73hY=
2,9,qKOGwxjk5I5tdMGQM68uyx80Ewk=,gK0Lx4CNcAVonQ6zAj7PeAk3OTg=
2,10,qKOGwxjk5I5tdMGQM68uyx80Ewk=,VrtFdrVNNm4ullm4FrFuYV0xMao=
1,10,qKOGwxjk5I5tdMGQM68uyx80Ewk=,Y6Cvk1vPi9XpvYYRfkmB/m0nVzg=
1,9,qKOGwxjk5I5tdMGQM68uyx80Ewk=,Z70Y9KyhAULHjCouUPL7SrGjGqY=
2,13,aC7pTYeEQqHs8oErYyA9ieWUmT4=,D2dj5RILc65KHTQDYHxCyc+v6WU=
1,14,aC7pTYeEQqHs8oErYyA9ieWUmT4=,LqJBSoh1dQQPI9cqf5DOJoGifKs=
2,14,aC7pTYeEQqHs8oErYyA9ieWUmT4=,BM+dY93gzqUzZcm4Isvi1h3+zD0=
1,13,aC7pTYeEQqHs8oErYyA9ieWUmT4=,iOlOP39ZDI6D7QDE9hOnf7RzuSI=
1,12,aC7pTYeEQqHs8oErYyA9ieWUmT4=,iOlOP39ZDI6D7QDE9hOnf7RzuSI=
1,11,aC7pTYeEQqHs8oErYyA9ieWUmT4=,Y6Cvk1vPi9XpvYYRfkmB/m0nVzg=
2,11,aC7pTYeEQqHs8oErYyA9ieWUmT4=,VrtFdrVNNm4ullm4FrFuYV0xMao=
2,12,aC7pTYeEQqHs8oErYyA9ieWUmT4=,D2dj5RILc65KHTQDYHxCyc+v6WU=
4,14,gzeMqSxtvFKR61eliE4It0ip/0E=,fvcS5r0NFuJ29LpuqaT+jfvHobk=
3,14,gzeMqSxtvFKR61eliE4It0ip/0E=,BM+dY93gzqUzZcm4Isvi1h3+zD0=
3,13,gzeMqSxtvFKR61eliE4It0ip/0E=,D2dj5RILc65KHTQDYHxCyc+v6WU=
4,13,gzeMqSxtvFKR61eliE4It0ip/0E=,M8xKn5PqhkYOA0+935YGIkHBsQo=
3,12,gzeMqSxtvFKR61eliE4It0ip/0E=,D2dj5RILc65KHTQDYHxCyc+v6WU=
4,11,gzeMqSxtvFKR61eliE4It0ip/0E=,sqWHJ+gKD8JeXcYAv6kMR3DkhkM=
4,12,gzeMqSxtvFKR61eliE4It0ip/0E=,M8xKn5PqhkYOA0+935YGIkHBsQo=
3,11,gzeMqSxtvFKR61eliE4It0ip/0E=,VrtFdrVNNm4ullm4FrFuYV0xMao=
4,10,gzeMqSxtvFKR61eliE4It0ip/0E=,sqWHJ+gKD8JeXcYAv6kMR3DkhkM=
4,9,gzeMqSxtvFKR61eliE4It0ip/0E=,UXigCdV1EwIUF2u2JxbM6RH7H6M=
3,10,gzeMqSxtvFKR61eliE4It0ip/0E=,VrtFdrVNNm4ullm4FrFuYV0xMao=
3,9,gzeMqSxtvFKR61eliE4It0ip/0E=,gK0Lx4CNcAVonQ6zAj7PeAk3OTg=
4,8,4QBp0Z+g2COhlBq1j1QVJrgXsEY=,UXigCdV1EwIUF2u2JxbM6RH7H6M=
3,8,4QBp0Z+g2COhlBq1j1QVJrgXsEY=,gK0Lx4CNcAVonQ6zAj7PeAk3OTg=
3,7,4QBp0Z+g2COhlBq1j1QVJrgXsEY=,yDfgU2zVSq4KLupubVLOnjB73hY=
4,7,4QBp0Z+g2COhlBq1j1QVJrgXsEY=,wB9aBPhEULlk1pu5Sa6yl7HwVqE=
4,6,4QBp0Z+g2COhlBq1j1QVJrgXsEY=,wB9aBPhEULlk1pu5Sa6yl7HwVqE=
4,5,4QBp0Z+g2COhlBq1j1QVJrgXsEY=,RtLXTi/qjoU1MR6qukQXUjisMgk=
3,5,4QBp0Z+g2COhlBq1j1QVJrgXsEY=,MbF+7alszdfQ+fuPSvGzO/Udyxo=
3,6,4QBp0Z+g2COhlBq1j1QVJrgXsEY=,yDfgU2zVSq4KLupubVLOnjB73hY=
3,3,JD9powVXCeSR6Y7oNnCd7SOoyxI=,1/uDTd78um7vD4Vxs1cNVukUSDc=
3,4,JD9powVXCeSR6Y7oNnCd7SOoyxI=,MbF+7alszdfQ+fuPSvGzO/Udyxo=
4,4,JD9powVXCeSR6Y7oNnCd7SOoyxI=,RtLXTi/qjoU1MR6qukQXUjisMgk=
4,3,JD9powVXCeSR6Y7oNnCd7SOoyxI=,1FsU+d6pPCjWTcEckggfM1xalXY=
4,2,JD9powVXCeSR6Y7oNnCd7SOoyxI=,1FsU+d6pPCjWTcEckggfM1xalXY=
3,2,JD9powVXCeSR6Y7oNnCd7SOoyxI=,1/uDTd78um7vD4Vxs1cNVukUSDc=
4,1,JD9powVXCeSR6Y7oNnCd7SOoyxI=,TCvvEkE2YqVixlCxmuRuKTiuFUQ=
3,1,JD9powVXCeSR6Y7oNnCd7SOoyxI=,FPi9qUfC5U7ozF7HWW6yWYRw7cE=
6,3,pCrC2IPRQ8cCkLCWT0PzzwWje8Y=,9NzbGeEPKlj4WAJBqdydk2PcpC0=
6,4,pCrC2IPRQ8cCkLCWT0PzzwWje8Y=,Th7AGXU2IoJn5d/VZSpEa8gXGFE=
5,4,pCrC2IPRQ8cCkLCWT0PzzwWje8Y=,RtLXTi/qjoU1MR6qukQXUjisMgk=
5,3,pCrC2IPRQ8cCkLCWT0PzzwWje8Y=,1FsU+d6pPCjWTcEckggfM1xalXY=
5,1,pCrC2IPRQ8cCkLCWT0PzzwWje8Y=,TCvvEkE2YqVixlCxmuRuKTiuFUQ=
6,2,pCrC2IPRQ8cCkLCWT0PzzwWje8Y=,9NzbGeEPKlj4WAJBqdydk2PcpC0=
5,2,pCrC2IPRQ8cCkLCWT0PzzwWje8Y=,1FsU+d6pPCjWTcEckggfM1xalXY=
6,1,pCrC2IPRQ8cCkLCWT0PzzwWje8Y=,75/KhyvN/aeYhZ7XEPwV/FbJQkA=
6,5,3oVCWoVKU45HGx0SAPI8VRUFQ0Q=,Th7AGXU2IoJn5d/VZSpEa8gXGFE=
5,6,3oVCWoVKU45HGx0SAPI8VRUFQ0Q=,wB9aBPhEULlk1pu5Sa6yl7HwVqE=
5,5,3oVCWoVKU45HGx0SAPI8VRUFQ0Q=,RtLXTi/qjoU1MR6qukQXUjisMgk=
6,6,3oVCWoVKU45HGx0SAPI8VRUFQ0Q=,K4jWTyDI8PnKNMf8D/LipOzJAew=
6,8,AoBHfskraqVz5hXbWMK7wJPXBXA=,50i2Z0pSN5f+ry1WI/ROoX4Eze4=
5,8,AoBHfskraqVz5hXbWMK7wJPXBXA=,UXigCdV1EwIUF2u2JxbM6RH7H6M=
5,7,AoBHfskraqVz5hXbWMK7wJPXBXA=,wB9aBPhEULlk1pu5Sa6yl7HwVqE=
6,7,AoBHfskraqVz5hXbWMK7wJPXBXA=,K4jWTyDI8PnKNMf8D/LipOzJAew=
5,14,AoBHfskraqVz5hXbWMK7wJPXBXA=,fvcS5r0NFuJ29LpuqaT+jfvHobk=
6,13,AoBHfskraqVz5hXbWMK7wJPXBXA=,FjdFbeWFGHslWDPrfg6Ls87/dkI=
6,14,AoBHfskraqVz5hXbWMK7wJPXBXA=,9TW07I+bT6hXC1MPlVJT0YKJFDI=
5,13,AoBHfskraqVz5hXbWMK7wJPXBXA=,M8xKn5PqhkYOA0+935YGIkHBsQo=
5,12,AoBHfskraqVz5hXbWMK7wJPXBXA=,M8xKn5PqhkYOA0+935YGIkHBsQo=
5,9,AoBHfskraqVz5hXbWMK7wJPXBXA=,UXigCdV1EwIUF2u2JxbM6RH7H6M=
6,12,AoBHfskraqVz5hXbWMK7wJPXBXA=,FjdFbeWFGHslWDPrfg6Ls87/dkI=
5,10,AoBHfskraqVz5hXbWMK7wJPXBXA=,sqWHJ+gKD8JeXcYAv6kMR3DkhkM=
5,11,AoBHfskraqVz5hXbWMK7wJPXBXA=,sqWHJ+gKD8JeXcYAv6kMR3DkhkM=
6,10,AoBHfskraqVz5hXbWMK7wJPXBXA=,0aIS2eRRQpHe6dArJKW0sdtllfg=
6,11,AoBHfskraqVz5hXbWMK7wJPXBXA=,0aIS2eRRQpHe6dArJKW0sdtllfg=
6,9,AoBHfskraqVz5hXbWMK7wJPXBXA=,50i2Z0pSN5f+ry1WI/ROoX4Eze4=
8,10,oHIcGPgwkTSYc3I3JSd+36yyAd8=,oNgdp1ekbcD8lcjZpU8YaQRjOeM=
7,10,oHIcGPgwkTSYc3I3JSd+36yyAd8=,0aIS2eRRQpHe6dArJKW0sdtllfg=
8,9,oHIcGPgwkTSYc3I3JSd+36yyAd8=,MXyGFncW9zEZT7A5W4SO6j69LF4=
7,9,oHIcGPgwkTSYc3I3JSd+36yyAd8=,50i2Z0pSN5f+ry1WI/ROoX4Eze4=
8,7,W+SQeAH4UTO/HUqJuWMU2KkwksA=,DEm+PayIfkwvQT0VchNJ8U7iStE=
8,8,W+SQeAH4UTO/HUqJuWMU2KkwksA=,MXyGFncW9zEZT7A5W4SO6j69LF4=
7,8,W+SQeAH4UTO/HUqJuWMU2KkwksA=,50i2Z0pSN5f+ry1WI/ROoX4Eze4=
7,7,W+SQeAH4UTO/HUqJuWMU2KkwksA=,K4jWTyDI8PnKNMf8D/LipOzJAew=
7,12,W+SQeAH4UTO/HUqJuWMU2KkwksA=,FjdFbeWFGHslWDPrfg6Ls87/dkI=
8,12,W+SQeAH4UTO/HUqJuWMU2KkwksA=,BOteMAe8WwdhLe9lQ5gesXsCS7A=
7,11,W+SQeAH4UTO/HUqJuWMU2KkwksA=,0aIS2eRRQpHe6dArJKW0sdtllfg=
8,11,W+SQeAH4UTO/HUqJuWMU2KkwksA=,oNgdp1ekbcD8lcjZpU8YaQRjOeM=
8,6,PUqB23Y/o+s5cRrcsj+Mvbv66Tk=,DEm+PayIfkwvQT0VchNJ8U7iStE=
7,5,PUqB23Y/o+s5cRrcsj+Mvbv66Tk=,Th7AGXU2IoJn5d/VZSpEa8gXGFE=
8,5,PUqB23Y/o+s5cRrcsj+Mvbv66Tk=,NHWP8QRwrQc5wke1OGV7lzPqiMo=
7,6,PUqB23Y/o+s5cRrcsj+Mvbv66Tk=,K4jWTyDI8PnKNMf8D/LipOzJAew=
8,4,PUqB23Y/o+s5cRrcsj+Mvbv66Tk=,NHWP8QRwrQc5wke1OGV7lzPqiMo=
7,4,PUqB23Y/o+s5cRrcsj+Mvbv66Tk=,Th7AGXU2IoJn5d/VZSpEa8gXGFE=
8,3,PUqB23Y/o+s5cRrcsj+Mvbv66Tk=,7eU6dKQIPY2qIQHefom3Jdur1ZM=
7,3,PUqB23Y/o+s5cRrcsj+Mvbv66Tk=,9NzbGeEPKlj4WAJBqdydk2PcpC0=
7,13,PUqB23Y/o+s5cRrcsj+Mvbv66Tk=,FjdFbeWFGHslWDPrfg6Ls87/dkI=
7,14,PUqB23Y/o+s5cRrcsj+Mvbv66Tk=,9TW07I+bT6hXC1MPlVJT0YKJFDI=
8,13,PUqB23Y/o+s5cRrcsj+Mvbv66Tk=,BOteMAe8WwdhLe9lQ5gesXsCS7A=
8,14,PUqB23Y/o+s5cRrcsj+Mvbv66Tk=,dBW+wDiXzpUDV/rnv2oq1pIOQTg=
8,2,PUqB23Y/o+s5cRrcsj+Mvbv66Tk=,7eU6dKQIPY2qIQHefom3Jdur1ZM=
7,2,PUqB23Y/o+s5cRrcsj+Mvbv66Tk=,9NzbGeEPKlj4WAJBqdydk2PcpC0=
7,1,PUqB23Y/o+s5cRrcsj+Mvbv66Tk=,75/KhyvN/aeYhZ7XEPwV/FbJQkA=
8,1,PUqB23Y/o+s5cRrcsj+Mvbv66Tk=,H65ngUnxzk/FfC5Raf6DWFprZ/E=
9,1,IC68UWb1UTXALef/ZduMlLCxz/o=,H65ngUnxzk/FfC5Raf6DWFprZ/E=
9,2,IC68UWb1UTXALef/ZduMlLCxz/o=,7eU6dKQIPY2qIQHefom3Jdur1ZM=
10,2,IC68UWb1UTXALef/ZduMlLCxz/o=,ys9w4T2B0x6zL3YzXSFeX63goio=
10,1,IC68UWb1UTXALef/ZduMlLCxz/o=,eHVpDpjm4xyrSDA5PLyO3d8U2Wg=
10,6,IC68UWb1UTXALef/ZduMlLCxz/o=,K5x1no2CAkeTaVgc7B/hG5OuJrY=
10,5,IC68UWb1UTXALef/ZduMlLCxz/o=,OHLzPJAHvWTNjm8MDGkZfQ6iNW8=
9,6,IC68UWb1UTXALef/ZduMlLCxz/o=,DEm+PayIfkwvQT0VchNJ8U7iStE=
9,3,IC68UWb1UTXALef/ZduMlLCxz/o=,7eU6dKQIPY2qIQHefom3Jdur1ZM=
9,5,IC68UWb1UTXALef/ZduMlLCxz/o=,NHWP8QRwrQc5wke1OGV7lzPqiMo=
9,4,IC68UWb1UTXALef/ZduMlLCxz/o=,NHWP8QRwrQc5wke1OGV7lzPqiMo=
10,4,IC68UWb1UTXALef/ZduMlLCxz/o=,OHLzPJAHvWTNjm8MDGkZfQ6iNW8=
10,3,IC68UWb1UTXALef/ZduMlLCxz/o=,ys9w4T2B0x6zL3YzXSFeX63goio=
10,7,qtlcE31gvmOsw14QCiuydrXibzo=,K5x1no2CAkeTaVgc7B/hG5OuJrY=
10,10,qtlcE31gvmOsw14QCiuydrXibzo=,2xpBHE0oebdxsR84x4OqO8jP6VY=
9,9,qtlcE31gvmOsw14QCiuydrXibzo=,MXyGFncW9zEZT7A5W4SO6j69LF4=
10,9,qtlcE31gvmOsw14QCiuydrXibzo=,BzN2J/QFxnowv9EioqNrT4ssuk8=
10,8,qtlcE31gvmOsw14QCiuydrXibzo=,BzN2J/QFxnowv9EioqNrT4ssuk8=
9,7,qtlcE31gvmOsw14QCiuydrXibzo=,DEm+PayIfkwvQT0VchNJ8U7iStE=
9,8,qtlcE31gvmOsw14QCiuydrXibzo=,MXyGFncW9zEZT7A5W4SO6j69LF4=
9,10,qtlcE31gvmOsw14QCiuydrXibzo=,oNgdp1ekbcD8lcjZpU8YaQRjOeM=
10,14,qtlcE31gvmOsw14QCiuydrXibzo=,xCrboQe6JPVmvN9vnShVOn07Rak=
9,11,qtlcE31gvmOsw14QCiuydrXibzo=,oNgdp1ekbcD8lcjZpU8YaQRjOeM=
9,13,qtlcE31gvmOsw14QCiuydrXibzo=,BOteMAe8WwdhLe9lQ5gesXsCS7A=
10,13,qtlcE31gvmOsw14QCiuydrXibzo=,u/R2xKWiotvW7F8OlvcgwABUNzI=
9,12,qtlcE31gvmOsw14QCiuydrXibzo=,BOteMAe8WwdhLe9lQ5gesXsCS7A=
9,14,qtlcE31gvmOsw14QCiuydrXibzo=,dBW+wDiXzpUDV/rnv2oq1pIOQTg=
10,12,qtlcE31gvmOsw14QCiuydrXibzo=,u/R2xKWiotvW7F8OlvcgwABUNzI=
10,11,qtlcE31gvmOsw14QCiuydrXibzo=,2xpBHE0oebdxsR84x4OqO8jP6VY=
11,7,PGv08T//Qk2tJAH+ZhIrBsH7GGs=,K5x1no2CAkeTaVgc7B/hG5OuJrY=
11,8,PGv08T//Qk2tJAH+ZhIrBsH7GGs=,BzN2J/QFxnowv9EioqNrT4ssuk8=
12,7,PGv08T//Qk2tJAH+ZhIrBsH7GGs=,ZNKfFsQDGFacQN6p1H9Mb2fZwIs=
12,8,PGv08T//Qk2tJAH+ZhIrBsH7GGs=,CH/xKPzxfR3heQCCh19VID3vlOY=
11,9,PGv08T//Qk2tJAH+ZhIrBsH7GGs=,BzN2J/QFxnowv9EioqNrT4ssuk8=
11,10,PGv08T//Qk2tJAH+ZhIrBsH7GGs=,2xpBHE0oebdxsR84x4OqO8jP6VY=
12,11,PGv08T//Qk2tJAH+ZhIrBsH7GGs=,yKsoe74J+r5347qv5T26RlMQWeE=
11,11,PGv08T//Qk2tJAH+ZhIrBsH7GGs=,2xpBHE0oebdxsR84x4OqO8jP6VY=
12,9,PGv08T//Qk2tJAH+ZhIrBsH7GGs=,CH/xKPzxfR3heQCCh19VID3vlOY=
12,10,PGv08T//Qk2tJAH+ZhIrBsH7GGs=,yKsoe74J+r5347qv5T26RlMQWeE=
11,12,PGv08T//Qk2tJAH+ZhIrBsH7GGs=,u/R2xKWiotvW7F8OlvcgwABUNzI=
12,12,PGv08T//Qk2tJAH+ZhIrBsH7GGs=,+Dm5rscvLO93hOkdlT09nFeTOq0=
12,14,UUPc+lf7cL1EOuM0inGZTTU8tCQ=,pTdaFBl2G5uyA7HjVmooktf6Hls=
11,14,UUPc+lf7cL1EOuM0inGZTTU8tCQ=,xCrboQe6JPVmvN9vnShVOn07Rak=
11,13,UUPc+lf7cL1EOuM0inGZTTU8tCQ=,u/R2xKWiotvW7F8OlvcgwABUNzI=
12,13,UUPc+lf7cL1EOuM0inGZTTU8tCQ=,+Dm5rscvLO93hOkdlT09nFeTOq0=
11,5,UUPc+lf7cL1EOuM0inGZTTU8tCQ=,OHLzPJAHvWTNjm8MDGkZfQ6iNW8=
12,6,UUPc+lf7cL1EOuM0inGZTTU8tCQ=,ZNKfFsQDGFacQN6p1H9Mb2fZwIs=
11,6,UUPc+lf7cL1EOuM0inGZTTU8tCQ=,K5x1no2CAkeTaVgc7B/hG5OuJrY=
12,5,UUPc+lf7cL1EOuM0inGZTTU8tCQ=,KS8dYR3/ewio+Btlo9hZSQqq454=
11,2,E0ot0ErhTFQIM4EJlMXdPSakpw0=,ys9w4T2B0x6zL3YzXSFeX63goio=
12,3,E0ot0ErhTFQIM4EJlMXdPSakpw0=,Ak2rbOXQkp8hczOXIPnQyxzscl8=
12,4,E0ot0ErhTFQIM4EJlMXdPSakpw0=,KS8dYR3/ewio+Btlo9hZSQqq454=
12,2,E0ot0ErhTFQIM4EJlMXdPSakpw0=,Ak2rbOXQkp8hczOXIPnQyxzscl8=
11,4,E0ot0ErhTFQIM4EJlMXdPSakpw0=,OHLzPJAHvWTNjm8MDGkZfQ6iNW8=
11,1,E0ot0ErhTFQIM4EJlMXdPSakpw0=,eHVpDpjm4xyrSDA5PLyO3d8U2Wg=
11,3,E0ot0ErhTFQIM4EJlMXdPSakpw0=,ys9w4T2B0x6zL3YzXSFeX63goio=
12,1,E0ot0ErhTFQIM4EJlMXdPSakpw0=,938BzfA84bZae++Sdlqjue/MeMM=
14,3,HSvIsqmQwWDUbKHbI4Ujk0pCdPU=,jWk3a31tTxIcDn2lrvzw5eCZ5DE=
13,4,HSvIsqmQwWDUbKHbI4Ujk0pCdPU=,KS8dYR3/ewio+Btlo9hZSQqq454=
13,3,HSvIsqmQwWDUbKHbI4Ujk0pCdPU=,Ak2rbOXQkp8hczOXIPnQyxzscl8=
14,4,HSvIsqmQwWDUbKHbI4Ujk0pCdPU=,pZ+eWWFHQ/fhsKB8Y0eyJxZQ83A=
13,6,HSvIsqmQwWDUbKHbI4Ujk0pCdPU=,ZNKfFsQDGFacQN6p1H9Mb2fZwIs=
13,5,HSvIsqmQwWDUbKHbI4Ujk0pCdPU=,KS8dYR3/ewio+Btlo9hZSQqq454=
14,5,HSvIsqmQwWDUbKHbI4Ujk0pCdPU=,pZ+eWWFHQ/fhsKB8Y0eyJxZQ83A=
13,2,HSvIsqmQwWDUbKHbI4Ujk0pCdPU=,Ak2rbOXQkp8hczOXIPnQyxzscl8=
14,1,HSvIsqmQwWDUbKHbI4Ujk0pCdPU=,vQdCKzp95LVpvPzIIwr6hPDCAno=
14,2,HSvIsqmQwWDUbKHbI4Ujk0pCdPU=,jWk3a31tTxIcDn2lrvzw5eCZ5DE=
13,1,HSvIsqmQwWDUbKHbI4Ujk0pCdPU=,938BzfA84bZae++Sdlqjue/MeMM=
14,6,HSvIsqmQwWDUbKHbI4Ujk0pCdPU=,WZhD4/dZS3Xr5l+L14g/1clpWU4=
14,7,PcMt2GV3yWSO/ZGT6HJrUqAqfK0=,WZhD4/dZS3Xr5l+L14g/1clpWU4=
13,7,PcMt2GV3yWSO/ZGT6HJrUqAqfK0=,ZNKfFsQDGFacQN6p1H9Mb2fZwIs=
14,8,PcMt2GV3yWSO/ZGT6HJrUqAqfK0=,HoeAtwo0xZ77xid9M6CTNBtIiZM=
13,8,PcMt2GV3yWSO/ZGT6HJrUqAqfK0=,CH/xKPzxfR3heQCCh19VID3vlOY=
13,15,PcMt2GV3yWSO/ZGT6HJrUqAqfK0=,pTdaFBl2G5uyA7HjVmooktf6Hls=
14,15,PcMt2GV3yWSO/ZGT6HJrUqAqfK0=,vqwdsWf2F28wevv7aYGx6n9KI4U=
15,14,PcMt2GV3yWSO/ZGT6HJrUqAqfK0=,vqwdsWf2F28wevv7aYGx6n9KI4U=
14,14,PcMt2GV3yWSO/ZGT6HJrUqAqfK0=,vqwdsWf2F28wevv7aYGx6n9KI4U=
15,13,PcMt2GV3yWSO/ZGT6HJrUqAqfK0=,ljUKm1wg8/BEEmzlaOCUIO0MRU8=
14,13,PcMt2GV3yWSO/ZGT6HJrUqAqfK0=,ljUKm1wg8/BEEmzlaOCUIO0MRU8=
13,13,PcMt2GV3yWSO/ZGT6HJrUqAqfK0=,+Dm5rscvLO93hOkdlT09nFeTOq0=
11,15,PcMt2GV3yWSO/ZGT6HJrUqAqfK0=,xCrboQe6JPVmvN9vnShVOn07Rak=
13,14,PcMt2GV3yWSO/ZGT6HJrUqAqfK0=,pTdaFBl2G5uyA7HjVmooktf6Hls=
12,15,PcMt2GV3yWSO/ZGT6HJrUqAqfK0=,pTdaFBl2G5uyA7HjVmooktf6Hls=
13,9,PcMt2GV3yWSO/ZGT6HJrUqAqfK0=,CH/xKPzxfR3heQCCh19VID3vlOY=
13,12,PcMt2GV3yWSO/ZGT6HJrUqAqfK0=,+Dm5rscvLO93hOkdlT09nFeTOq0=
14,9,PcMt2GV3yWSO/ZGT6HJrUqAqfK0=,HoeAtwo0xZ77xid9M6CTNBtIiZM=
13,10,PcMt2GV3yWSO/ZGT6HJrUqAqfK0=,yKsoe74J+r5347qv5T26RlMQWeE=
13,11,PcMt2GV3yWSO/ZGT6HJrUqAqfK0=,yKsoe74J+r5347qv5T26RlMQWeE=
14,12,PcMt2GV3yWSO/ZGT6HJrUqAqfK0=,ljUKm1wg8/BEEmzlaOCUIO0MRU8=
14,11,PcMt2GV3yWSO/ZGT6HJrUqAqfK0=,0+OUktwRr05/pLYIa1QPqlc3dLc=
15,11,PcMt2GV3yWSO/ZGT6HJrUqAqfK0=,0+OUktwRr05/pLYIa1QPqlc3dLc=
15,12,PcMt2GV3yWSO/ZGT6HJrUqAqfK0=,ljUKm1wg8/BEEmzlaOCUIO0MRU8=
6,15,PcMt2GV3yWSO/ZGT6HJrUqAqfK0=,9TW07I+bT6hXC1MPlVJT0YKJFDI=
7,15,PcMt2GV3yWSO/ZGT6HJrUqAqfK0=,9TW07I+bT6hXC1MPlVJT0YKJFDI=
10,15,PcMt2GV3yWSO/ZGT6HJrUqAqfK0=,xCrboQe6JPVmvN9vnShVOn07Rak=
14,10,PcMt2GV3yWSO/ZGT6HJrUqAqfK0=,0+OUktwRr05/pLYIa1QPqlc3dLc=
5,15,PcMt2GV3yWSO/ZGT6HJrUqAqfK0=,fvcS5r0NFuJ29LpuqaT+jfvHobk=
4,15,PcMt2GV3yWSO/ZGT6HJrUqAqfK0=,fvcS5r0NFuJ29LpuqaT+jfvHobk=
9,15,PcMt2GV3yWSO/ZGT6HJrUqAqfK0=,dBW+wDiXzpUDV/rnv2oq1pIOQTg=
8,15,PcMt2GV3yWSO/ZGT6HJrUqAqfK0=,dBW+wDiXzpUDV/rnv2oq1pIOQTg=
3,15,PcMt2GV3yWSO/ZGT6HJrUqAqfK0=,BM+dY93gzqUzZcm4Isvi1h3+zD0=
2,15,PcMt2GV3yWSO/ZGT6HJrUqAqfK0=,BM+dY93gzqUzZcm4Isvi1h3+zD0=
1,15,PcMt2GV3yWSO/ZGT6HJrUqAqfK0=,LqJBSoh1dQQPI9cqf5DOJoGifKs=
0,14,PcMt2GV3yWSO/ZGT6HJrUqAqfK0=,LqJBSoh1dQQPI9cqf5DOJoGifKs=
0,12,PcMt2GV3yWSO/ZGT6HJrUqAqfK0=,iOlOP39ZDI6D7QDE9hOnf7RzuSI=
0,13,PcMt2GV3yWSO/ZGT6HJrUqAqfK0=,iOlOP39ZDI6D7QDE9hOnf7RzuSI=
0,11,PcMt2GV3yWSO/ZGT6HJrUqAqfK0=,Y6Cvk1vPi9XpvYYRfkmB/m0nVzg=
0,10,PcMt2GV3yWSO/ZGT6HJrUqAqfK0=,Y6Cvk1vPi9XpvYYRfkmB/m0nVzg=
0,9,PcMt2GV3yWSO/ZGT6HJrUqAqfK0=,Z70Y9KyhAULHjCouUPL7SrGjGqY=
0,6,PcMt2GV3yWSO/ZGT6HJrUqAqfK0=,HxhaXCPgHai8Gu4o7EWCo7TKyNQ=
0,8,PcMt2GV3yWSO/ZGT6HJrUqAqfK0=,Z70Y9KyhAULHjCouUPL7SrGjGqY=
0,7,PcMt2GV3yWSO/ZGT6HJrUqAqfK0=,HxhaXCPgHai8Gu4o7EWCo7TKyNQ=
0,5,PcMt2GV3yWSO/ZGT6HJrUqAqfK0=,hM1RjQUSJKH1gkHLBhTOdbCYDMc=
0,4,PcMt2GV3yWSO/ZGT6HJrUqAqfK0=,hM1RjQUSJKH1gkHLBhTOdbCYDMc=
0,3,PcMt2GV3yWSO/ZGT6HJrUqAqfK0=,OwtpdAs+Vx7qvlzuSauun8zfTiQ=
0,0,PcMt2GV3yWSO/ZGT6HJrUqAqfK0=,W/nYgj69unC0iuamM7wp0y/IMBI=
0,1,PcMt2GV3yWSO/ZGT6HJrUqAqfK0=,W/nYgj69unC0iuamM7wp0y/IMBI=
0,2,PcMt2GV3yWSO/ZGT6HJrUqAqfK0=,OwtpdAs+Vx7qvlzuSauun8zfTiQ=
4,0,PcMt2GV3yWSO/ZGT6HJrUqAqfK0=,TCvvEkE2YqVixlCxmuRuKTiuFUQ=
1,0,PcMt2GV3yWSO/ZGT6HJrUqAqfK0=,W/nYgj69unC0iuamM7wp0y/IMBI=
2,0,PcMt2GV3yWSO/ZGT6HJrUqAqfK0=,FPi9qUfC5U7ozF7HWW6yWYRw7cE=
3,0,PcMt2GV3yWSO/ZGT6HJrUqAqfK0=,FPi9qUfC5U7ozF7HWW6yWYRw7cE=
5,0,PcMt2GV3yWSO/ZGT6HJrUqAqfK0=,TCvvEkE2YqVixlCxmuRuKTiuFUQ=
8,0,PcMt2GV3yWSO/ZGT6HJrUqAqfK0=,H65ngUnxzk/FfC5Raf6DWFprZ/E=
6,0,PcMt2GV3yWSO/ZGT6HJrUqAqfK0=,75/KhyvN/aeYhZ7XEPwV/FbJQkA=
7,0,PcMt2GV3yWSO/ZGT6HJrUqAqfK0=,75/KhyvN/aeYhZ7XEPwV/FbJQkA=
10,0,PcMt2GV3yWSO/ZGT6HJrUqAqfK0=,eHVpDpjm4xyrSDA5PLyO3d8U2Wg=
11,0,PcMt2GV3yWSO/ZGT6HJrUqAqfK0=,eHVpDpjm4xyrSDA5PLyO3d8U2Wg=
9,0,PcMt2GV3yWSO/ZGT6HJrUqAqfK0=,H65ngUnxzk/FfC5Raf6DWFprZ/E=
12,0,PcMt2GV3yWSO/ZGT6HJrUqAqfK0=,938BzfA84bZae++Sdlqjue/MeMM=
14,0,PcMt2GV3yWSO/ZGT6HJrUqAqfK0=,vQdCKzp95LVpvPzIIwr6hPDCAno=
13,0,PcMt2GV3yWSO/ZGT6HJrUqAqfK0=,938BzfA84bZae++Sdlqjue/MeMM=
15,1,PcMt2GV3yWSO/ZGT6HJrUqAqfK0=,vQdCKzp95LVpvPzIIwr6hPDCAno=
15,4,PcMt2GV3yWSO/ZGT6HJrUqAqfK0=,pZ+eWWFHQ/fhsKB8Y0eyJxZQ83A=
15,15,PcMt2GV3yWSO/ZGT6HJrUqAqfK0=,vqwdsWf2F28wevv7aYGx6n9KI4U=
15,2,PcMt2GV3yWSO/ZGT6HJrUqAqfK0=,jWk3a31tTxIcDn2lrvzw5eCZ5DE=
15,3,PcMt2GV3yWSO/ZGT6HJrUqAqfK0=,jWk3a31tTxIcDn2lrvzw5eCZ5DE=
15,0,PcMt2GV3yWSO/ZGT6HJrUqAqfK0=,vQdCKzp95LVpvPzIIwr6hPDCAno=
0,15,PcMt2GV3yWSO/ZGT6HJrUqAqfK0=,LqJBSoh1dQQPI9cqf5DOJoGifKs=
15,9,PcMt2GV3yWSO/ZGT6HJrUqAqfK0=,HoeAtwo0xZ77xid9M6CTNBtIiZM=
15,10,PcMt2GV3yWSO/ZGT6HJrUqAqfK0=,0+OUktwRr05/pLYIa1QPqlc3dLc=
15,8,PcMt2GV3yWSO/ZGT6HJrUqAqfK0=,HoeAtwo0xZ77xid9M6CTNBtIiZM=
15,5,PcMt2GV3yWSO/ZGT6HJrUqAqfK0=,pZ+eWWFHQ/fhsKB8Y0eyJxZQ83A=
15,6,PcMt2GV3yWSO/ZGT6HJrUqAqfK0=,WZhD4/dZS3Xr5l+L14g/1clpWU4=
15,7,PcMt2GV3yWSO/ZGT6HJrUqAqfK0=,WZhD4/dZS3Xr5l+L14g/1clpWU4=
0,27,16EAKh4bAeqKLgcpOEUNw/f2nN0=,vtj/0Q7k7Bopn6QD0ZgHdHwc04w=
1,28,16EAKh4bAeqKLgcpOEUNw/f2nN0=,D6Ex71ulNRwjN4IUHD/Z/3e1wSA=
0,28,16EAKh4bAeqKLgcpOEUNw/f2nN0=,D6Ex71ulNRwjN4IUHD/Z/3e1wSA=
1,27,16EAKh4bAeqKLgcpOEUNw/f2nN0=,vtj/0Q7k7Bopn6QD0ZgHdHwc04w=
2,19,CV8lfNGhimkwIhVpsKeoLdoCP0E=,wEbHLgq84HHU1eXwSIZHUxa8Iuo=
2,20,CV8lfNGhimkwIhVpsKeoLdoCP0E=,3Z/2t5uTCAxDFsWBWsaEecsaprE=
1,20,CV8lfNGhimkwIhVpsKeoLdoCP0E=,D7adsFBIv424BDasuucV/MO5LfM=
1,19,CV8lfNGhimkwIhVpsKeoLdoCP0E=,3vC11Ex0G4EnGpuxNxOLCxQsPC8=
4,18,n+9mDxH82OFb5vNBa2/VRAXXYUg=,Q/FxcQOCNh4/oMLKc5tuIYB4Cr4=
3,17,n+9mDxH82OFb5vNBa2/VRAXXYUg=,TmeV02DiG2si5F+pcIUIM02d9eM=
3,18,n+9mDxH82OFb5vNBa2/VRAXXYUg=,wEbHLgq84HHU1eXwSIZHUxa8Iuo=
4,17,n+9mDxH82OFb5vNBa2/VRAXXYUg=,u8K/2g6Dj3T/asRVZ8qYGMSpiH4=
2,17,n+9mDxH82OFb5vNBa2/VRAXXYUg=,TmeV02DiG2si5F+pcIUIM02d9eM=
2,18,n+9mDxH82OFb5vNBa2/VRAXXYUg=,wEbHLgq84HHU1eXwSIZHUxa8Iuo=
1,18,n+9mDxH82OFb5vNBa2/VRAXXYUg=,3vC11Ex0G4EnGpuxNxOLCxQsPC8=
3,20,n+9mDxH82OFb5vNBa2/VRAXXYUg=,3Z/2t5uTCAxDFsWBWsaEecsaprE=
3,19,n+9mDxH82OFb5vNBa2/VRAXXYUg=,wEbHLgq84HHU1eXwSIZHUxa8Iuo=
4,20,n+9mDxH82OFb5vNBa2/VRAXXYUg=,iFWlP7u05wnhXLn6xI/1vmuvO+s=
1,17,n+9mDxH82OFb5vNBa2/VRAXXYUg=,NjYxj7dh8kMkW4rv0R79UqGuA+k=
4,19,n+9mDxH82OFb5vNBa2/VRAXXYUg=,Q/FxcQOCNh4/oMLKc5tuIYB4Cr4=
6,20,n+9mDxH82OFb5vNBa2/VRAXXYUg=,cZpi2XMv0GWe6ngAUX/4PDwfR0k=
5,20,n+9mDxH82OFb5vNBa2/VRAXXYUg=,iFWlP7u05wnhXLn6xI/1vmuvO+s=
6,19,n+9mDxH82OFb5vNBa2/VRAXXYUg=,urhLZxF/6UWploC/bQB8FOd/fxI=
5,19,n+9mDxH82OFb5vNBa2/VRAXXYUg=,Q/FxcQOCNh4/oMLKc5tuIYB4Cr4=
6,18,u/t4zp2Ct3SLBwWxcMN4Fpa595U=,urhLZxF/6UWploC/bQB8FOd/fxI=
5,18,u/t4zp2Ct3SLBwWxcMN4Fpa595U=,Q/FxcQOCNh4/oMLKc5tuIYB4Cr4=
5,17,u/t4zp2Ct3SLBwWxcMN4Fpa595U=,u8K/2g6Dj3T/asRVZ8qYGMSpiH4=
6,17,u/t4zp2Ct3SLBwWxcMN4Fpa595U=,4anU8MTRVjvatMn9h0yfObci7Y0=
8,20,2Cq2Gh1DshC9BzHugAzwBuN0zRE=,Es68fLP4cnW81sa2DLLjPxhYWlk=
7,20,2Cq2Gh1DshC9BzHugAzwBuN0zRE=,cZpi2XMv0GWe6ngAUX/4PDwfR0k=
7,19,2Cq2Gh1DshC9BzHugAzwBuN0zRE=,urhLZxF/6UWploC/bQB8FOd/fxI=
8,19,2Cq2Gh1DshC9BzHugAzwBuN0zRE=,UST0BdXOUrfZr+j8jW0GWaav3/U=
7,17,2Cq2Gh1DshC9BzHugAzwBuN0zRE=,4anU8MTRVjvatMn9h0yfObci7Y0=
7,18,2Cq2Gh1DshC9BzHugAzwBuN0zRE=,urhLZxF/6UWploC/bQB8FOd/fxI=
8,18,2Cq2Gh1DshC9BzHugAzwBuN0zRE=,UST0BdXOUrfZr+j8jW0GWaav3/U=
8,17,2Cq2Gh1DshC9BzHugAzwBuN0zRE=,UZXO+Bo8dgh47TRKrmw+uUs6xn8=
9,20,2Cq2Gh1DshC9BzHugAzwBuN0zRE=,Es68fLP4cnW81sa2DLLjPxhYWlk=
10,20,2Cq2Gh1DshC9BzHugAzwBuN0zRE=,/q3Ry3MmrQoyga/90/g0SYSpkN0=
10,19,2Cq2Gh1DshC9BzHugAzwBuN0zRE=,HQOstZSzixdCdjVtA1kftfWXQX4=
9,19,2Cq2Gh1DshC9BzHugAzwBuN0zRE=,UST0BdXOUrfZr+j8jW0GWaav3/U=
10,18,GwAE5tHv/Oll//I2Pc487I0v6lg=,HQOstZSzixdCdjVtA1kftfWXQX4=
10,17,GwAE5tHv/Oll//I2Pc487I0v6lg=,W3v07kNgTGYUJaAER68YkU4YsAs=
9,18,GwAE5tHv/Oll//I2Pc487I0v6lg=,UST0BdXOUrfZr+j8jW0GWaav3/U=
9,17,GwAE5tHv/Oll//I2Pc487I0v6lg=,UZXO+Bo8dgh47TRKrmw+uUs6xn8=
14,19,GwAE5tHv/Oll//I2Pc487I0v6lg=,vOAJkW+LN37vNd5Ud0+iAXb1k7c=
14,20,GwAE5tHv/Oll//I2Pc487I0v6lg=,RbZpJs5Yj1/sFx82/p/17FUu0+c=
11,19,GwAE5tHv/Oll//I2Pc487I0v6lg=,HQOstZSzixdCdjVtA1kftfWXQX4=
13,20,GwAE5tHv/Oll//I2Pc487I0v6lg=,k9BzNBSrUAuszNtwJbUOOGRQAEA=
12,20,GwAE5tHv/Oll//I2Pc487I0v6lg=,k9BzNBSrUAuszNtwJbUOOGRQAEA=
13,19,GwAE5tHv/Oll//I2Pc487I0v6lg=,MlEoONR+5YPMAE/98xHTWJgWSMg=
12,19,GwAE5tHv/Oll//I2Pc487I0v6lg=,MlEoONR+5YPMAE/98xHTWJgWSMg=
11,20,GwAE5tHv/Oll//I2Pc487I0v6lg=,/q3Ry3MmrQoyga/90/g0SYSpkN0=
14,17,GwAE5tHv/Oll//I2Pc487I0v6lg=,exWCRXp733zp6iJgsvC75U3m1Xw=
13,17,GwAE5tHv/Oll//I2Pc487I0v6lg=,tdWQ+NERZhi+4UqQhmuaf8jvb8M=
14,18,GwAE5tHv/Oll//I2Pc487I0v6lg=,vOAJkW+LN37vNd5Ud0+iAXb1k7c=
11,18,GwAE5tHv/Oll//I2Pc487I0v6lg=,HQOstZSzixdCdjVtA1kftfWXQX4=
13,18,GwAE5tHv/Oll//I2Pc487I0v6lg=,MlEoONR+5YPMAE/98xHTWJgWSMg=
12,18,GwAE5tHv/Oll//I2Pc487I0v6lg=,MlEoONR+5YPMAE/98xHTWJgWSMg=
12,17,GwAE5tHv/Oll//I2Pc487I0v6lg=,tdWQ+NERZhi+4UqQhmuaf8jvb8M=
11,17,GwAE5tHv/Oll//I2Pc487I0v6lg=,W3v07kNgTGYUJaAER68YkU4YsAs=
14,22,GwAE5tHv/Oll//I2Pc487I0v6lg=,ssF8P08PiJbrimMwJTn4i9L9axo=
14,21,GwAE5tHv/Oll//I2Pc487I0v6lg=,RbZpJs5Yj1/sFx82/p/17FUu0+c=
13,21,GwAE5tHv/Oll//I2Pc487I0v6lg=,k9BzNBSrUAuszNtwJbUOOGRQAEA=
14,24,QYVe1uXu1qUfUD/gfnqApBqBaV8=,9k5/kgG0xdJaA60rfiyJrJeFbTM=
14,23,QYVe1uXu1qUfUD/gfnqApBqBaV8=,ssF8P08PiJbrimMwJTn4i9L9axo=
1,29,QYVe1uXu1qUfUD/gfnqApBqBaV8=,D6Ex71ulNRwjN4IUHD/Z/3e1wSA=
1,30,QYVe1uXu1qUfUD/gfnqApBqBaV8=,vlDXrZpPGMNzzK1/sUoXYlCCTV0=
13,26,QYVe1uXu1qUfUD/gfnqApBqBaV8=,xAe5KLV/gH46waVlP3jMFzzgNkQ=
14,26,QYVe1uXu1qUfUD/gfnqApBqBaV8=,+FacUm/HVTYW2ftBRC7mptXVun8=
15,26,QYVe1uXu1qUfUD/gfnqApBqBaV8=,+FacUm/HVTYW2ftBRC7mptXVun8=
14,25,QYVe1uXu1qUfUD/gfnqApBqBaV8=,9k5/kgG0xdJaA60rfiyJrJeFbTM=
1,31,QYVe1uXu1qUfUD/gfnqApBqBaV8=,vlDXrZpPGMNzzK1/sUoXYlCCTV0=
15,25,QYVe1uXu1qUfUD/gfnqApBqBaV8=,9k5/kgG0xdJaA60rfiyJrJeFbTM=
0,31,QYVe1uXu1qUfUD/gfnqApBqBaV8=,vlDXrZpPGMNzzK1/sUoXYlCCTV0=
0,30,QYVe1uXu1qUfUD/gfnqApBqBaV8=,vlDXrZpPGMNzzK1/sUoXYlCCTV0=
0,29,QYVe1uXu1qUfUD/gfnqApBqBaV8=,D6Ex71ulNRwjN4IUHD/Z/3e1wSA=
13,31,QYVe1uXu1qUfUD/gfnqApBqBaV8=,VimxnGl4NNfWTBqorHX+EuNuAek=
14,31,QYVe1uXu1qUfUD/gfnqApBqBaV8=,hxaqLBUNNrWlXFhDMerj19LJ6JQ=
15,31,QYVe1uXu1qUfUD/gfnqApBqBaV8=,hxaqLBUNNrWlXFhDMerj19LJ6JQ=
4,16,QYVe1uXu1qUfUD/gfnqApBqBaV8=,u8K/2g6Dj3T/asRVZ8qYGMSpiH4=
3,16,QYVe1uXu1qUfUD/gfnqApBqBaV8=,TmeV02DiG2si5F+pcIUIM02d9eM=
6,16,QYVe1uXu1qUfUD/gfnqApBqBaV8=,4anU8MTRVjvatMn9h0yfObci7Y0=
5,16,QYVe1uXu1qUfUD/gfnqApBqBaV8=,u8K/2g6Dj3T/asRVZ8qYGMSpiH4=
1,16,QYVe1uXu1qUfUD/gfnqApBqBaV8=,NjYxj7dh8kMkW4rv0R79UqGuA+k=
2,16,QYVe1uXu1qUfUD/gfnqApBqBaV8=,TmeV02DiG2si5F+pcIUIM02d9eM=
7,16,QYVe1uXu1qUfUD/gfnqApBqBaV8=,4anU8MTRVjvatMn9h0yfObci7Y0=
8,16,QYVe1uXu1qUfUD/gfnqApBqBaV8=,UZXO+Bo8dgh47TRKrmw+uUs6xn8=
10,16,QYVe1uXu1qUfUD/gfnqApBqBaV8=,W3v07kNgTGYUJaAER68YkU4YsAs=
12,16,QYVe1uXu1qUfUD/gfnqApBqBaV8=,tdWQ+NERZhi+4UqQhmuaf8jvb8M=
15,18,QYVe1uXu1qUfUD/gfnqApBqBaV8=,vOAJkW+LN37vNd5Ud0+iAXb1k7c=
15,17,QYVe1uXu1qUfUD/gfnqApBqBaV8=,exWCRXp733zp6iJgsvC75U3m1Xw=
11,16,QYVe1uXu1qUfUD/gfnqApBqBaV8=,W3v07kNgTGYUJaAER68YkU4YsAs=
9,16,QYVe1uXu1qUfUD/gfnqApBqBaV8=,UZXO+Bo8dgh47TRKrmw+uUs6xn8=
13,16,QYVe1uXu1qUfUD/gfnqApBqBaV8=,tdWQ+NERZhi+4UqQhmuaf8jvb8M=
14,16,QYVe1uXu1qUfUD/gfnqApBqBaV8=,exWCRXp733zp6iJgsvC75U3m1Xw=
15,16,QYVe1uXu1qUfUD/gfnqApBqBaV8=,exWCRXp733zp6iJgsvC75U3m1Xw=
2,21,QYVe1uXu1qUfUD/gfnqApBqBaV8=,3Z/2t5uTCAxDFsWBWsaEecsaprE=
1,22,QYVe1uXu1qUfUD/gfnqApBqBaV8=,vlfYfVs9dO0G4oD/ryDkKzTJ4H4=
4,21,QYVe1uXu1qUfUD/gfnqApBqBaV8=,iFWlP7u05wnhXLn6xI/1vmuvO+s=
3,21,QYVe1uXu1qUfUD/gfnqApBqBaV8=,3Z/2t5uTCAxDFsWBWsaEecsaprE=
6,21,QYVe1uXu1qUfUD/gfnqApBqBaV8=,cZpi2XMv0GWe6ngAUX/4PDwfR0k=
5,21,QYVe1uXu1qUfUD/gfnqApBqBaV8=,iFWlP7u05wnhXLn6xI/1vmuvO+s=
7,21,QYVe1uXu1qUfUD/gfnqApBqBaV8=,cZpi2XMv0GWe6ngAUX/4PDwfR0k=
1,21,QYVe1uXu1qUfUD/gfnqApBqBaV8=,D7adsFBIv424BDasuucV/MO5LfM=
0,20,QYVe1uXu1qUfUD/gfnqApBqBaV8=,D7adsFBIv424BDasuucV/MO5LfM=
1,23,QYVe1uXu1qUfUD/gfnqApBqBaV8=,vlfYfVs9dO0G4oD/ryDkKzTJ4H4=
1,26,QYVe1uXu1qUfUD/gfnqApBqBaV8=,vtj/0Q7k7Bopn6QD0ZgHdHwc04w=
1,25,QYVe1uXu1qUfUD/gfnqApBqBaV8=,6DGY9JmbLgbmkhBhdvnRHszNe9w=
8,21,QYVe1uXu1qUfUD/gfnqApBqBaV8=,Es68fLP4cnW81sa2DLLjPxhYWlk=
1,24,QYVe1uXu1qUfUD/gfnqApBqBaV8=,6DGY9JmbLgbmkhBhdvnRHszNe9w=
0,18,QYVe1uXu1qUfUD/gfnqApBqBaV8=,3vC11Ex0G4EnGpuxNxOLCxQsPC8=
15,20,QYVe1uXu1qUfUD/gfnqApBqBaV8=,RbZpJs5Yj1/sFx82/p/17FUu0+c=
15,19,QYVe1uXu1qUfUD/gfnqApBqBaV8=,vOAJkW+LN37vNd5Ud0+iAXb1k7c=
0,17,QYVe1uXu1qUfUD/gfnqApBqBaV8=,NjYxj7dh8kMkW4rv0R79UqGuA+k=
0,22,QYVe1uXu1qUfUD/gfnqApBqBaV8=,vlfYfVs9dO0G4oD/ryDkKzTJ4H4=
12,28,QYVe1uXu1qUfUD/gfnqApBqBaV8=,sHTKVBCjAnu3WZlxLluKCPw4EHg=
12,27,QYVe1uXu1qUfUD/gfnqApBqBaV8=,xAe5KLV/gH46waVlP3jMFzzgNkQ=
12,30,QYVe1uXu1qUfUD/gfnqApBqBaV8=,VimxnGl4NNfWTBqorHX+EuNuAek=
12,29,QYVe1uXu1qUfUD/gfnqApBqBaV8=,sHTKVBCjAnu3WZlxLluKCPw4EHg=
9,21,QYVe1uXu1qUfUD/gfnqApBqBaV8=,Es68fLP4cnW81sa2DLLjPxhYWlk=
12,21,QYVe1uXu1qUfUD/gfnqApBqBaV8=,k9BzNBSrUAuszNtwJbUOOGRQAEA=
0,19,QYVe1uXu1qUfUD/gfnqApBqBaV8=,3vC11Ex0G4EnGpuxNxOLCxQsPC8=
11,21,QYVe1uXu1qUfUD/gfnqApBqBaV8=,/q3Ry3MmrQoyga/90/g0SYSpkN0=
12,31,QYVe1uXu1qUfUD/gfnqApBqBaV8=,VimxnGl4NNfWTBqorHX+EuNuAek=
12,26,QYVe1uXu1qUfUD/gfnqApBqBaV8=,xAe5KLV/gH46waVlP3jMFzzgNkQ=
0,23,QYVe1uXu1qUfUD/gfnqApBqBaV8=,vlfYfVs9dO0G4oD/ryDkKzTJ4H4=
0,24,QYVe1uXu1qUfUD/gfnqApBqBaV8=,6DGY9JmbLgbmkhBhdvnRHszNe9w=
0,25,QYVe1uXu1qUfUD/gfnqApBqBaV8=,6DGY9JmbLgbmkhBhdvnRHszNe9w=
0,26,QYVe1uXu1qUfUD/gfnqApBqBaV8=,vtj/0Q7k7Bopn6QD0ZgHdHwc04w=
0,21,QYVe1uXu1qUfUD/gfnqApBqBaV8=,D7adsFBIv424BDasuucV/MO5LfM=
10,21,QYVe1uXu1qUfUD/gfnqApBqBaV8=,/q3Ry3MmrQoyga/90/g0SYSpkN0=
15,22,QYVe1uXu1qUfUD/gfnqApBqBaV8=,ssF8P08PiJbrimMwJTn4i9L9axo=
15,21,QYVe1uXu1qUfUD/gfnqApBqBaV8=,RbZpJs5Yj1/sFx82/p/17FUu0+c=
15,24,QYVe1uXu1qUfUD/gfnqApBqBaV8=,9k5/kgG0xdJaA60rfiyJrJeFbTM=
15,23,QYVe1uXu1qUfUD/gfnqApBqBaV8=,ssF8P08PiJbrimMwJTn4i9L9axo=
0,16,QYVe1uXu1qUfUD/gfnqApBqBaV8=,NjYxj7dh8kMkW4rv0R79UqGuA+k=
13,30,QYVe1uXu1qUfUD/gfnqApBqBaV8=,VimxnGl4NNfWTBqorHX+EuNuAek=
13,28,QYVe1uXu1qUfUD/gfnqApBqBaV8=,sHTKVBCjAnu3WZlxLluKCPw4EHg=
13,29,QYVe1uXu1qUfUD/gfnqApBqBaV8=,sHTKVBCjAnu3WZlxLluKCPw4EHg=
14,30,QYVe1uXu1qUfUD/gfnqApBqBaV8=,hxaqLBUNNrWlXFhDMerj19LJ6JQ=
14,28,QYVe1uXu1qUfUD/gfnqApBqBaV8=,f6kUpjnmCxRuESLfphuNVDUHztw=
13,27,QYVe1uXu1qUfUD/gfnqApBqBaV8=,xAe5KLV/gH46waVlP3jMFzzgNkQ=
15,30,QYVe1uXu1qUfUD/gfnqApBqBaV8=,hxaqLBUNNrWlXFhDMerj19LJ6JQ=
14,27,QYVe1uXu1qUfUD/gfnqApBqBaV8=,+FacUm/HVTYW2ftBRC7mptXVun8=
14,29,QYVe1uXu1qUfUD/gfnqApBqBaV8=,f6kUpjnmCxRuESLfphuNVDUHztw=
15,29,QYVe1uXu1qUfUD/gfnqApBqBaV8=,f6kUpjnmCxRuESLfphuNVDUHztw=
15,28,QYVe1uXu1qUfUD/gfnqApBqBaV8=,f6kUpjnmCxRuESLfphuNVDUHztw=
15,27,QYVe1uXu1qUfUD/gfnqApBqBaV8=,+FacUm/HVTYW2ftBRC7mptXVun8=
30,18,e7zOFEdCbksqE/QlsGWZn7xBWew=,CSC4EUecNFvPt+0aTMSsfHxgtxw=
29,17,e7zOFEdCbksqE/QlsGWZn7xBWew=,HJra186fiBKbbkEVUuh5YcSMHY8=
29,18,e7zOFEdCbksqE/QlsGWZn7xBWew=,irzjLcsoDHJTKPZvNVQVN3Bg4u8=
30,17,e7zOFEdCbksqE/QlsGWZn7xBWew=,yHNH4DPeXIXI/inX9+AzlZ9g85g=
30,22,ESzv+1yEXqi5A90VZfLNmh1Eba8=,XgTOr+BuNptCDXtSqrvX+vYiS+0=
29,22,ESzv+1yEXqi5A90VZfLNmh1Eba8=,CwOJyBfk+Hve8SxIAvsg9VLIOAg=
29,21,ESzv+1yEXqi5A90VZfLNmh1Eba8=,caj73aHB5HndVXMWs1SpN8Yziy0=
30,21,ESzv+1yEXqi5A90VZfLNmh1Eba8=,C5cgmIatS5ujshnizlLm8L+BNHQ=
29,20,ESzv+1yEXqi5A90VZfLNmh1Eba8=,caj73aHB5HndVXMWs1SpN8Yziy0=
29,19,ESzv+1yEXqi5A90VZfLNmh1Eba8=,irzjLcsoDHJTKPZvNVQVN3Bg4u8=
30,19,ESzv+1yEXqi5A90VZfLNmh1Eba8=,CSC4EUecNFvPt+0aTMSsfHxgtxw=
30,20,ESzv+1yEXqi5A90VZfLNmh1Eba8=,C5cgmIatS5ujshnizlLm8L+BNHQ=
30,24,jgZ4QrTJvt2LtINz2KNoZj725tA=,dylVFYSwRU+04En6qfNvq8fVyKE=
30,23,jgZ4QrTJvt2LtINz2KNoZj725tA=,XgTOr+BuNptCDXtSqrvX+vYiS+0=
29,24,jgZ4QrTJvt2LtINz2KNoZj725tA=,rWfj3/SoN5NyHwVHTHoioHBB5j0=
29,23,jgZ4QrTJvt2LtINz2KNoZj725tA=,CwOJyBfk+Hve8SxIAvsg9VLIOAg=
27,24,jgZ4QrTJvt2LtINz2KNoZj725tA=,kbVeRZHsEX7xDVS7xwLpQHwyAZE=
27,23,jgZ4QrTJvt2LtINz2KNoZj725tA=,FUDP5uS1NRMwdRF3fSvfMYSBKt4=
28,24,jgZ4QrTJvt2LtINz2KNoZj725tA=,rWfj3/SoN5NyHwVHTHoioHBB5j0=
28,23,jgZ4QrTJvt2LtINz2KNoZj725tA=,CwOJyBfk+Hve8SxIAvsg9VLIOAg=
27,22,u2TrX/5plal95w4/C+V9YoT4W+M=,FUDP5uS1NRMwdRF3fSvfMYSBKt4=
28,22,u2TrX/5plal95w4/C+V9YoT4W+M=,CwOJyBfk+Hve8SxIAvsg9VLIOAg=
28,21,u2TrX/5plal95w4/C+V9YoT4W+M=,caj73aHB5HndVXMWs1SpN8Yziy0=
27,21,u2TrX/5plal95w4/C+V9YoT4W+M=,IAM0AnfG4vwG2wf2Ky72S4hyci8=
30,26,u2TrX/5plal95w4/C+V9YoT4W+M=,IRY0W3cE8+IWR/r42ERU9gDX1X4=
29,26,u2TrX/5plal95w4/C+V9YoT4W+M=,rzsl4RlPqpRPjH7pHEu7vafQwto=
29,25,u2TrX/5plal95w4/C+V9YoT4W+M=,rWfj3/SoN5NyHwVHTHoioHBB5j0=
30,25,u2TrX/5plal95w4/C+V9YoT4W+M=,dylVFYSwRU+04En6qfNvq8fVyKE=
28,25,u2TrX/5plal95w4/C+V9YoT4W+M=,rWfj3/SoN5NyHwVHTHoioHBB5j0=
27,25,u2TrX/5plal95w4/C+V9YoT4W+M=,kbVeRZHsEX7xDVS7xwLpQHwyAZE=
28,26,u2TrX/5plal95w4/C+V9YoT4W+M=,rzsl4RlPqpRPjH7pHEu7vafQwto=
27,26,u2TrX/5plal95w4/C+V9YoT4W+M=,O2ndFw6E4WOh3XCQYQQOj/QHNRM=
30,28,8UHAHM5kALbkNQPxyREMsxRmCI8=,6kMLQGCcrjeX9zO2ud/lbBBdNe4=
27,28,8UHAHM5kALbkNQPxyREMsxRmCI8=,bFcY+DX/mDv24PBdEVsE3KoVLfg=
29,27,8UHAHM5kALbkNQPxyREMsxRmCI8=,rzsl4RlPqpRPjH7pHEu7vafQwto=
27,27,8UHAHM5kALbkNQPxyREMsxRmCI8=,O2ndFw6E4WOh3XCQYQQOj/QHNRM=
29,28,8UHAHM5kALbkNQPxyREMsxRmCI8=,jHn9SajG9xbEC/dW8G68rhEleLs=
28,28,8UHAHM5kALbkNQPxyREMsxRmCI8=,jHn9SajG9xbEC/dW8G68rhEleLs=
30,27,8UHAHM5kALbkNQPxyREMsxRmCI8=,IRY0W3cE8+IWR/r42ERU9gDX1X4=
28,27,8UHAHM5kALbkNQPxyREMsxRmCI8=,rzsl4RlPqpRPjH7pHEu7vafQwto=
27,30,8UHAHM5kALbkNQPxyREMsxRmCI8=,im2emE7qPZv6E+7HoA5jMeh7YDA=
30,30,8UHAHM5kALbkNQPxyREMsxRmCI8=,F6RrVWCk9fhFSfnYNSxKJWiplQM=
30,29,8UHAHM5kALbkNQPxyREMsxRmCI8=,6kMLQGCcrjeX9zO2ud/lbBBdNe4=
27,29,8UHAHM5kALbkNQPxyREMsxRmCI8=,bFcY+DX/mDv24PBdEVsE3KoVLfg=
28,30,8UHAHM5kALbkNQPxyREMsxRmCI8=,IXXetbVd4c352Gy1FpgXzOQrEPo=
28,29,8UHAHM5kALbkNQPxyREMsxRmCI8=,jHn9SajG9xbEC/dW8G68rhEleLs=
29,30,8UHAHM5kALbkNQPxyREMsxRmCI8=,IXXetbVd4c352Gy1FpgXzOQrEPo=
29,29,8UHAHM5kALbkNQPxyREMsxRmCI8=,jHn9SajG9xbEC/dW8G68rhEleLs=
26,30,8UHAHM5kALbkNQPxyREMsxRmCI8=,im2emE7qPZv6E+7HoA5jMeh7YDA=
25,30,8UHAHM5kALbkNQPxyREMsxRmCI8=,+NrnRGSzJSsl5VgjD7MXDxOlh0Y=
26,29,8UHAHM5kALbkNQPxyREMsxRmCI8=,bFcY+DX/mDv24PBdEVsE3KoVLfg=
25,29,8UHAHM5kALbkNQPxyREMsxRmCI8=,MPua5vIdLX3NDBgBXPgtAI6ah6s=
26,25,BJnTFIilYbyYce1GUoNH2y/UXOI=,kbVeRZHsEX7xDVS7xwLpQHwyAZE=
26,26,BJnTFIilYbyYce1GUoNH2y/UXOI=,O2ndFw6E4WOh3XCQYQQOj/QHNRM=
23,27,BJnTFIilYbyYce1GUoNH2y/UXOI=,1vHcEtuuhv/yr9QHqQe4o4ia3kQ=
23,28,BJnTFIilYbyYce1GUoNH2y/UXOI=,Va0i5CyyfgRUuGVzmc5AFPXDyFY=
24,28,BJnTFIilYbyYce1GUoNH2y/UXOI=,MPua5vIdLX3NDBgBXPgtAI6ah6s=
25,28,BJnTFIilYbyYce1GUoNH2y/UXOI=,MPua5vIdLX3NDBgBXPgtAI6ah6s=
24,27,BJnTFIilYbyYce1GUoNH2y/UXOI=,ttgmJ0QRAEmyRqTVeIA85eyo9bM=
26,27,BJnTFIilYbyYce1GUoNH2y/UXOI=,O2ndFw6E4WOh3XCQYQQOj/QHNRM=
26,28,BJnTFIilYbyYce1GUoNH2y/UXOI=,bFcY+DX/mDv24PBdEVsE3KoVLfg=
25,27,BJnTFIilYbyYce1GUoNH2y/UXOI=,ttgmJ0QRAEmyRqTVeIA85eyo9bM=
25,25,BJnTFIilYbyYce1GUoNH2y/UXOI=,dJ/s//86wIwXZaecqrLuYxCS53M=
25,26,BJnTFIilYbyYce1GUoNH2y/UXOI=,ttgmJ0QRAEmyRqTVeIA85eyo9bM=
23,26,BJnTFIilYbyYce1GUoNH2y/UXOI=,1vHcEtuuhv/yr9QHqQe4o4ia3kQ=
24,25,BJnTFIilYbyYce1GUoNH2y/UXOI=,dJ/s//86wIwXZaecqrLuYxCS53M=
24,26,BJnTFIilYbyYce1GUoNH2y/UXOI=,ttgmJ0QRAEmyRqTVeIA85eyo9bM=
23,25,BJnTFIilYbyYce1GUoNH2y/UXOI=,mJknUH92GSQK2zRx6cFQScO8QqM=
20,24,RSACwrv450IY2XUlIuXwBG2UPOc=,awS22Sb3mMXVPx3DZ3emAK7zbec=
20,23,RSACwrv450IY2XUlIuXwBG2UPOc=,wkbX2L3tkWtFLO1axvpC49exIjM=
19,24,RSACwrv450IY2XUlIuXwBG2UPOc=,u0JpsUL4nCWiYj4E3yKJM3TFiCg=
19,23,RSACwrv450IY2XUlIuXwBG2UPOc=,nJpcFNyMvShdfYiL2uwHuHwrDpw=
21,24,RSACwrv450IY2XUlIuXwBG2UPOc=,awS22Sb3mMXVPx3DZ3emAK7zbec=
21,23,RSACwrv450IY2XUlIuXwBG2UPOc=,wkbX2L3tkWtFLO1axvpC49exIjM=
22,23,RSACwrv450IY2XUlIuXwBG2UPOc=,3NACgSiaQjP9AyxVmkycifwCiBE=
22,24,RSACwrv450IY2XUlIuXwBG2UPOc=,mJknUH92GSQK2zRx6cFQScO8QqM=
21,21,RSACwrv450IY2XUlIuXwBG2UPOc=,cx/KgUQmB0ZtO8ZzvD/aU29w4uE=
22,21,RSACwrv450IY2XUlIuXwBG2UPOc=,zQsCcsu5QUWghUX9V+lW0jOvaWk=
21,22,RSACwrv450IY2XUlIuXwBG2UPOc=,wkbX2L3tkWtFLO1axvpC49exIjM=
22,22,RSACwrv450IY2XUlIuXwBG2UPOc=,3NACgSiaQjP9AyxVmkycifwCiBE=
22,19,Hsh+8YEWDF38AQo9rVWi6w4NaFk=,177VUSHuQ/IA0tdYFgC3nk5ZFik=
21,19,Hsh+8YEWDF38AQo9rVWi6w4NaFk=,30r+xtZntvKbXTNAI8vTlG57ByI=
22,20,Hsh+8YEWDF38AQo9rVWi6w4NaFk=,zQsCcsu5QUWghUX9V+lW0jOvaWk=
21,20,Hsh+8YEWDF38AQo9rVWi6w4NaFk=,cx/KgUQmB0ZtO8ZzvD/aU29w4uE=
19,17,Hsh+8YEWDF38AQo9rVWi6w4NaFk=,8Q/mit1mIKjO+ztmvW521p8Y64w=
20,17,Hsh+8YEWDF38AQo9rVWi6w4NaFk=,YVXPKj1cQp7Pu1kOKEAX3yh8+bI=
19,18,Hsh+8YEWDF38AQo9rVWi6w4NaFk=,vye5g/4H42bfPkq5wcb6lbS3PUw=
20,18,Hsh+8YEWDF38AQo9rVWi6w4NaFk=,30r+xtZntvKbXTNAI8vTlG57ByI=
19,21,rOV4HthQ3hGdM1VHlAUvA3yjkIg=,rVrclIdSnilJOLs4SJDIQTFsHv4=
20,21,rOV4HthQ3hGdM1VHlAUvA3yjkIg=,cx/KgUQmB0ZtO8ZzvD/aU29w4uE=
20,22,rOV4HthQ3hGdM1VHlAUvA3yjkIg=,wkbX2L3tkWtFLO1axvpC49exIjM=
19,20,rOV4HthQ3hGdM1VHlAUvA3yjkIg=,rVrclIdSnilJOLs4SJDIQTFsHv4=
20,19,rOV4HthQ3hGdM1VHlAUvA3yjkIg=,30r+xtZntvKbXTNAI8vTlG57ByI=
20,20,rOV4HthQ3hGdM1VHlAUvA3yjkIg=,cx/KgUQmB0ZtO8ZzvD/aU29w4uE=
19,22,rOV4HthQ3hGdM1VHlAUvA3yjkIg=,nJpcFNyMvShdfYiL2uwHuHwrDpw=
19,19,rOV4HthQ3hGdM1VHlAUvA3yjkIg=,vye5g/4H42bfPkq5wcb6lbS3PUw=
17,20,rOV4HthQ3hGdM1VHlAUvA3yjkIg=,13Wgpd/YAAXYw/7sKJg8uUF3VeM=
18,20,rOV4HthQ3hGdM1VHlAUvA3yjkIg=,rVrclIdSnilJOLs4SJDIQTFsHv4=
17,19,rOV4HthQ3hGdM1VHlAUvA3yjkIg=,eSNGCcsRrLdt8o/htta9bl/bGbM=
18,19,rOV4HthQ3hGdM1VHlAUvA3yjkIg=,vye5g/4H42bfPkq5wcb6lbS3PUw=
18,21,RRuEceKDTKZNBIdK71fnIQFpEng=,rVrclIdSnilJOLs4SJDIQTFsHv4=
17,21,RRuEceKDTKZNBIdK71fnIQFpEng=,13Wgpd/YAAXYw/7sKJg8uUF3VeM=
18,22,RRuEceKDTKZNBIdK71fnIQFpEng=,nJpcFNyMvShdfYiL2uwHuHwrDpw=
17,22,RRuEceKDTKZNBIdK71fnIQFpEng=,3k5SOl6ATybsif//OzhxIlFXdvk=
22,26,RRuEceKDTKZNBIdK71fnIQFpEng=,1vHcEtuuhv/yr9QHqQe4o4ia3kQ=
21,26,RRuEceKDTKZNBIdK71fnIQFpEng=,nUrhucZ8bBVgWldJepksgKcxa6A=
21,25,RRuEceKDTKZNBIdK71fnIQFpEng=,awS22Sb3mMXVPx3DZ3emAK7zbec=
22,25,RRuEceKDTKZNBIdK71fnIQFpEng=,mJknUH92GSQK2zRx6cFQScO8QqM=
18,23,RRuEceKDTKZNBIdK71fnIQFpEng=,nJpcFNyMvShdfYiL2uwHuHwrDpw=
17,24,RRuEceKDTKZNBIdK71fnIQFpEng=,KR1WnSXFOhQxZBSOdLBkX8ZZRnQ=
17,23,RRuEceKDTKZNBIdK71fnIQFpEng=,3k5SOl6ATybsif//OzhxIlFXdvk=
18,24,RRuEceKDTKZNBIdK71fnIQFpEng=,u0JpsUL4nCWiYj4E3yKJM3TFiCg=
20,25,RRuEceKDTKZNBIdK71fnIQFpEng=,awS22Sb3mMXVPx3DZ3emAK7zbec=
20,26,RRuEceKDTKZNBIdK71fnIQFpEng=,nUrhucZ8bBVgWldJepksgKcxa6A=
19,25,RRuEceKDTKZNBIdK71fnIQFpEng=,u0JpsUL4nCWiYj4E3yKJM3TFiCg=
17,26,RRuEceKDTKZNBIdK71fnIQFpEng=,Lo36gBNbLNR/dWHfKqVjU1srvrI=
17,25,RRuEceKDTKZNBIdK71fnIQFpEng=,KR1WnSXFOhQxZBSOdLBkX8ZZRnQ=
18,25,RRuEceKDTKZNBIdK71fnIQFpEng=,u0JpsUL4nCWiYj4E3yKJM3TFiCg=
19,26,RRuEceKDTKZNBIdK71fnIQFpEng=,Ket4cElVxQt/Q+jjuTYkqXYFw6s=
18,26,RRuEceKDTKZNBIdK71fnIQFpEng=,Ket4cElVxQt/Q+jjuTYkqXYFw6s=
20,27,RRuEceKDTKZNBIdK71fnIQFpEng=,nUrhucZ8bBVgWldJepksgKcxa6A=
21,27,RRuEceKDTKZNBIdK71fnIQFpEng=,nUrhucZ8bBVgWldJepksgKcxa6A=
22,27,RRuEceKDTKZNBIdK71fnIQFpEng=,1vHcEtuuhv/yr9QHqQe4o4ia3kQ=
22,28,RRuEceKDTKZNBIdK71fnIQFpEng=,Va0i5CyyfgRUuGVzmc5AFPXDyFY=
19,28,RRuEceKDTKZNBIdK71fnIQFpEng=,Ne5PfFFG9lWHrSQ0oyCxtqVT3DM=
19,27,RRuEceKDTKZNBIdK71fnIQFpEng=,Ket4cElVxQt/Q+jjuTYkqXYFw6s=
19,30,RRuEceKDTKZNBIdK71fnIQFpEng=,d+wtUdQQzhAgCm3ubCQA/bBg1xg=
19,29,RRuEceKDTKZNBIdK71fnIQFpEng=,Ne5PfFFG9lWHrSQ0oyCxtqVT3DM=
16,26,RRuEceKDTKZNBIdK71fnIQFpEng=,Lo36gBNbLNR/dWHfKqVjU1srvrI=
16,25,RRuEceKDTKZNBIdK71fnIQFpEng=,KR1WnSXFOhQxZBSOdLBkX8ZZRnQ=
16,24,kT5Ys/TZONtIqDuljb5Lh9K87pM=,KR1WnSXFOhQxZBSOdLBkX8ZZRnQ=
16,23,kT5Ys/TZONtIqDuljb5Lh9K87pM=,3k5SOl6ATybsif//OzhxIlFXdvk=
16,20,kT5Ys/TZONtIqDuljb5Lh9K87pM=,13Wgpd/YAAXYw/7sKJg8uUF3VeM=
16,19,kT5Ys/TZONtIqDuljb5Lh9K87pM=,eSNGCcsRrLdt8o/htta9bl/bGbM=
16,21,kT5Ys/TZONtIqDuljb5Lh9K87pM=,13Wgpd/YAAXYw/7sKJg8uUF3VeM=
16,22,kT5Ys/TZONtIqDuljb5Lh9K87pM=,3k5SOl6ATybsif//OzhxIlFXdvk=
19,16,kT5Ys/TZONtIqDuljb5Lh9K87pM=,8Q/mit1mIKjO+ztmvW521p8Y64w=
20,16,kT5Ys/TZONtIqDuljb5Lh9K87pM=,YVXPKj1cQp7Pu1kOKEAX3yh8+bI=
30,31,kT5Ys/TZONtIqDuljb5Lh9K87pM=,F6RrVWCk9fhFSfnYNSxKJWiplQM=
29,31,kT5Ys/TZONtIqDuljb5Lh9K87pM=,IXXetbVd4c352Gy1FpgXzOQrEPo=
31,21,kT5Ys/TZONtIqDuljb5Lh9K87pM=,C5cgmIatS5ujshnizlLm8L+BNHQ=
31,24,kT5Ys/TZONtIqDuljb5Lh9K87pM=,dylVFYSwRU+04En6qfNvq8fVyKE=
31,23,kT5Ys/TZONtIqDuljb5Lh9K87pM=,XgTOr+BuNptCDXtSqrvX+vYiS+0=
31,22,kT5Ys/TZONtIqDuljb5Lh9K87pM=,XgTOr+BuNptCDXtSqrvX+vYiS+0=
31,26,kT5Ys/TZONtIqDuljb5Lh9K87pM=,IRY0W3cE8+IWR/r42ERU9gDX1X4=
31,25,kT5Ys/TZONtIqDuljb5Lh9K87pM=,dylVFYSwRU+04En6qfNvq8fVyKE=
31,28,kT5Ys/TZONtIqDuljb5Lh9K87pM=,6kMLQGCcrjeX9zO2ud/lbBBdNe4=
31,30,kT5Ys/TZONtIqDuljb5Lh9K87pM=,F6RrVWCk9fhFSfnYNSxKJWiplQM=
31,29,kT5Ys/TZONtIqDuljb5Lh9K87pM=,6kMLQGCcrjeX9zO2ud/lbBBdNe4=
31,27,kT5Ys/TZONtIqDuljb5Lh9K87pM=,IRY0W3cE8+IWR/r42ERU9gDX1X4=
16,31,kT5Ys/TZONtIqDuljb5Lh9K87pM=,3pUd0W9V1MBlblqY9VY1FExdx8k=
17,31,kT5Ys/TZONtIqDuljb5Lh9K87pM=,3pUd0W9V1MBlblqY9VY1FExdx8k=
18,31,kT5Ys/TZONtIqDuljb5Lh9K87pM=,d+wtUdQQzhAgCm3ubCQA/bBg1xg=
18,30,kT5Ys/TZONtIqDuljb5Lh9K87pM=,d+wtUdQQzhAgCm3ubCQA/bBg1xg=
17,28,kT5Ys/TZONtIqDuljb5Lh9K87pM=,5GF+nxoBs61OmTYb4NRTJBCctWs=
16,27,kT5Ys/TZONtIqDuljb5Lh9K87pM=,Lo36gBNbLNR/dWHfKqVjU1srvrI=
17,29,kT5Ys/TZONtIqDuljb5Lh9K87pM=,5GF+nxoBs61OmTYb4NRTJBCctWs=
17,30,kT5Ys/TZONtIqDuljb5Lh9K87pM=,3pUd0W9V1MBlblqY9VY1FExdx8k=
18,28,kT5Ys/TZONtIqDuljb5Lh9K87pM=,Ne5PfFFG9lWHrSQ0oyCxtqVT3DM=
16,28,kT5Ys/TZONtIqDuljb5Lh9K87pM=,5GF+nxoBs61OmTYb4NRTJBCctWs=
18,29,kT5Ys/TZONtIqDuljb5Lh9K87pM=,Ne5PfFFG9lWHrSQ0oyCxtqVT3DM=
16,30,kT5Ys/TZONtIqDuljb5Lh9K87pM=,3pUd0W9V1MBlblqY9VY1FExdx8k=
16,29,kT5Ys/TZONtIqDuljb5Lh9K87pM=,5GF+nxoBs61OmTYb4NRTJBCctWs=
17,27,kT5Ys/TZONtIqDuljb5Lh9K87pM=,Lo36gBNbLNR/dWHfKqVjU1srvrI=
18,27,kT5Ys/TZONtIqDuljb5Lh9K87pM=,Ket4cElVxQt/Q+jjuTYkqXYFw6s=
18,17,ypLlivpvDfSmIAy4iXZfrpDXN/Y=,8Q/mit1mIKjO+ztmvW521p8Y64w=
18,16,ypLlivpvDfSmIAy4iXZfrpDXN/Y=,8Q/mit1mIKjO+ztmvW521p8Y64w=
16,18,ypLlivpvDfSmIAy4iXZfrpDXN/Y=,eSNGCcsRrLdt8o/htta9bl/bGbM=
16,17,ypLlivpvDfSmIAy4iXZfrpDXN/Y=,jbo1Y3RuxcXosy0ermn7SA8ZvpE=
17,18,ypLlivpvDfSmIAy4iXZfrpDXN/Y=,eSNGCcsRrLdt8o/htta9bl/bGbM=
16,16,ypLlivpvDfSmIAy4iXZfrpDXN/Y=,jbo1Y3RuxcXosy0ermn7SA8ZvpE=
17,17,ypLlivpvDfSmIAy4iXZfrpDXN/Y=,jbo1Y3RuxcXosy0ermn7SA8ZvpE=
18,18,ypLlivpvDfSmIAy4iXZfrpDXN/Y=,vye5g/4H42bfPkq5wcb6lbS3PUw=
17,16,ypLlivpvDfSmIAy4iXZfrpDXN/Y=,jbo1Y3RuxcXosy0ermn7SA8ZvpE=
24,19,sLP7YFID4xbuWJHGTYdjhmj/5+M=,lwJ8WWeyNLPjRx8W9xzRYwhGwCw=
23,19,sLP7YFID4xbuWJHGTYdjhmj/5+M=,177VUSHuQ/IA0tdYFgC3nk5ZFik=
24,20,sLP7YFID4xbuWJHGTYdjhmj/5+M=,tJgZU5ixHUqONtwWJuegwfanIu4=
23,20,sLP7YFID4xbuWJHGTYdjhmj/5+M=,zQsCcsu5QUWghUX9V+lW0jOvaWk=
21,18,sLP7YFID4xbuWJHGTYdjhmj/5+M=,30r+xtZntvKbXTNAI8vTlG57ByI=
24,18,sLP7YFID4xbuWJHGTYdjhmj/5+M=,lwJ8WWeyNLPjRx8W9xzRYwhGwCw=
23,17,sLP7YFID4xbuWJHGTYdjhmj/5+M=,oxgMaFcDp9gR5umHBCAop89+1FM=
23,18,sLP7YFID4xbuWJHGTYdjhmj/5+M=,177VUSHuQ/IA0tdYFgC3nk5ZFik=
22,18,sLP7YFID4xbuWJHGTYdjhmj/5+M=,177VUSHuQ/IA0tdYFgC3nk5ZFik=
22,17,sLP7YFID4xbuWJHGTYdjhmj/5+M=,oxgMaFcDp9gR5umHBCAop89+1FM=
21,17,sLP7YFID4xbuWJHGTYdjhmj/5+M=,YVXPKj1cQp7Pu1kOKEAX3yh8+bI=
24,17,sLP7YFID4xbuWJHGTYdjhmj/5+M=,818INPoCXuRkpUzLloyS4eeC7ss=
25,20,sLP7YFID4xbuWJHGTYdjhmj/5+M=,tJgZU5ixHUqONtwWJuegwfanIu4=
25,19,sLP7YFID4xbuWJHGTYdjhmj/5+M=,lwJ8WWeyNLPjRx8W9xzRYwhGwCw=
26,20,sLP7YFID4xbuWJHGTYdjhmj/5+M=,IAM0AnfG4vwG2wf2Ky72S4hyci8=
26,19,sLP7YFID4xbuWJHGTYdjhmj/5+M=,CKLBH6uE1Ttj4bqIEfh7oAX8Vxs=
27,19,sLP7YFID4xbuWJHGTYdjhmj/5+M=,CKLBH6uE1Ttj4bqIEfh7oAX8Vxs=
28,20,sLP7YFID4xbuWJHGTYdjhmj/5+M=,caj73aHB5HndVXMWs1SpN8Yziy0=
27,20,sLP7YFID4xbuWJHGTYdjhmj/5+M=,IAM0AnfG4vwG2wf2Ky72S4hyci8=
28,19,sLP7YFID4xbuWJHGTYdjhmj/5+M=,irzjLcsoDHJTKPZvNVQVN3Bg4u8=
30,16,sLP7YFID4xbuWJHGTYdjhmj/5+M=,yHNH4DPeXIXI/inX9+AzlZ9g85g=
29,16,sLP7YFID4xbuWJHGTYdjhmj/5+M=,HJra186fiBKbbkEVUuh5YcSMHY8=
19,31,sLP7YFID4xbuWJHGTYdjhmj/5+M=,d+wtUdQQzhAgCm3ubCQA/bBg1xg=
31,17,sLP7YFID4xbuWJHGTYdjhmj/5+M=,yHNH4DPeXIXI/inX9+AzlZ9g85g=
31,20,sLP7YFID4xbuWJHGTYdjhmj/5+M=,C5cgmIatS5ujshnizlLm8L+BNHQ=
31,19,sLP7YFID4xbuWJHGTYdjhmj/5+M=,CSC4EUecNFvPt+0aTMSsfHxgtxw=
31,18,sLP7YFID4xbuWJHGTYdjhmj/5+M=,CSC4EUecNFvPt+0aTMSsfHxgtxw=
27,31,sLP7YFID4xbuWJHGTYdjhmj/5+M=,im2emE7qPZv6E+7HoA5jMeh7YDA=
28,31,sLP7YFID4xbuWJHGTYdjhmj/5+M=,IXXetbVd4c352Gy1FpgXzOQrEPo=
21,16,sLP7YFID4xbuWJHGTYdjhmj/5+M=,YVXPKj1cQp7Pu1kOKEAX3yh8+bI=
24,16,sLP7YFID4xbuWJHGTYdjhmj/5+M=,818INPoCXuRkpUzLloyS4eeC7ss=
22,16,sLP7YFID4xbuWJHGTYdjhmj/5+M=,oxgMaFcDp9gR5umHBCAop89+1FM=
23,16,sLP7YFID4xbuWJHGTYdjhmj/5+M=,oxgMaFcDp9gR5umHBCAop89+1FM=
26,31,sLP7YFID4xbuWJHGTYdjhmj/5+M=,im2emE7qPZv6E+7HoA5jMeh7YDA=
25,31,sLP7YFID4xbuWJHGTYdjhmj/5+M=,+NrnRGSzJSsl5VgjD7MXDxOlh0Y=
31,31,sLP7YFID4xbuWJHGTYdjhmj/5+M=,F6RrVWCk9fhFSfnYNSxKJWiplQM=
31,16,sLP7YFID4xbuWJHGTYdjhmj/5+M=,yHNH4DPeXIXI/inX9+AzlZ9g85g=
25,16,sLP7YFID4xbuWJHGTYdjhmj/5+M=,818INPoCXuRkpUzLloyS4eeC7ss=
26,17,sLP7YFID4xbuWJHGTYdjhmj/5+M=,/V/3SbRNRG6gsoQmX/xNooASvLA=
25,17,sLP7YFID4xbuWJHGTYdjhmj/5+M=,818INPoCXuRkpUzLloyS4eeC7ss=
25,18,sLP7YFID4xbuWJHGTYdjhmj/5+M=,lwJ8WWeyNLPjRx8W9xzRYwhGwCw=
26,16,sLP7YFID4xbuWJHGTYdjhmj/5+M=,/V/3SbRNRG6gsoQmX/xNooASvLA=
27,17,sLP7YFID4xbuWJHGTYdjhmj/5+M=,/V/3SbRNRG6gsoQmX/xNooASvLA=
28,18,sLP7YFID4xbuWJHGTYdjhmj/5+M=,irzjLcsoDHJTKPZvNVQVN3Bg4u8=
27,18,sLP7YFID4xbuWJHGTYdjhmj/5+M=,CKLBH6uE1Ttj4bqIEfh7oAX8Vxs=
27,16,sLP7YFID4xbuWJHGTYdjhmj/5+M=,/V/3SbRNRG6gsoQmX/xNooASvLA=
28,16,sLP7YFID4xbuWJHGTYdjhmj/5+M=,HJra186fiBKbbkEVUuh5YcSMHY8=
28,17,sLP7YFID4xbuWJHGTYdjhmj/5+M=,HJra186fiBKbbkEVUuh5YcSMHY8=
26,18,sLP7YFID4xbuWJHGTYdjhmj/5+M=,CKLBH6uE1Ttj4bqIEfh7oAX8Vxs=
26,23,sLP7YFID4xbuWJHGTYdjhmj/5+M=,FUDP5uS1NRMwdRF3fSvfMYSBKt4=
26,22,sLP7YFID4xbuWJHGTYdjhmj/5+M=,FUDP5uS1NRMwdRF3fSvfMYSBKt4=
25,23,sLP7YFID4xbuWJHGTYdjhmj/5+M=,iF1JhCVyzGN91dKl7kaxqV0F9jg=
25,21,sLP7YFID4xbuWJHGTYdjhmj/5+M=,tJgZU5ixHUqONtwWJuegwfanIu4=
25,22,sLP7YFID4xbuWJHGTYdjhmj/5+M=,iF1JhCVyzGN91dKl7kaxqV0F9jg=
24,24,sLP7YFID4xbuWJHGTYdjhmj/5+M=,dJ/s//86wIwXZaecqrLuYxCS53M=
26,24,sLP7YFID4xbuWJHGTYdjhmj/5+M=,kbVeRZHsEX7xDVS7xwLpQHwyAZE=
24,23,sLP7YFID4xbuWJHGTYdjhmj/5+M=,iF1JhCVyzGN91dKl7kaxqV0F9jg=
24,21,sLP7YFID4xbuWJHGTYdjhmj/5+M=,tJgZU5ixHUqONtwWJuegwfanIu4=
25,24,sLP7YFID4xbuWJHGTYdjhmj/5+M=,dJ/s//86wIwXZaecqrLuYxCS53M=
24,22,sLP7YFID4xbuWJHGTYdjhmj/5+M=,iF1JhCVyzGN91dKl7kaxqV0F9jg=
26,21,sLP7YFID4xbuWJHGTYdjhmj/5+M=,IAM0AnfG4vwG2wf2Ky72S4hyci8=
23,21,sLP7YFID4xbuWJHGTYdjhmj/5+M=,zQsCcsu5QUWghUX9V+lW0jOvaWk=
23,23,sLP7YFID4xbuWJHGTYdjhmj/5+M=,3NACgSiaQjP9AyxVmkycifwCiBE=
23,24,sLP7YFID4xbuWJHGTYdjhmj/5+M=,mJknUH92GSQK2zRx6cFQScO8QqM=
23,22,sLP7YFID4xbuWJHGTYdjhmj/5+M=,3NACgSiaQjP9AyxVmkycifwCiBE=
24,31,sLP7YFID4xbuWJHGTYdjhmj/5+M=,+NrnRGSzJSsl5VgjD7MXDxOlh0Y=
24,30,sLP7YFID4xbuWJHGTYdjhmj/5+M=,+NrnRGSzJSsl5VgjD7MXDxOlh0Y=
23,29,sLP7YFID4xbuWJHGTYdjhmj/5+M=,Va0i5CyyfgRUuGVzmc5AFPXDyFY=
22,30,sLP7YFID4xbuWJHGTYdjhmj/5+M=,i9yf5UN/u+L2TOYrRmtHu/HXttE=
24,29,sLP7YFID4xbuWJHGTYdjhmj/5+M=,MPua5vIdLX3NDBgBXPgtAI6ah6s=
22,29,sLP7YFID4xbuWJHGTYdjhmj/5+M=,Va0i5CyyfgRUuGVzmc5AFPXDyFY=
23,30,sLP7YFID4xbuWJHGTYdjhmj/5+M=,i9yf5UN/u+L2TOYrRmtHu/HXttE=
23,31,sLP7YFID4xbuWJHGTYdjhmj/5+M=,i9yf5UN/u+L2TOYrRmtHu/HXttE=
22,31,sLP7YFID4xbuWJHGTYdjhmj/5+M=,i9yf5UN/u+L2TOYrRmtHu/HXttE=
30,2,jPgH6RkLqgZu8XQAUwXQnx0mseU=,lJGU5j5kAJ0INLw6lU/xcSJTVMM=
29,1,jPgH6RkLqgZu8XQAUwXQnx0mseU=,xDZSUbivaZXMLe37p76zba1qXUM=
29,2,jPgH6RkLqgZu8XQAUwXQnx0mseU=,P1ndAZsZCoO2sg5zRgwwcdZFhHg=
30,1,jPgH6RkLqgZu8XQAUwXQnx0mseU=,z2z/q/OWzr3INZj2KQssyT62ffI=
29,4,COyKWtvNLicedNDQfYrsKAJ9Bok=,FdANxHfKS5V/Pu2fCUUqsllLdyE=
29,3,COyKWtvNLicedNDQfYrsKAJ9Bok=,P1ndAZsZCoO2sg5zRgwwcdZFhHg=
30,3,COyKWtvNLicedNDQfYrsKAJ9Bok=,lJGU5j5kAJ0INLw6lU/xcSJTVMM=
30,4,COyKWtvNLicedNDQfYrsKAJ9Bok=,hoLY9+rInbwLIIrtCtR0g1b6Ang=
30,6,COyKWtvNLicedNDQfYrsKAJ9Bok=,PSvjKVwaDstatSQe9zJ+1wOi12g=
29,5,COyKWtvNLicedNDQfYrsKAJ9Bok=,FdANxHfKS5V/Pu2fCUUqsllLdyE=
29,6,COyKWtvNLicedNDQfYrsKAJ9Bok=,+Dc1ZoiieqQmF2qTBTQcS5Qe6ME=
30,5,COyKWtvNLicedNDQfYrsKAJ9Bok=,hoLY9+rInbwLIIrtCtR0g1b6Ang=
29,7,/mKB/tR2WbNs3WMzW3IpURe0XmY=,+Dc1ZoiieqQmF2qTBTQcS5Qe6ME=
30,7,/mKB/tR2WbNs3WMzW3IpURe0XmY=,PSvjKVwaDstatSQe9zJ+1wOi12g=
30,8,/mKB/tR2WbNs3WMzW3IpURe0XmY=,5Vhx589F+yThGHL01QWjlex7Ja8=
29,8,/mKB/tR2WbNs3WMzW3IpURe0XmY=,ugYiXBeL8FdIQ2+lcnpTRq6STPg=
28,9,RFVOMMOG+rW1v7VHV/jYK1szEiM=,ugYiXBeL8FdIQ2+lcnpTRq6STPg=
28,10,RFVOMMOG+rW1v7VHV/jYK1szEiM=,Hbnz6HQ+qLtwswEJKxQwQdZShrc=
27,9,RFVOMMOG+rW1v7VHV/jYK1szEiM=,vGahxHwbgh4NSlzjjE4E5wV2mOw=
27,10,RFVOMMOG+rW1v7VHV/jYK1szEiM=,vEJwTuXNlFpItX9z8LaS2enMSeQ=
30,10,H6FNQ7ZCnj8L7hoqGQN9+9flsAg=,ib3FLig1y2WcYj7kgeelnzsCBCM=
29,9,H6FNQ7ZCnj8L7hoqGQN9+9flsAg=,ugYiXBeL8FdIQ2+lcnpTRq6STPg=
29,10,H6FNQ7ZCnj8L7hoqGQN9+9flsAg=,Hbnz6HQ+qLtwswEJKxQwQdZShrc=
30,9,H6FNQ7ZCnj8L7hoqGQN9+9flsAg=,5Vhx589F+yThGHL01QWjlex7Ja8=
28,11,H6FNQ7ZCnj8L7hoqGQN9+9flsAg=,Hbnz6HQ+qLtwswEJKxQwQdZShrc=
27,11,H6FNQ7ZCnj8L7hoqGQN9+9flsAg=,vEJwTuXNlFpItX9z8LaS2enMSeQ=
27,12,H6FNQ7ZCnj8L7hoqGQN9+9flsAg=,Hc7u5gQoRBQT7dKdvaGYBoSgP1M=
28,12,H6FNQ7ZCnj8L7hoqGQN9+9flsAg=,qR3JgxUEUJbyk9LhY3qWJ+Qt5wk=
29,11,umWqckfA7XhgxCL+fl+PGdXXhsU=,Hbnz6HQ+qLtwswEJKxQwQdZShrc=
29,12,umWqckfA7XhgxCL+fl+PGdXXhsU=,qR3JgxUEUJbyk9LhY3qWJ+Qt5wk=
30,11,umWqckfA7XhgxCL+fl+PGdXXhsU=,ib3FLig1y2WcYj7kgeelnzsCBCM=
30,12,umWqckfA7XhgxCL+fl+PGdXXhsU=,bQW2tEXEjTjY7UbcxoANZTpAIBo=
27,14,umWqckfA7XhgxCL+fl+PGdXXhsU=,yGBRW/dJ0ks5HghpWiwkfHkhh/Q=
28,13,umWqckfA7XhgxCL+fl+PGdXXhsU=,qR3JgxUEUJbyk9LhY3qWJ+Qt5wk=
27,13,umWqckfA7XhgxCL+fl+PGdXXhsU=,Hc7u5gQoRBQT7dKdvaGYBoSgP1M=
28,14,umWqckfA7XhgxCL+fl+PGdXXhsU=,hYoSsbQgsjIgJAiOeBNdaCKh71w=
30,14,umWqckfA7XhgxCL+fl+PGdXXhsU=,StkzRi1lyKM44cbSN9nSS0/FO2c=
30,13,umWqckfA7XhgxCL+fl+PGdXXhsU=,bQW2tEXEjTjY7UbcxoANZTpAIBo=
29,13,umWqckfA7XhgxCL+fl+PGdXXhsU=,qR3JgxUEUJbyk9LhY3qWJ+Qt5wk=
29,14,umWqckfA7XhgxCL+fl+PGdXXhsU=,hYoSsbQgsjIgJAiOeBNdaCKh71w=
26,14,mtjI2f1fNE+YETL5sBKyBsbt9SQ=,yGBRW/dJ0ks5HghpWiwkfHkhh/Q=
25,14,mtjI2f1fNE+YETL5sBKyBsbt9SQ=,pq3qMX6tgZWusGZEFY3ReHKtIBc=
25,13,mtjI2f1fNE+YETL5sBKyBsbt9SQ=,MpZZpESocQ1Famlqon9bzSZBv4Y=
26,13,mtjI2f1fNE+YETL5sBKyBsbt9SQ=,Hc7u5gQoRBQT7dKdvaGYBoSgP1M=
24,14,mtjI2f1fNE+YETL5sBKyBsbt9SQ=,pq3qMX6tgZWusGZEFY3ReHKtIBc=
23,13,mtjI2f1fNE+YETL5sBKyBsbt9SQ=,a2maSVmhDUfuZ284XUj18I2mfRY=
24,13,mtjI2f1fNE+YETL5sBKyBsbt9SQ=,MpZZpESocQ1Famlqon9bzSZBv4Y=
23,14,mtjI2f1fNE+YETL5sBKyBsbt9SQ=,k+t39/wduRU7jImTdLDX2pLRlT8=
22,11,9uu3yd+wPHjxWEmBX4lzC2esVsw=,2EBFjajxoNVDTd1VD40r0aPidQA=
21,11,9uu3yd+wPHjxWEmBX4lzC2esVsw=,ThCwbM56ppSkPoDK0TzTey1tJEo=
21,12,9uu3yd+wPHjxWEmBX4lzC2esVsw=,+Ru9lWAKRrEMJfkyt7Bd+9wxVOs=
22,12,9uu3yd+wPHjxWEmBX4lzC2esVsw=,a2maSVmhDUfuZ284XUj18I2mfRY=
21,13,9uu3yd+wPHjxWEmBX4lzC2esVsw=,+Ru9lWAKRrEMJfkyt7Bd+9wxVOs=
22,14,9uu3yd+wPHjxWEmBX4lzC2esVsw=,k+t39/wduRU7jImTdLDX2pLRlT8=
21,14,9uu3yd+wPHjxWEmBX4lzC2esVsw=,nedIF+cM24oWKXcNDSKNCoj56RE=
22,13,9uu3yd+wPHjxWEmBX4lzC2esVsw=,a2maSVmhDUfuZ284XUj18I2mfRY=
23,11,9uu3yd+wPHjxWEmBX4lzC2esVsw=,2EBFjajxoNVDTd1VD40r0aPidQA=
24,11,9uu3yd+wPHjxWEmBX4lzC2esVsw=,kolfWA+2uCu8liQ90BJzJm3ZM9Y=
26,11,9uu3yd+wPHjxWEmBX4lzC2esVsw=,vEJwTuXNlFpItX9z8LaS2enMSeQ=
25,11,9uu3yd+wPHjxWEmBX4lzC2esVsw=,kolfWA+2uCu8liQ90BJzJm3ZM9Y=
26,12,9uu3yd+wPHjxWEmBX4lzC2esVsw=,Hc7u5gQoRBQT7dKdvaGYBoSgP1M=
23,12,9uu3yd+wPHjxWEmBX4lzC2esVsw=,a2maSVmhDUfuZ284XUj18I2mfRY=
24,12,9uu3yd+wPHjxWEmBX4lzC2esVsw=,MpZZpESocQ1Famlqon9bzSZBv4Y=
25,12,9uu3yd+wPHjxWEmBX4lzC2esVsw=,MpZZpESocQ1Famlqon9bzSZBv4Y=
25,10,5mSsUGOWj3GAqH3TZsgFKsRTJX8=,kolfWA+2uCu8liQ90BJzJm3ZM9Y=
25,9,5mSsUGOWj3GAqH3TZsgFKsRTJX8=,qAaMSnzJ8gQNj1xgVdND2dcD/4Y=
23,10,5mSsUGOWj3GAqH3TZsgFKsRTJX8=,2EBFjajxoNVDTd1VD40r0aPidQA=
24,9,5mSsUGOWj3GAqH3TZsgFKsRTJX8=,qAaMSnzJ8gQNj1xgVdND2dcD/4Y=
24,10,5mSsUGOWj3GAqH3TZsgFKsRTJX8=,kolfWA+2uCu8liQ90BJzJm3ZM9Y=
23,9,5mSsUGOWj3GAqH3TZsgFKsRTJX8=,hHfKcSLrpvx+5vhghoDEWzSl6Po=
26,9,5mSsUGOWj3GAqH3TZsgFKsRTJX8=,vGahxHwbgh4NSlzjjE4E5wV2mOw=
26,10,5mSsUGOWj3GAqH3TZsgFKsRTJX8=,vEJwTuXNlFpItX9z8LaS2enMSeQ=
22,10,5mSsUGOWj3GAqH3TZsgFKsRTJX8=,2EBFjajxoNVDTd1VD40r0aPidQA=
22,9,5mSsUGOWj3GAqH3TZsgFKsRTJX8=,hHfKcSLrpvx+5vhghoDEWzSl6Po=
21,9,5mSsUGOWj3GAqH3TZsgFKsRTJX8=,PLdlRtuQzdkIlpE+IqbF4fMZ7HA=
21,10,5mSsUGOWj3GAqH3TZsgFKsRTJX8=,ThCwbM56ppSkPoDK0TzTey1tJEo=
21,7,1f8ifiGbQ390FYsX1eSMWYsPDAA=,/jsAq/OEkiQ2GfGFdTbGWUs6Ni0=
22,8,1f8ifiGbQ390FYsX1eSMWYsPDAA=,hHfKcSLrpvx+5vhghoDEWzSl6Po=
21,8,1f8ifiGbQ390FYsX1eSMWYsPDAA=,PLdlRtuQzdkIlpE+IqbF4fMZ7HA=
22,7,1f8ifiGbQ390FYsX1eSMWYsPDAA=,oH0/bDU6dAx3u9qZpiUTWh+05D4=
21,6,1f8ifiGbQ390FYsX1eSMWYsPDAA=,/jsAq/OEkiQ2GfGFdTbGWUs6Ni0=
22,6,1f8ifiGbQ390FYsX1eSMWYsPDAA=,oH0/bDU6dAx3u9qZpiUTWh+05D4=
21,5,1f8ifiGbQ390FYsX1eSMWYsPDAA=,4iHpAt9kALKn2HAf+jIDmDr3MlE=
22,5,1f8ifiGbQ390FYsX1eSMWYsPDAA=,vjeacaznW0QPOMq/6aHSzJ6dN5Y=
21,3,UOP5wD3GJ3kVNpylBoUUOi9vPqU=,MnFDwxfrgQlwFV4sgo+UY1Jazd0=
22,4,UOP5wD3GJ3kVNpylBoUUOi9vPqU=,vjeacaznW0QPOMq/6aHSzJ6dN5Y=
22,3,UOP5wD3GJ3kVNpylBoUUOi9vPqU=,oSVddMMgOTGLpzWs3aIdiKqvD8o=
21,4,UOP5wD3GJ3kVNpylBoUUOi9vPqU=,4iHpAt9kALKn2HAf+jIDmDr3MlE=
22,2,UOP5wD3GJ3kVNpylBoUUOi9vPqU=,oSVddMMgOTGLpzWs3aIdiKqvD8o=
22,1,UOP5wD3GJ3kVNpylBoUUOi9vPqU=,Ys8VldSr91OKQhHl5wXs8lQLddY=
21,2,UOP5wD3GJ3kVNpylBoUUOi9vPqU=,MnFDwxfrgQlwFV4sgo+UY1Jazd0=
21,1,UOP5wD3GJ3kVNpylBoUUOi9vPqU=,KN+e57/QSYsUupelogHoSmbVGWo=
24,1,v9vjIFHvqnlrwAXdJ+VOT303ZsU=,8ssWSD7BcZLiIW4O05cWROavuIg=
23,2,v9vjIFHvqnlrwAXdJ+VOT303ZsU=,oSVddMMgOTGLpzWs3aIdiKqvD8o=
23,1,v9vjIFHvqnlrwAXdJ+VOT303ZsU=,Ys8VldSr91OKQhHl5wXs8lQLddY=
24,2,v9vjIFHvqnlrwAXdJ+VOT303ZsU=,gc7OQcDRCgTgBj9/AxffZLYXYhE=
26,2,v9vjIFHvqnlrwAXdJ+VOT303ZsU=,0o1MYfi7oCFT4veiBWd2fv3dAXg=
27,2,v9vjIFHvqnlrwAXdJ+VOT303ZsU=,0o1MYfi7oCFT4veiBWd2fv3dAXg=
28,2,v9vjIFHvqnlrwAXdJ+VOT303ZsU=,P1ndAZsZCoO2sg5zRgwwcdZFhHg=
26,1,v9vjIFHvqnlrwAXdJ+VOT303ZsU=,3KEA/Sk7jGVXMqCZSh9hMCHDHY0=
28,1,v9vjIFHvqnlrwAXdJ+VOT303ZsU=,xDZSUbivaZXMLe37p76zba1qXUM=
25,1,v9vjIFHvqnlrwAXdJ+VOT303ZsU=,8ssWSD7BcZLiIW4O05cWROavuIg=
25,2,v9vjIFHvqnlrwAXdJ+VOT303ZsU=,gc7OQcDRCgTgBj9/AxffZLYXYhE=
27,1,v9vjIFHvqnlrwAXdJ+VOT303ZsU=,3KEA/Sk7jGVXMqCZSh9hMCHDHY0=
23,3,6S07lfHa8WiQXs0hJR2owfbs0RA=,oSVddMMgOTGLpzWs3aIdiKqvD8o=
24,4,6S07lfHa8WiQXs0hJR2owfbs0RA=,psjUclCuBCf13gB2BHkqp8XDfU0=
23,4,6S07lfHa8WiQXs0hJR2owfbs0RA=,vjeacaznW0QPOMq/6aHSzJ6dN5Y=
24,3,6S07lfHa8WiQXs0hJR2owfbs0RA=,gc7OQcDRCgTgBj9/AxffZLYXYhE=
27,7,6S07lfHa8WiQXs0hJR2owfbs0RA=,Qeitcraxt0CQkLm2MoiKXlaojGs=
27,8,6S07lfHa8WiQXs0hJR2owfbs0RA=,vGahxHwbgh4NSlzjjE4E5wV2mOw=
28,8,6S07lfHa8WiQXs0hJR2owfbs0RA=,ugYiXBeL8FdIQ2+lcnpTRq6STPg=
31,2,6S07lfHa8WiQXs0hJR2owfbs0RA=,lJGU5j5kAJ0INLw6lU/xcSJTVMM=
28,7,6S07lfHa8WiQXs0hJR2owfbs0RA=,+Dc1ZoiieqQmF2qTBTQcS5Qe6ME=
31,1,6S07lfHa8WiQXs0hJR2owfbs0RA=,z2z/q/OWzr3INZj2KQssyT62ffI=
31,4,6S07lfHa8WiQXs0hJR2owfbs0RA=,hoLY9+rInbwLIIrtCtR0g1b6Ang=
31,6,6S07lfHa8WiQXs0hJR2owfbs0RA=,PSvjKVwaDstatSQe9zJ+1wOi12g=
31,5,6S07lfHa8WiQXs0hJR2owfbs0RA=,hoLY9+rInbwLIIrtCtR0g1b6Ang=
31,3,6S07lfHa8WiQXs0hJR2owfbs0RA=,lJGU5j5kAJ0INLw6lU/xcSJTVMM=
31,10,6S07lfHa8WiQXs0hJR2owfbs0RA=,ib3FLig1y2WcYj7kgeelnzsCBCM=
31,9,6S07lfHa8WiQXs0hJR2owfbs0RA=,5Vhx589F+yThGHL01QWjlex7Ja8=
31,8,6S07lfHa8WiQXs0hJR2owfbs0RA=,5Vhx589F+yThGHL01QWjlex7Ja8=
31,7,6S07lfHa8WiQXs0hJR2owfbs0RA=,PSvjKVwaDstatSQe9zJ+1wOi12g=
31,14,6S07lfHa8WiQXs0hJR2owfbs0RA=,StkzRi1lyKM44cbSN9nSS0/FO2c=
31,13,6S07lfHa8WiQXs0hJR2owfbs0RA=,bQW2tEXEjTjY7UbcxoANZTpAIBo=
31,11,6S07lfHa8WiQXs0hJR2owfbs0RA=,ib3FLig1y2WcYj7kgeelnzsCBCM=
31,12,6S07lfHa8WiQXs0hJR2owfbs0RA=,bQW2tEXEjTjY7UbcxoANZTpAIBo=
30,15,6S07lfHa8WiQXs0hJR2owfbs0RA=,StkzRi1lyKM44cbSN9nSS0/FO2c=
29,15,6S07lfHa8WiQXs0hJR2owfbs0RA=,hYoSsbQgsjIgJAiOeBNdaCKh71w=
25,15,6S07lfHa8WiQXs0hJR2owfbs0RA=,pq3qMX6tgZWusGZEFY3ReHKtIBc=
26,15,6S07lfHa8WiQXs0hJR2owfbs0RA=,yGBRW/dJ0ks5HghpWiwkfHkhh/Q=
27,15,6S07lfHa8WiQXs0hJR2owfbs0RA=,yGBRW/dJ0ks5HghpWiwkfHkhh/Q=
28,15,6S07lfHa8WiQXs0hJR2owfbs0RA=,hYoSsbQgsjIgJAiOeBNdaCKh71w=
28,6,6S07lfHa8WiQXs0hJR2owfbs0RA=,+Dc1ZoiieqQmF2qTBTQcS5Qe6ME=
27,6,6S07lfHa8WiQXs0hJR2owfbs0RA=,Qeitcraxt0CQkLm2MoiKXlaojGs=
27,3,6S07lfHa8WiQXs0hJR2owfbs0RA=,0o1MYfi7oCFT4veiBWd2fv3dAXg=
28,5,6S07lfHa8WiQXs0hJR2owfbs0RA=,FdANxHfKS5V/Pu2fCUUqsllLdyE=
28,3,6S07lfHa8WiQXs0hJR2owfbs0RA=,P1ndAZsZCoO2sg5zRgwwcdZFhHg=
27,5,6S07lfHa8WiQXs0hJR2owfbs0RA=,5YGTrCpogF4/X4NBLXG15RkFXFM=
28,4,6S07lfHa8WiQXs0hJR2owfbs0RA=,FdANxHfKS5V/Pu2fCUUqsllLdyE=
27,4,6S07lfHa8WiQXs0hJR2owfbs0RA=,5YGTrCpogF4/X4NBLXG15RkFXFM=
22,15,6S07lfHa8WiQXs0hJR2owfbs0RA=,k+t39/wduRU7jImTdLDX2pLRlT8=
24,15,6S07lfHa8WiQXs0hJR2owfbs0RA=,pq3qMX6tgZWusGZEFY3ReHKtIBc=
26,3,6S07lfHa8WiQXs0hJR2owfbs0RA=,0o1MYfi7oCFT4veiBWd2fv3dAXg=
23,15,6S07lfHa8WiQXs0hJR2owfbs0RA=,k+t39/wduRU7jImTdLDX2pLRlT8=
25,3,6S07lfHa8WiQXs0hJR2owfbs0RA=,gc7OQcDRCgTgBj9/AxffZLYXYhE=
25,4,6S07lfHa8WiQXs0hJR2owfbs0RA=,psjUclCuBCf13gB2BHkqp8XDfU0=
21,15,6S07lfHa8WiQXs0hJR2owfbs0RA=,nedIF+cM24oWKXcNDSKNCoj56RE=
26,4,6S07lfHa8WiQXs0hJR2owfbs0RA=,5YGTrCpogF4/X4NBLXG15RkFXFM=
26,6,aiUuPblhrtC4tLZaWt93mr5aWeA=,Qeitcraxt0CQkLm2MoiKXlaojGs=
26,7,aiUuPblhrtC4tLZaWt93mr5aWeA=,Qeitcraxt0CQkLm2MoiKXlaojGs=
25,8,aiUuPblhrtC4tLZaWt93mr5aWeA=,qAaMSnzJ8gQNj1xgVdND2dcD/4Y=
24,8,aiUuPblhrtC4tLZaWt93mr5aWeA=,qAaMSnzJ8gQNj1xgVdND2dcD/4Y=
26,8,aiUuPblhrtC4tLZaWt93mr5aWeA=,vGahxHwbgh4NSlzjjE4E5wV2mOw=
24,7,aiUuPblhrtC4tLZaWt93mr5aWeA=,obgGyVL0MBn/6ll9lAm/eTURQQg=
25,7,aiUuPblhrtC4tLZaWt93mr5aWeA=,obgGyVL0MBn/6ll9lAm/eTURQQg=
23,8,aiUuPblhrtC4tLZaWt93mr5aWeA=,hHfKcSLrpvx+5vhghoDEWzSl6Po=
23,7,aiUuPblhrtC4tLZaWt93mr5aWeA=,oH0/bDU6dAx3u9qZpiUTWh+05D4=
23,5,aiUuPblhrtC4tLZaWt93mr5aWeA=,vjeacaznW0QPOMq/6aHSzJ6dN5Y=
23,6,aiUuPblhrtC4tLZaWt93mr5aWeA=,oH0/bDU6dAx3u9qZpiUTWh+05D4=
25,6,aiUuPblhrtC4tLZaWt93mr5aWeA=,obgGyVL0MBn/6ll9lAm/eTURQQg=
24,6,aiUuPblhrtC4tLZaWt93mr5aWeA=,obgGyVL0MBn/6ll9lAm/eTURQQg=
26,5,aiUuPblhrtC4tLZaWt93mr5aWeA=,5YGTrCpogF4/X4NBLXG15RkFXFM=
25,5,aiUuPblhrtC4tLZaWt93mr5aWeA=,psjUclCuBCf13gB2BHkqp8XDfU0=
24,5,aiUuPblhrtC4tLZaWt93mr5aWeA=,psjUclCuBCf13gB2BHkqp8XDfU0=
19,14,erMYRLFd5F7cn2pEMbAECoI/Quo=,RMf7VG4Vg6Jpfmm/oox180RAoLo=
20,13,erMYRLFd5F7cn2pEMbAECoI/Quo=,+Ru9lWAKRrEMJfkyt7Bd+9wxVOs=
20,14,erMYRLFd5F7cn2pEMbAECoI/Quo=,nedIF+cM24oWKXcNDSKNCoj56RE=
19,13,erMYRLFd5F7cn2pEMbAECoI/Quo=,q4UYkynitdAue+bFnT82De7D2Os=
17,14,erMYRLFd5F7cn2pEMbAECoI/Quo=,0NhLN2xnDleuODh7LEJ6Cug0wzo=
18,14,erMYRLFd5F7cn2pEMbAECoI/Quo=,RMf7VG4Vg6Jpfmm/oox180RAoLo=
18,13,erMYRLFd5F7cn2pEMbAECoI/Quo=,q4UYkynitdAue+bFnT82De7D2Os=
17,13,erMYRLFd5F7cn2pEMbAECoI/Quo=,C8j+eMQRK+najtFYibrn716YMtA=
20,11,erMYRLFd5F7cn2pEMbAECoI/Quo=,ThCwbM56ppSkPoDK0TzTey1tJEo=
20,12,erMYRLFd5F7cn2pEMbAECoI/Quo=,+Ru9lWAKRrEMJfkyt7Bd+9wxVOs=
19,11,erMYRLFd5F7cn2pEMbAECoI/Quo=,11CjO6IjznxTqe679efVO0/hudM=
19,12,erMYRLFd5F7cn2pEMbAECoI/Quo=,q4UYkynitdAue+bFnT82De7D2Os=
17,11,erMYRLFd5F7cn2pEMbAECoI/Quo=,GukXyKZI2JaahYSCgbmtzocpVnA=
18,9,erMYRLFd5F7cn2pEMbAECoI/Quo=,F7vz0a4Qz43p8IqZd2rdLc593j4=
20,10,erMYRLFd5F7cn2pEMbAECoI/Quo=,ThCwbM56ppSkPoDK0TzTey1tJEo=
18,11,erMYRLFd5F7cn2pEMbAECoI/Quo=,11CjO6IjznxTqe679efVO0/hudM=
17,9,erMYRLFd5F7cn2pEMbAECoI/Quo=,Q+psqF+AJxzW66uQLfikLHo6PZU=
20,9,erMYRLFd5F7cn2pEMbAECoI/Quo=,PLdlRtuQzdkIlpE+IqbF4fMZ7HA=
19,10,erMYRLFd5F7cn2pEMbAECoI/Quo=,11CjO6IjznxTqe679efVO0/hudM=
19,9,erMYRLFd5F7cn2pEMbAECoI/Quo=,F7vz0a4Qz43p8IqZd2rdLc593j4=
18,10,erMYRLFd5F7cn2pEMbAECoI/Quo=,11CjO6IjznxTqe679efVO0/hudM=
17,12,erMYRLFd5F7cn2pEMbAECoI/Quo=,C8j+eMQRK+najtFYibrn716YMtA=
18,12,erMYRLFd5F7cn2pEMbAECoI/Quo=,q4UYkynitdAue+bFnT82De7D2Os=
17,10,erMYRLFd5F7cn2pEMbAECoI/Quo=,GukXyKZI2JaahYSCgbmtzocpVnA=
19,8,4w6k2ptvnrbf6rEmup+BPcx3E4k=,F7vz0a4Qz43p8IqZd2rdLc593j4=
20,7,4w6k2ptvnrbf6rEmup+BPcx3E4k=,/jsAq/OEkiQ2GfGFdTbGWUs6Ni0=
20,8,4w6k2ptvnrbf6rEmup+BPcx3E4k=,PLdlRtuQzdkIlpE+IqbF4fMZ7HA=
19,7,4w6k2ptvnrbf6rEmup+BPcx3E4k=,GEps/lakfhiWTksH4EsMP2NG/jY=
17,8,4w6k2ptvnrbf6rEmup+BPcx3E4k=,Q+psqF+AJxzW66uQLfikLHo6PZU=
18,8,4w6k2ptvnrbf6rEmup+BPcx3E4k=,F7vz0a4Qz43p8IqZd2rdLc593j4=
18,7,4w6k2ptvnrbf6rEmup+BPcx3E4k=,GEps/lakfhiWTksH4EsMP2NG/jY=
17,7,4w6k2ptvnrbf6rEmup+BPcx3E4k=,SPNlHgbuJEyHyorRx7n2Iclr9rA=
19,5,4w6k2ptvnrbf6rEmup+BPcx3E4k=,9+FhmujE3RBbb5okVWj+qQ/WhUI=
20,6,4w6k2ptvnrbf6rEmup+BPcx3E4k=,/jsAq/OEkiQ2GfGFdTbGWUs6Ni0=
20,5,4w6k2ptvnrbf6rEmup+BPcx3E4k=,4iHpAt9kALKn2HAf+jIDmDr3MlE=
19,6,4w6k2ptvnrbf6rEmup+BPcx3E4k=,GEps/lakfhiWTksH4EsMP2NG/jY=
18,6,4w6k2ptvnrbf6rEmup+BPcx3E4k=,GEps/lakfhiWTksH4EsMP2NG/jY=
18,5,4w6k2ptvnrbf6rEmup+BPcx3E4k=,9+FhmujE3RBbb5okVWj+qQ/WhUI=
17,6,4w6k2ptvnrbf6rEmup+BPcx3E4k=,SPNlHgbuJEyHyorRx7n2Iclr9rA=
17,5,4w6k2ptvnrbf6rEmup+BPcx3E4k=,Cc/us/txf7CAQw+c3prTSxbS2fE=
20,3,p72vfiTMX2pp4f+KIFd8iI/bxWk=,MnFDwxfrgQlwFV4sgo+UY1Jazd0=
20,4,p72vfiTMX2pp4f+KIFd8iI/bxWk=,4iHpAt9kALKn2HAf+jIDmDr3MlE=
19,4,p72vfiTMX2pp4f+KIFd8iI/bxWk=,9+FhmujE3RBbb5okVWj+qQ/WhUI=
19,3,p72vfiTMX2pp4f+KIFd8iI/bxWk=,yXx169LGaQeLPUpNa/1/rYWXCuI=
17,3,p72vfiTMX2pp4f+KIFd8iI/bxWk=,9KmcU/vFNA3Lw6UyCUtXX8JKcu4=
18,4,p72vfiTMX2pp4f+KIFd8iI/bxWk=,9+FhmujE3RBbb5okVWj+qQ/WhUI=
18,3,p72vfiTMX2pp4f+KIFd8iI/bxWk=,yXx169LGaQeLPUpNa/1/rYWXCuI=
17,4,p72vfiTMX2pp4f+KIFd8iI/bxWk=,Cc/us/txf7CAQw+c3prTSxbS2fE=
16,1,p72vfiTMX2pp4f+KIFd8iI/bxWk=,EiKhDqBc/YdJirj8e5eW1INK+yk=
16,2,p72vfiTMX2pp4f+KIFd8iI/bxWk=,9KmcU/vFNA3Lw6UyCUtXX8JKcu4=
23,0,p72vfiTMX2pp4f+KIFd8iI/bxWk=,Ys8VldSr91OKQhHl5wXs8lQLddY=
17,0,p72vfiTMX2pp4f+KIFd8iI/bxWk=,EiKhDqBc/YdJirj8e5eW1INK+yk=
17,2,p72vfiTMX2pp4f+KIFd8iI/bxWk=,9KmcU/vFNA3Lw6UyCUtXX8JKcu4=
24,0,p72vfiTMX2pp4f+KIFd8iI/bxWk=,8ssWSD7BcZLiIW4O05cWROavuIg=
17,1,p72vfiTMX2pp4f+KIFd8iI/bxWk=,EiKhDqBc/YdJirj8e5eW1INK+yk=
19,0,p72vfiTMX2pp4f+KIFd8iI/bxWk=,SgTrhVXj1wsg0X4Iy0N9ge+KE8k=
22,0,p72vfiTMX2pp4f+KIFd8iI/bxWk=,Ys8VldSr91OKQhHl5wXs8lQLddY=
21,0,p72vfiTMX2pp4f+KIFd8iI/bxWk=,KN+e57/QSYsUupelogHoSmbVGWo=
18,1,p72vfiTMX2pp4f+KIFd8iI/bxWk=,SgTrhVXj1wsg0X4Iy0N9ge+KE8k=
20,2,p72vfiTMX2pp4f+KIFd8iI/bxWk=,MnFDwxfrgQlwFV4sgo+UY1Jazd0=
20,0,p72vfiTMX2pp4f+KIFd8iI/bxWk=,KN+e57/QSYsUupelogHoSmbVGWo=
19,1,p72vfiTMX2pp4f+KIFd8iI/bxWk=,SgTrhVXj1wsg0X4Iy0N9ge+KE8k=
20,1,p72vfiTMX2pp4f+KIFd8iI/bxWk=,KN+e57/QSYsUupelogHoSmbVGWo=
19,2,p72vfiTMX2pp4f+KIFd8iI/bxWk=,yXx169LGaQeLPUpNa/1/rYWXCuI=
18,0,p72vfiTMX2pp4f+KIFd8iI/bxWk=,SgTrhVXj1wsg0X4Iy0N9ge+KE8k=
18,2,p72vfiTMX2pp4f+KIFd8iI/bxWk=,yXx169LGaQeLPUpNa/1/rYWXCuI=
25,0,p72vfiTMX2pp4f+KIFd8iI/bxWk=,8ssWSD7BcZLiIW4O05cWROavuIg=
31,15,p72vfiTMX2pp4f+KIFd8iI/bxWk=,StkzRi1lyKM44cbSN9nSS0/FO2c=
16,8,p72vfiTMX2pp4f+KIFd8iI/bxWk=,Q+psqF+AJxzW66uQLfikLHo6PZU=
26,0,p72vfiTMX2pp4f+KIFd8iI/bxWk=,3KEA/Sk7jGVXMqCZSh9hMCHDHY0=
28,0,p72vfiTMX2pp4f+KIFd8iI/bxWk=,xDZSUbivaZXMLe37p76zba1qXUM=
30,0,p72vfiTMX2pp4f+KIFd8iI/bxWk=,z2z/q/OWzr3INZj2KQssyT62ffI=
27,0,p72vfiTMX2pp4f+KIFd8iI/bxWk=,3KEA/Sk7jGVXMqCZSh9hMCHDHY0=
16,7,p72vfiTMX2pp4f+KIFd8iI/bxWk=,SPNlHgbuJEyHyorRx7n2Iclr9rA=
31,0,p72vfiTMX2pp4f+KIFd8iI/bxWk=,z2z/q/OWzr3INZj2KQssyT62ffI=
29,0,p72vfiTMX2pp4f+KIFd8iI/bxWk=,xDZSUbivaZXMLe37p76zba1qXUM=
16,9,p72vfiTMX2pp4f+KIFd8iI/bxWk=,Q+psqF+AJxzW66uQLfikLHo6PZU=
16,10,p72vfiTMX2pp4f+KIFd8iI/bxWk=,GukXyKZI2JaahYSCgbmtzocpVnA=
16,4,p72vfiTMX2pp4f+KIFd8iI/bxWk=,Cc/us/txf7CAQw+c3prTSxbS2fE=
16,3,p72vfiTMX2pp4f+KIFd8iI/bxWk=,9KmcU/vFNA3Lw6UyCUtXX8JKcu4=
16,14,p72vfiTMX2pp4f+KIFd8iI/bxWk=,0NhLN2xnDleuODh7LEJ6Cug0wzo=
16,11,p72vfiTMX2pp4f+KIFd8iI/bxWk=,GukXyKZI2JaahYSCgbmtzocpVnA=
16,0,p72vfiTMX2pp4f+KIFd8iI/bxWk=,EiKhDqBc/YdJirj8e5eW1INK+yk=
16,15,p72vfiTMX2pp4f+KIFd8iI/bxWk=,0NhLN2xnDleuODh7LEJ6Cug0wzo=
16,6,p72vfiTMX2pp4f+KIFd8iI/bxWk=,SPNlHgbuJEyHyorRx7n2Iclr9rA=
17,15,p72vfiTMX2pp4f+KIFd8iI/bxWk=,0NhLN2xnDleuODh7LEJ6Cug0wzo=
16,13,p72vfiTMX2pp4f+KIFd8iI/bxWk=,C8j+eMQRK+najtFYibrn716YMtA=
16,5,p72vfiTMX2pp4f+KIFd8iI/bxWk=,Cc/us/txf7CAQw+c3prTSxbS2fE=
18,15,p72vfiTMX2pp4f+KIFd8iI/bxWk=,RMf7VG4Vg6Jpfmm/oox180RAoLo=
16,12,p72vfiTMX2pp4f+KIFd8iI/bxWk=,C8j+eMQRK+najtFYibrn716YMtA=
19,15,p72vfiTMX2pp4f+KIFd8iI/bxWk=,RMf7VG4Vg6Jpfmm/oox180RAoLo=
20,15,p72vfiTMX2pp4f+KIFd8iI/bxWk=,nedIF+cM24oWKXcNDSKNCoj56RE=
