18,-11,PXV1wCltdZrkKUzpohZCgJfFoQU=,nMyCkmiqMBP1GCZmquhgPfa8LkA=
17,-10,PXV1wCltdZrkKUzpohZCgJfFoQU=,7jv0LEcj0rRicITjtPGByDfv8AQ=
18,-10,PXV1wCltdZrkKUzpohZCgJfFoQU=,4KLiIc7msuGaNflSs0LnHZAr+7Q=
17,-11,PXV1wCltdZrkKUzpohZCgJfFoQU=,JpUvtFmvIcQWGQlggvNBOrPlq3w=
18,-13,JqwbCXjvLy4w1h62ZLK2UEm+i9o=,YJdnZ51k7iJqsf/8Hf8LeTtTET8=
18,-12,JqwbCXjvLy4w1h62ZLK2UEm+i9o=,nMyCkmiqMBP1GCZmquhgPfa8LkA=
17,-13,JqwbCXjvLy4w1h62ZLK2UEm+i9o=,cS/jHtofbiZQQndbhzjAJ2kbtWI=
17,-12,JqwbCXjvLy4w1h62ZLK2UEm+i9o=,JpUvtFmvIcQWGQlggvNBOrPlq3w=
20,-13,JqwbCXjvLy4w1h62ZLK2UEm+i9o=,trnIFvI9PIXgFn7uS+pg3hs1V1Y=
19,-13,JqwbCXjvLy4w1h62ZLK2UEm+i9o=,YJdnZ51k7iJqsf/8Hf8LeTtTET8=
20,-12,JqwbCXjvLy4w1h62ZLK2UEm+i9o=,iXmCkqr3YuuPU1uLkXZtBgC8OjM=
19,-12,JqwbCXjvLy4w1h62ZLK2UEm+i9o=,nMyCkmiqMBP1GCZmquhgPfa8LkA=
20,-11,t0cPUUQGHLoVHYPrET2kcnkRO2g=,iXmCkqr3YuuPU1uLkXZtBgC8OjM=
20,-10,t0cPUUQGHLoVHYPrET2kcnkRO2g=,aaiFNfuj/bCM+AtTcS3nFA6t+W4=
19,-11,t0cPUUQGHLoVHYPrET2kcnkRO2g=,nMyCkmiqMBP1GCZmquhgPfa8LkA=
19,-10,t0cPUUQGHLoVHYPrET2kcnkRO2g=,4KLiIc7msuGaNflSs0LnHZAr+7Q=
19,-9,RMtVVp17dZ5bCl+YTB+n3nXDNbI=,4KLiIc7msuGaNflSs0LnHZAr+7Q=
19,-7,RMtVVp17dZ5bCl+YTB+n3nXDNbI=,rZKWAlOPUq9HMX/wLtNBXa1U/r4=
19,-8,RMtVVp17dZ5bCl+YTB+n3nXDNbI=,rZKWAlOPUq9HMX/wLtNBXa1U/r4=
20,-8,RMtVVp17dZ5bCl+YTB+n3nXDNbI=,+56krUdGLwFlFjIhdV428hMCVvA=
19,-6,RMtVVp17dZ5bCl+YTB+n3nXDNbI=,hg96Ucqtd1pQoNFO8Megs4prYbQ=
20,-9,RMtVVp17dZ5bCl+YTB+n3nXDNbI=,aaiFNfuj/bCM+AtTcS3nFA6t+W4=
20,-6,RMtVVp17dZ5bCl+YTB+n3nXDNbI=,f3OfJEm9GcU0f3GfsPgf1yTobtA=
20,-7,RMtVVp17dZ5bCl+YTB+n3nXDNbI=,+56krUdGLwFlFjIhdV428hMCVvA=
20,-5,KEfJSLnZyFPQKAbHsKKMdY1GLGU=,f3OfJEm9GcU0f3GfsPgf1yTobtA=
19,-5,KEfJSLnZyFPQKAbHsKKMdY1GLGU=,hg96Ucqtd1pQoNFO8Megs4prYbQ=
20,-4,KEfJSLnZyFPQKAbHsKKMdY1GLGU=,BG3fLe+E7c3RcTL3TCn6M1APwF4=
19,-4,KEfJSLnZyFPQKAbHsKKMdY1GLGU=,ZO/9GQy0Ui6mcCMpOeMLNmHjVNM=
20,-3,cCNsgS0A4cq+KwfkylaN0lKGcC8=,BG3fLe+E7c3RcTL3TCn6M1APwF4=
19,-2,cCNsgS0A4cq+KwfkylaN0lKGcC8=,lRRQESlw17ab3ExOrX+1axKJjhs=
19,-3,cCNsgS0A4cq+KwfkylaN0lKGcC8=,ZO/9GQy0Ui6mcCMpOeMLNmHjVNM=
20,-2,cCNsgS0A4cq+KwfkylaN0lKGcC8=,3Xrxu+UbUnqpI6lgpCmYDchICJc=
21,-3,+nwxLnPA8YelK6thGIdGkw/9G3M=,BG3fLe+E7c3RcTL3TCn6M1APwF4=
21,-2,+nwxLnPA8YelK6thGIdGkw/9G3M=,3Xrxu+UbUnqpI6lgpCmYDchICJc=
22,-2,+nwxLnPA8YelK6thGIdGkw/9G3M=,n3FduzQEkVq/WqyET7oVuuegywc=
22,-4,+nwxLnPA8YelK6thGIdGkw/9G3M=,sbcgHWJMXp6kFjzJq/Mc9ptd0yQ=
22,-3,+nwxLnPA8YelK6thGIdGkw/9G3M=,sbcgHWJMXp6kFjzJq/Mc9ptd0yQ=
21,-5,+nwxLnPA8YelK6thGIdGkw/9G3M=,f3OfJEm9GcU0f3GfsPgf1yTobtA=
22,-5,+nwxLnPA8YelK6thGIdGkw/9G3M=,Cgnh8yXQ2v0o/SUVm9y20LUOVdo=
21,-4,+nwxLnPA8YelK6thGIdGkw/9G3M=,BG3fLe+E7c3RcTL3TCn6M1APwF4=
21,-6,rIElzVtnEkqEsm73QcRT3Ui3E7A=,f3OfJEm9GcU0f3GfsPgf1yTobtA=
21,-7,rIElzVtnEkqEsm73QcRT3Ui3E7A=,+56krUdGLwFlFjIhdV428hMCVvA=
22,-7,rIElzVtnEkqEsm73QcRT3Ui3E7A=,d5Did8v8x4EjJAvO72O70lX1qIM=
22,-6,rIElzVtnEkqEsm73QcRT3Ui3E7A=,Cgnh8yXQ2v0o/SUVm9y20LUOVdo=
24,-7,rIElzVtnEkqEsm73QcRT3Ui3E7A=,BFH5wiv72HJ4QTw8tknqDRIeU+w=
24,-6,rIElzVtnEkqEsm73QcRT3Ui3E7A=,WAuiYyNIY2I1TSkpUOA7xw/GIaA=
23,-7,rIElzVtnEkqEsm73QcRT3Ui3E7A=,d5Did8v8x4EjJAvO72O70lX1qIM=
23,-6,rIElzVtnEkqEsm73QcRT3Ui3E7A=,Cgnh8yXQ2v0o/SUVm9y20LUOVdo=
24,-5,rIElzVtnEkqEsm73QcRT3Ui3E7A=,WAuiYyNIY2I1TSkpUOA7xw/GIaA=
23,-4,rIElzVtnEkqEsm73QcRT3Ui3E7A=,sbcgHWJMXp6kFjzJq/Mc9ptd0yQ=
24,-4,rIElzVtnEkqEsm73QcRT3Ui3E7A=,0KfaR7eBc8WCYiHnELV3zCmAq+4=
23,-5,rIElzVtnEkqEsm73QcRT3Ui3E7A=,Cgnh8yXQ2v0o/SUVm9y20LUOVdo=
25,-13,B9JgXF43JBxxsM4unOnLxTx4SQM=,ns89H/uiGtEipwlig0eumbzex2Q=
26,-12,B9JgXF43JBxxsM4unOnLxTx4SQM=,Zx0r8pxXeiiEqghQnB3FmSKs+jw=
26,-13,B9JgXF43JBxxsM4unOnLxTx4SQM=,j7x+vUPMgJWaC9FFY0vpCNcyA8Q=
25,-12,B9JgXF43JBxxsM4unOnLxTx4SQM=,QMTWVDLHBj+99w0K5LCbmmQRUTU=
25,-11,B9JgXF43JBxxsM4unOnLxTx4SQM=,QMTWVDLHBj+99w0K5LCbmmQRUTU=
26,-11,B9JgXF43JBxxsM4unOnLxTx4SQM=,Zx0r8pxXeiiEqghQnB3FmSKs+jw=
26,-10,B9JgXF43JBxxsM4unOnLxTx4SQM=,yrGGP1xOgGTZVdQu6OLDvph0Amg=
25,-10,B9JgXF43JBxxsM4unOnLxTx4SQM=,fSotIo99nX1vpatbJ8xT51ReaR0=
24,-13,IQ5AvrEl7IgpX1jwmhKzYZVZglo=,ns89H/uiGtEipwlig0eumbzex2Q=
22,-13,IQ5AvrEl7IgpX1jwmhKzYZVZglo=,FPKcTED+X7bbnTDuHU0nIrWrF4I=
23,-13,IQ5AvrEl7IgpX1jwmhKzYZVZglo=,FPKcTED+X7bbnTDuHU0nIrWrF4I=
21,-13,IQ5AvrEl7IgpX1jwmhKzYZVZglo=,trnIFvI9PIXgFn7uS+pg3hs1V1Y=
24,-12,IQ5AvrEl7IgpX1jwmhKzYZVZglo=,QMTWVDLHBj+99w0K5LCbmmQRUTU=
23,-12,IQ5AvrEl7IgpX1jwmhKzYZVZglo=,95RVYFckbiKh2R44wkB5QnuD3Zs=
21,-12,IQ5AvrEl7IgpX1jwmhKzYZVZglo=,iXmCkqr3YuuPU1uLkXZtBgC8OjM=
22,-12,IQ5AvrEl7IgpX1jwmhKzYZVZglo=,95RVYFckbiKh2R44wkB5QnuD3Zs=
30,-8,c9lFlfT9HGMe+slcfMAPGP1uV6w=,08O2JZdiFrkH4bqoFYrwOnIP8Tg=
30,-9,c9lFlfT9HGMe+slcfMAPGP1uV6w=,5S21DAVYE37j8aiCUI9aNaMv7WM=
29,-9,c9lFlfT9HGMe+slcfMAPGP1uV6w=,6bmpnOnvthiI82lfeedaaJZIpnw=
29,-8,c9lFlfT9HGMe+slcfMAPGP1uV6w=,TukBHk+7DYtj3H6MZPfOd/aqY2I=
30,-13,c9lFlfT9HGMe+slcfMAPGP1uV6w=,j5BbygqSUlbV2zNMYLmj52xhSlo=
30,-12,c9lFlfT9HGMe+slcfMAPGP1uV6w=,eXfb+c1O2R97ICTok4QM/ra4GBA=
28,-13,c9lFlfT9HGMe+slcfMAPGP1uV6w=,i786rC3ZWRU64OpZAKIGhw0nqgU=
28,-12,c9lFlfT9HGMe+slcfMAPGP1uV6w=,0x8oJ48r3T7CCIV6bVypi8Je4Io=
29,-13,c9lFlfT9HGMe+slcfMAPGP1uV6w=,i786rC3ZWRU64OpZAKIGhw0nqgU=
29,-12,c9lFlfT9HGMe+slcfMAPGP1uV6w=,0x8oJ48r3T7CCIV6bVypi8Je4Io=
27,-13,c9lFlfT9HGMe+slcfMAPGP1uV6w=,j7x+vUPMgJWaC9FFY0vpCNcyA8Q=
27,-12,c9lFlfT9HGMe+slcfMAPGP1uV6w=,Zx0r8pxXeiiEqghQnB3FmSKs+jw=
29,-11,c9lFlfT9HGMe+slcfMAPGP1uV6w=,0x8oJ48r3T7CCIV6bVypi8Je4Io=
30,-11,c9lFlfT9HGMe+slcfMAPGP1uV6w=,eXfb+c1O2R97ICTok4QM/ra4GBA=
29,-10,c9lFlfT9HGMe+slcfMAPGP1uV6w=,6bmpnOnvthiI82lfeedaaJZIpnw=
28,-10,c9lFlfT9HGMe+slcfMAPGP1uV6w=,6bmpnOnvthiI82lfeedaaJZIpnw=
28,-11,c9lFlfT9HGMe+slcfMAPGP1uV6w=,0x8oJ48r3T7CCIV6bVypi8Je4Io=
27,-11,c9lFlfT9HGMe+slcfMAPGP1uV6w=,Zx0r8pxXeiiEqghQnB3FmSKs+jw=
27,-10,c9lFlfT9HGMe+slcfMAPGP1uV6w=,yrGGP1xOgGTZVdQu6OLDvph0Amg=
30,-10,c9lFlfT9HGMe+slcfMAPGP1uV6w=,5S21DAVYE37j8aiCUI9aNaMv7WM=
28,-14,e0Lk2j4tVyr+fntk4AgBoAVqopI=,i786rC3ZWRU64OpZAKIGhw0nqgU=
27,-15,e0Lk2j4tVyr+fntk4AgBoAVqopI=,RPmaDY0uXDZJjQUGHIsEpvQBTdQ=
28,-15,e0Lk2j4tVyr+fntk4AgBoAVqopI=,ZQNHEN0bmuyxg/nbX0vceKdI/20=
27,-14,e0Lk2j4tVyr+fntk4AgBoAVqopI=,j7x+vUPMgJWaC9FFY0vpCNcyA8Q=
26,-15,e0Lk2j4tVyr+fntk4AgBoAVqopI=,RPmaDY0uXDZJjQUGHIsEpvQBTdQ=
25,-15,e0Lk2j4tVyr+fntk4AgBoAVqopI=,iQRYoqxtvH3BxVmGueKdKXwadxI=
25,-14,e0Lk2j4tVyr+fntk4AgBoAVqopI=,ns89H/uiGtEipwlig0eumbzex2Q=
26,-14,e0Lk2j4tVyr+fntk4AgBoAVqopI=,j7x+vUPMgJWaC9FFY0vpCNcyA8Q=
24,-15,e0Lk2j4tVyr+fntk4AgBoAVqopI=,iQRYoqxtvH3BxVmGueKdKXwadxI=
23,-15,e0Lk2j4tVyr+fntk4AgBoAVqopI=,7fEETgbJGBihmbCRD05+1mwWY7Y=
24,-14,e0Lk2j4tVyr+fntk4AgBoAVqopI=,ns89H/uiGtEipwlig0eumbzex2Q=
23,-14,e0Lk2j4tVyr+fntk4AgBoAVqopI=,FPKcTED+X7bbnTDuHU0nIrWrF4I=
26,-16,e0Lk2j4tVyr+fntk4AgBoAVqopI=,RPmaDY0uXDZJjQUGHIsEpvQBTdQ=
25,-16,e0Lk2j4tVyr+fntk4AgBoAVqopI=,iQRYoqxtvH3BxVmGueKdKXwadxI=
24,-16,e0Lk2j4tVyr+fntk4AgBoAVqopI=,iQRYoqxtvH3BxVmGueKdKXwadxI=
23,-16,e0Lk2j4tVyr+fntk4AgBoAVqopI=,7fEETgbJGBihmbCRD05+1mwWY7Y=
16,-13,e0Lk2j4tVyr+fntk4AgBoAVqopI=,cS/jHtofbiZQQndbhzjAJ2kbtWI=
19,-15,e0Lk2j4tVyr+fntk4AgBoAVqopI=,TqIvNcvd7n99NiIX4f52PgVXYcE=
20,-15,e0Lk2j4tVyr+fntk4AgBoAVqopI=,3LTa/X0S6wiFiI9QRCFFO8huDPE=
19,-16,e0Lk2j4tVyr+fntk4AgBoAVqopI=,TqIvNcvd7n99NiIX4f52PgVXYcE=
22,-15,e0Lk2j4tVyr+fntk4AgBoAVqopI=,7fEETgbJGBihmbCRD05+1mwWY7Y=
21,-16,e0Lk2j4tVyr+fntk4AgBoAVqopI=,3LTa/X0S6wiFiI9QRCFFO8huDPE=
20,-16,e0Lk2j4tVyr+fntk4AgBoAVqopI=,3LTa/X0S6wiFiI9QRCFFO8huDPE=
22,-16,e0Lk2j4tVyr+fntk4AgBoAVqopI=,7fEETgbJGBihmbCRD05+1mwWY7Y=
20,-14,e0Lk2j4tVyr+fntk4AgBoAVqopI=,trnIFvI9PIXgFn7uS+pg3hs1V1Y=
21,-14,e0Lk2j4tVyr+fntk4AgBoAVqopI=,trnIFvI9PIXgFn7uS+pg3hs1V1Y=
21,-15,e0Lk2j4tVyr+fntk4AgBoAVqopI=,3LTa/X0S6wiFiI9QRCFFO8huDPE=
16,-12,e0Lk2j4tVyr+fntk4AgBoAVqopI=,JpUvtFmvIcQWGQlggvNBOrPlq3w=
19,-14,e0Lk2j4tVyr+fntk4AgBoAVqopI=,YJdnZ51k7iJqsf/8Hf8LeTtTET8=
22,-14,e0Lk2j4tVyr+fntk4AgBoAVqopI=,FPKcTED+X7bbnTDuHU0nIrWrF4I=
16,-10,e0Lk2j4tVyr+fntk4AgBoAVqopI=,7jv0LEcj0rRicITjtPGByDfv8AQ=
16,-11,e0Lk2j4tVyr+fntk4AgBoAVqopI=,JpUvtFmvIcQWGQlggvNBOrPlq3w=
18,-15,e0Lk2j4tVyr+fntk4AgBoAVqopI=,TqIvNcvd7n99NiIX4f52PgVXYcE=
17,-15,e0Lk2j4tVyr+fntk4AgBoAVqopI=,pXzZaWd+IirzYbynX1IIW2Wi1PY=
18,-14,e0Lk2j4tVyr+fntk4AgBoAVqopI=,YJdnZ51k7iJqsf/8Hf8LeTtTET8=
17,-16,e0Lk2j4tVyr+fntk4AgBoAVqopI=,pXzZaWd+IirzYbynX1IIW2Wi1PY=
17,-14,e0Lk2j4tVyr+fntk4AgBoAVqopI=,cS/jHtofbiZQQndbhzjAJ2kbtWI=
18,-16,e0Lk2j4tVyr+fntk4AgBoAVqopI=,TqIvNcvd7n99NiIX4f52PgVXYcE=
16,-15,e0Lk2j4tVyr+fntk4AgBoAVqopI=,pXzZaWd+IirzYbynX1IIW2Wi1PY=
16,-14,e0Lk2j4tVyr+fntk4AgBoAVqopI=,cS/jHtofbiZQQndbhzjAJ2kbtWI=
18,-9,yGEUTqoO3kAkkqahKhAtbEXZamc=,4KLiIc7msuGaNflSs0LnHZAr+7Q=
17,-8,yGEUTqoO3kAkkqahKhAtbEXZamc=,/5OjSVPG2srFm9Nt5G17TfRg9w4=
18,-8,yGEUTqoO3kAkkqahKhAtbEXZamc=,rZKWAlOPUq9HMX/wLtNBXa1U/r4=
17,-9,yGEUTqoO3kAkkqahKhAtbEXZamc=,7jv0LEcj0rRicITjtPGByDfv8AQ=
16,-8,yGEUTqoO3kAkkqahKhAtbEXZamc=,/5OjSVPG2srFm9Nt5G17TfRg9w4=
16,-9,yGEUTqoO3kAkkqahKhAtbEXZamc=,7jv0LEcj0rRicITjtPGByDfv8AQ=
18,-7,yGEUTqoO3kAkkqahKhAtbEXZamc=,rZKWAlOPUq9HMX/wLtNBXa1U/r4=
16,-7,yGEUTqoO3kAkkqahKhAtbEXZamc=,/5OjSVPG2srFm9Nt5G17TfRg9w4=
17,-7,yGEUTqoO3kAkkqahKhAtbEXZamc=,/5OjSVPG2srFm9Nt5G17TfRg9w4=
16,-6,yGEUTqoO3kAkkqahKhAtbEXZamc=,Fo7O/5yiRjdfEQq6B0rWUBykMfg=
18,-6,yGEUTqoO3kAkkqahKhAtbEXZamc=,hg96Ucqtd1pQoNFO8Megs4prYbQ=
17,-6,yGEUTqoO3kAkkqahKhAtbEXZamc=,Fo7O/5yiRjdfEQq6B0rWUBykMfg=
18,-4,yGEUTqoO3kAkkqahKhAtbEXZamc=,ZO/9GQy0Ui6mcCMpOeMLNmHjVNM=
17,-5,yGEUTqoO3kAkkqahKhAtbEXZamc=,Fo7O/5yiRjdfEQq6B0rWUBykMfg=
16,-4,yGEUTqoO3kAkkqahKhAtbEXZamc=,QLhfI7UZhAzqROKFklNRyhG/OXc=
17,-4,yGEUTqoO3kAkkqahKhAtbEXZamc=,QLhfI7UZhAzqROKFklNRyhG/OXc=
16,-5,yGEUTqoO3kAkkqahKhAtbEXZamc=,Fo7O/5yiRjdfEQq6B0rWUBykMfg=
18,-5,yGEUTqoO3kAkkqahKhAtbEXZamc=,hg96Ucqtd1pQoNFO8Megs4prYbQ=
20,-1,yGEUTqoO3kAkkqahKhAtbEXZamc=,3Xrxu+UbUnqpI6lgpCmYDchICJc=
19,-1,yGEUTqoO3kAkkqahKhAtbEXZamc=,lRRQESlw17ab3ExOrX+1axKJjhs=
22,-1,yGEUTqoO3kAkkqahKhAtbEXZamc=,n3FduzQEkVq/WqyET7oVuuegywc=
21,-1,yGEUTqoO3kAkkqahKhAtbEXZamc=,3Xrxu+UbUnqpI6lgpCmYDchICJc=
16,-2,yGEUTqoO3kAkkqahKhAtbEXZamc=,GNjxDLGcNYZJq/ZWMuQg/Q7iA4M=
17,-1,yGEUTqoO3kAkkqahKhAtbEXZamc=,GNjxDLGcNYZJq/ZWMuQg/Q7iA4M=
16,-3,yGEUTqoO3kAkkqahKhAtbEXZamc=,QLhfI7UZhAzqROKFklNRyhG/OXc=
17,-3,yGEUTqoO3kAkkqahKhAtbEXZamc=,QLhfI7UZhAzqROKFklNRyhG/OXc=
17,-2,yGEUTqoO3kAkkqahKhAtbEXZamc=,GNjxDLGcNYZJq/ZWMuQg/Q7iA4M=
18,-2,yGEUTqoO3kAkkqahKhAtbEXZamc=,lRRQESlw17ab3ExOrX+1axKJjhs=
18,-3,yGEUTqoO3kAkkqahKhAtbEXZamc=,ZO/9GQy0Ui6mcCMpOeMLNmHjVNM=
18,-1,yGEUTqoO3kAkkqahKhAtbEXZamc=,lRRQESlw17ab3ExOrX+1axKJjhs=
24,-2,QAlOTwu3GzDCo/bISf+yFO59aCk=,xIXLEwTwX8e442OE5sDWifSfNao=
23,-2,QAlOTwu3GzDCo/bISf+yFO59aCk=,n3FduzQEkVq/WqyET7oVuuegywc=
24,-3,QAlOTwu3GzDCo/bISf+yFO59aCk=,0KfaR7eBc8WCYiHnELV3zCmAq+4=
23,-3,QAlOTwu3GzDCo/bISf+yFO59aCk=,sbcgHWJMXp6kFjzJq/Mc9ptd0yQ=
25,-2,QAlOTwu3GzDCo/bISf+yFO59aCk=,xIXLEwTwX8e442OE5sDWifSfNao=
25,-3,QAlOTwu3GzDCo/bISf+yFO59aCk=,0KfaR7eBc8WCYiHnELV3zCmAq+4=
26,-2,QAlOTwu3GzDCo/bISf+yFO59aCk=,msoMh9djXJQdIdiuHiefoKxJvvg=
26,-3,QAlOTwu3GzDCo/bISf+yFO59aCk=,TMJOxo513sbM61tJ6N70rD2wJHk=
25,-5,QAlOTwu3GzDCo/bISf+yFO59aCk=,WAuiYyNIY2I1TSkpUOA7xw/GIaA=
26,-4,QAlOTwu3GzDCo/bISf+yFO59aCk=,TMJOxo513sbM61tJ6N70rD2wJHk=
25,-4,QAlOTwu3GzDCo/bISf+yFO59aCk=,0KfaR7eBc8WCYiHnELV3zCmAq+4=
26,-5,QAlOTwu3GzDCo/bISf+yFO59aCk=,HIHnY2iXxMVUqUGO9hbhypxq+io=
27,-5,Mh4UX4oMjCnW0HUWq4RPr23GFbY=,HIHnY2iXxMVUqUGO9hbhypxq+io=
28,-5,Mh4UX4oMjCnW0HUWq4RPr23GFbY=,1gtiYh42zVh2Pt4mLZOios53MBc=
27,-4,Mh4UX4oMjCnW0HUWq4RPr23GFbY=,TMJOxo513sbM61tJ6N70rD2wJHk=
28,-4,Mh4UX4oMjCnW0HUWq4RPr23GFbY=,ZtN7tBIDkLOpqJXm6lKyQqT7UyA=
29,-5,Mh4UX4oMjCnW0HUWq4RPr23GFbY=,1gtiYh42zVh2Pt4mLZOios53MBc=
30,-4,Mh4UX4oMjCnW0HUWq4RPr23GFbY=,r+Ntp72aCTKiR3NM5FIYuQqupLM=
30,-7,Mh4UX4oMjCnW0HUWq4RPr23GFbY=,08O2JZdiFrkH4bqoFYrwOnIP8Tg=
30,-6,Mh4UX4oMjCnW0HUWq4RPr23GFbY=,MFVTIvFxOOIeo3WsNtYPpm/L+cs=
29,-7,Mh4UX4oMjCnW0HUWq4RPr23GFbY=,TukBHk+7DYtj3H6MZPfOd/aqY2I=
30,-5,Mh4UX4oMjCnW0HUWq4RPr23GFbY=,MFVTIvFxOOIeo3WsNtYPpm/L+cs=
29,-6,Mh4UX4oMjCnW0HUWq4RPr23GFbY=,1gtiYh42zVh2Pt4mLZOios53MBc=
29,-4,Mh4UX4oMjCnW0HUWq4RPr23GFbY=,ZtN7tBIDkLOpqJXm6lKyQqT7UyA=
31,-5,Mh4UX4oMjCnW0HUWq4RPr23GFbY=,MFVTIvFxOOIeo3WsNtYPpm/L+cs=
31,-4,Mh4UX4oMjCnW0HUWq4RPr23GFbY=,r+Ntp72aCTKiR3NM5FIYuQqupLM=
24,-1,Mh4UX4oMjCnW0HUWq4RPr23GFbY=,xIXLEwTwX8e442OE5sDWifSfNao=
23,-1,Mh4UX4oMjCnW0HUWq4RPr23GFbY=,n3FduzQEkVq/WqyET7oVuuegywc=
25,-1,Mh4UX4oMjCnW0HUWq4RPr23GFbY=,xIXLEwTwX8e442OE5sDWifSfNao=
26,-1,Mh4UX4oMjCnW0HUWq4RPr23GFbY=,msoMh9djXJQdIdiuHiefoKxJvvg=
16,-1,Mh4UX4oMjCnW0HUWq4RPr23GFbY=,GNjxDLGcNYZJq/ZWMuQg/Q7iA4M=
27,-16,XHCnsoC9NO5px9sNa+Dqgz2PcDQ=,RPmaDY0uXDZJjQUGHIsEpvQBTdQ=
28,-16,XHCnsoC9NO5px9sNa+Dqgz2PcDQ=,ZQNHEN0bmuyxg/nbX0vceKdI/20=
30,-14,XHCnsoC9NO5px9sNa+Dqgz2PcDQ=,j5BbygqSUlbV2zNMYLmj52xhSlo=
29,-15,XHCnsoC9NO5px9sNa+Dqgz2PcDQ=,ZQNHEN0bmuyxg/nbX0vceKdI/20=
29,-14,XHCnsoC9NO5px9sNa+Dqgz2PcDQ=,i786rC3ZWRU64OpZAKIGhw0nqgU=
29,-16,XHCnsoC9NO5px9sNa+Dqgz2PcDQ=,ZQNHEN0bmuyxg/nbX0vceKdI/20=
27,-1,XHCnsoC9NO5px9sNa+Dqgz2PcDQ=,msoMh9djXJQdIdiuHiefoKxJvvg=
28,-3,XHCnsoC9NO5px9sNa+Dqgz2PcDQ=,ZtN7tBIDkLOpqJXm6lKyQqT7UyA=
27,-3,XHCnsoC9NO5px9sNa+Dqgz2PcDQ=,TMJOxo513sbM61tJ6N70rD2wJHk=
27,-2,XHCnsoC9NO5px9sNa+Dqgz2PcDQ=,msoMh9djXJQdIdiuHiefoKxJvvg=
28,-2,XHCnsoC9NO5px9sNa+Dqgz2PcDQ=,I0lVvvlHITNA/h5wk6Y9G1XpSbo=
28,-1,XHCnsoC9NO5px9sNa+Dqgz2PcDQ=,I0lVvvlHITNA/h5wk6Y9G1XpSbo=
31,-2,XHCnsoC9NO5px9sNa+Dqgz2PcDQ=,yODcWJar1XHjdGmw2ApHkOrkXv4=
29,-1,XHCnsoC9NO5px9sNa+Dqgz2PcDQ=,I0lVvvlHITNA/h5wk6Y9G1XpSbo=
30,-3,XHCnsoC9NO5px9sNa+Dqgz2PcDQ=,r+Ntp72aCTKiR3NM5FIYuQqupLM=
31,-14,XHCnsoC9NO5px9sNa+Dqgz2PcDQ=,j5BbygqSUlbV2zNMYLmj52xhSlo=
31,-9,XHCnsoC9NO5px9sNa+Dqgz2PcDQ=,5S21DAVYE37j8aiCUI9aNaMv7WM=
31,-8,XHCnsoC9NO5px9sNa+Dqgz2PcDQ=,08O2JZdiFrkH4bqoFYrwOnIP8Tg=
31,-3,XHCnsoC9NO5px9sNa+Dqgz2PcDQ=,r+Ntp72aCTKiR3NM5FIYuQqupLM=
31,-6,XHCnsoC9NO5px9sNa+Dqgz2PcDQ=,MFVTIvFxOOIeo3WsNtYPpm/L+cs=
31,-12,XHCnsoC9NO5px9sNa+Dqgz2PcDQ=,eXfb+c1O2R97ICTok4QM/ra4GBA=
31,-13,XHCnsoC9NO5px9sNa+Dqgz2PcDQ=,j5BbygqSUlbV2zNMYLmj52xhSlo=
31,-1,XHCnsoC9NO5px9sNa+Dqgz2PcDQ=,yODcWJar1XHjdGmw2ApHkOrkXv4=
31,-11,XHCnsoC9NO5px9sNa+Dqgz2PcDQ=,eXfb+c1O2R97ICTok4QM/ra4GBA=
31,-10,XHCnsoC9NO5px9sNa+Dqgz2PcDQ=,5S21DAVYE37j8aiCUI9aNaMv7WM=
31,-7,XHCnsoC9NO5px9sNa+Dqgz2PcDQ=,08O2JZdiFrkH4bqoFYrwOnIP8Tg=
16,-16,XHCnsoC9NO5px9sNa+Dqgz2PcDQ=,pXzZaWd+IirzYbynX1IIW2Wi1PY=
30,-1,XHCnsoC9NO5px9sNa+Dqgz2PcDQ=,yODcWJar1XHjdGmw2ApHkOrkXv4=
29,-3,XHCnsoC9NO5px9sNa+Dqgz2PcDQ=,ZtN7tBIDkLOpqJXm6lKyQqT7UyA=
29,-2,XHCnsoC9NO5px9sNa+Dqgz2PcDQ=,I0lVvvlHITNA/h5wk6Y9G1XpSbo=
30,-2,XHCnsoC9NO5px9sNa+Dqgz2PcDQ=,yODcWJar1XHjdGmw2ApHkOrkXv4=
26,-8,XHCnsoC9NO5px9sNa+Dqgz2PcDQ=,rFkwVgCeQz+2J+uTdhEHeK+xS0w=
25,-7,XHCnsoC9NO5px9sNa+Dqgz2PcDQ=,BFH5wiv72HJ4QTw8tknqDRIeU+w=
27,-6,XHCnsoC9NO5px9sNa+Dqgz2PcDQ=,HIHnY2iXxMVUqUGO9hbhypxq+io=
25,-9,XHCnsoC9NO5px9sNa+Dqgz2PcDQ=,fSotIo99nX1vpatbJ8xT51ReaR0=
27,-7,XHCnsoC9NO5px9sNa+Dqgz2PcDQ=,rFkwVgCeQz+2J+uTdhEHeK+xS0w=
26,-6,XHCnsoC9NO5px9sNa+Dqgz2PcDQ=,HIHnY2iXxMVUqUGO9hbhypxq+io=
25,-8,XHCnsoC9NO5px9sNa+Dqgz2PcDQ=,BFH5wiv72HJ4QTw8tknqDRIeU+w=
28,-6,XHCnsoC9NO5px9sNa+Dqgz2PcDQ=,1gtiYh42zVh2Pt4mLZOios53MBc=
28,-9,XHCnsoC9NO5px9sNa+Dqgz2PcDQ=,6bmpnOnvthiI82lfeedaaJZIpnw=
27,-9,XHCnsoC9NO5px9sNa+Dqgz2PcDQ=,yrGGP1xOgGTZVdQu6OLDvph0Amg=
28,-8,XHCnsoC9NO5px9sNa+Dqgz2PcDQ=,TukBHk+7DYtj3H6MZPfOd/aqY2I=
25,-6,XHCnsoC9NO5px9sNa+Dqgz2PcDQ=,WAuiYyNIY2I1TSkpUOA7xw/GIaA=
28,-7,XHCnsoC9NO5px9sNa+Dqgz2PcDQ=,TukBHk+7DYtj3H6MZPfOd/aqY2I=
26,-7,XHCnsoC9NO5px9sNa+Dqgz2PcDQ=,rFkwVgCeQz+2J+uTdhEHeK+xS0w=
27,-8,XHCnsoC9NO5px9sNa+Dqgz2PcDQ=,rFkwVgCeQz+2J+uTdhEHeK+xS0w=
26,-9,XHCnsoC9NO5px9sNa+Dqgz2PcDQ=,yrGGP1xOgGTZVdQu6OLDvph0Amg=
24,-8,XHCnsoC9NO5px9sNa+Dqgz2PcDQ=,BFH5wiv72HJ4QTw8tknqDRIeU+w=
21,-8,XHCnsoC9NO5px9sNa+Dqgz2PcDQ=,+56krUdGLwFlFjIhdV428hMCVvA=
23,-11,XHCnsoC9NO5px9sNa+Dqgz2PcDQ=,95RVYFckbiKh2R44wkB5QnuD3Zs=
23,-9,XHCnsoC9NO5px9sNa+Dqgz2PcDQ=,qAsmaDt8WyXCS+wGlX+qQx1gFZw=
24,-9,XHCnsoC9NO5px9sNa+Dqgz2PcDQ=,fSotIo99nX1vpatbJ8xT51ReaR0=
23,-10,XHCnsoC9NO5px9sNa+Dqgz2PcDQ=,qAsmaDt8WyXCS+wGlX+qQx1gFZw=
21,-11,XHCnsoC9NO5px9sNa+Dqgz2PcDQ=,iXmCkqr3YuuPU1uLkXZtBgC8OjM=
22,-9,XHCnsoC9NO5px9sNa+Dqgz2PcDQ=,qAsmaDt8WyXCS+wGlX+qQx1gFZw=
22,-11,XHCnsoC9NO5px9sNa+Dqgz2PcDQ=,95RVYFckbiKh2R44wkB5QnuD3Zs=
21,-9,XHCnsoC9NO5px9sNa+Dqgz2PcDQ=,aaiFNfuj/bCM+AtTcS3nFA6t+W4=
21,-10,XHCnsoC9NO5px9sNa+Dqgz2PcDQ=,aaiFNfuj/bCM+AtTcS3nFA6t+W4=
24,-11,XHCnsoC9NO5px9sNa+Dqgz2PcDQ=,QMTWVDLHBj+99w0K5LCbmmQRUTU=
23,-8,XHCnsoC9NO5px9sNa+Dqgz2PcDQ=,d5Did8v8x4EjJAvO72O70lX1qIM=
24,-10,XHCnsoC9NO5px9sNa+Dqgz2PcDQ=,fSotIo99nX1vpatbJ8xT51ReaR0=
22,-8,XHCnsoC9NO5px9sNa+Dqgz2PcDQ=,d5Did8v8x4EjJAvO72O70lX1qIM=
22,-10,XHCnsoC9NO5px9sNa+Dqgz2PcDQ=,qAsmaDt8WyXCS+wGlX+qQx1gFZw=
18,-19,TMr+ZAb+A7mvbcJwI4T/+1YKIIQ=,5nomQE/xJQsnWRk0ttp4fmcFhLU=
17,-18,TMr+ZAb+A7mvbcJwI4T/+1YKIIQ=,HZuIqm3+6MbzT7WWCqGLC5J8M6E=
18,-18,TMr+ZAb+A7mvbcJwI4T/+1YKIIQ=,XSS7USQMnVZUpgSfSlPGbHZPUPI=
17,-19,TMr+ZAb+A7mvbcJwI4T/+1YKIIQ=,zJGrMg8Q6B17VrQUph3pUa8aS+0=
20,-21,TMr+ZAb+A7mvbcJwI4T/+1YKIIQ=,5p0NsSGLbbM67GthsZGQEohQUFo=
19,-21,TMr+ZAb+A7mvbcJwI4T/+1YKIIQ=,WyNdcz7ZrsYc26thzdLv4a1LIYs=
20,-20,TMr+ZAb+A7mvbcJwI4T/+1YKIIQ=,colJV4Z3BaVxqMz1czkRAaPms1s=
19,-20,TMr+ZAb+A7mvbcJwI4T/+1YKIIQ=,5nomQE/xJQsnWRk0ttp4fmcFhLU=
18,-17,TMr+ZAb+A7mvbcJwI4T/+1YKIIQ=,XSS7USQMnVZUpgSfSlPGbHZPUPI=
17,-17,TMr+ZAb+A7mvbcJwI4T/+1YKIIQ=,HZuIqm3+6MbzT7WWCqGLC5J8M6E=
16,-18,TMr+ZAb+A7mvbcJwI4T/+1YKIIQ=,HZuIqm3+6MbzT7WWCqGLC5J8M6E=
19,-22,TMr+ZAb+A7mvbcJwI4T/+1YKIIQ=,WyNdcz7ZrsYc26thzdLv4a1LIYs=
20,-22,TMr+ZAb+A7mvbcJwI4T/+1YKIIQ=,5p0NsSGLbbM67GthsZGQEohQUFo=
22,-20,TMr+ZAb+A7mvbcJwI4T/+1YKIIQ=,54sjvJShgYvIIkF1VULT94bmP3g=
21,-20,TMr+ZAb+A7mvbcJwI4T/+1YKIIQ=,colJV4Z3BaVxqMz1czkRAaPms1s=
21,-21,TMr+ZAb+A7mvbcJwI4T/+1YKIIQ=,5p0NsSGLbbM67GthsZGQEohQUFo=
16,-19,TMr+ZAb+A7mvbcJwI4T/+1YKIIQ=,zJGrMg8Q6B17VrQUph3pUa8aS+0=
20,-19,TMr+ZAb+A7mvbcJwI4T/+1YKIIQ=,colJV4Z3BaVxqMz1czkRAaPms1s=
19,-17,TMr+ZAb+A7mvbcJwI4T/+1YKIIQ=,XSS7USQMnVZUpgSfSlPGbHZPUPI=
20,-17,TMr+ZAb+A7mvbcJwI4T/+1YKIIQ=,wevjylBCaxnNJPkKag3F/hCdlPk=
16,-17,TMr+ZAb+A7mvbcJwI4T/+1YKIIQ=,HZuIqm3+6MbzT7WWCqGLC5J8M6E=
19,-19,TMr+ZAb+A7mvbcJwI4T/+1YKIIQ=,5nomQE/xJQsnWRk0ttp4fmcFhLU=
19,-18,TMr+ZAb+A7mvbcJwI4T/+1YKIIQ=,XSS7USQMnVZUpgSfSlPGbHZPUPI=
20,-18,TMr+ZAb+A7mvbcJwI4T/+1YKIIQ=,wevjylBCaxnNJPkKag3F/hCdlPk=
21,-17,keV31VXefcAtn6ztoN0E7w8VdAo=,wevjylBCaxnNJPkKag3F/hCdlPk=
24,-17,keV31VXefcAtn6ztoN0E7w8VdAo=,5b0Gx0wNtMv0+tc14lPGJpkr+b8=
23,-18,keV31VXefcAtn6ztoN0E7w8VdAo=,x+rKnppYKFiIzYCv7KSKolZblZ8=
24,-20,keV31VXefcAtn6ztoN0E7w8VdAo=,z+pV26EUy+p4buA0dBAF/H9vn6s=
23,-17,keV31VXefcAtn6ztoN0E7w8VdAo=,x+rKnppYKFiIzYCv7KSKolZblZ8=
24,-18,keV31VXefcAtn6ztoN0E7w8VdAo=,5b0Gx0wNtMv0+tc14lPGJpkr+b8=
25,-19,keV31VXefcAtn6ztoN0E7w8VdAo=,z+pV26EUy+p4buA0dBAF/H9vn6s=
25,-18,keV31VXefcAtn6ztoN0E7w8VdAo=,5b0Gx0wNtMv0+tc14lPGJpkr+b8=
25,-17,keV31VXefcAtn6ztoN0E7w8VdAo=,5b0Gx0wNtMv0+tc14lPGJpkr+b8=
22,-17,keV31VXefcAtn6ztoN0E7w8VdAo=,x+rKnppYKFiIzYCv7KSKolZblZ8=
25,-26,keV31VXefcAtn6ztoN0E7w8VdAo=,8GCGdsm8rEGRvCKohyKCUJB2RzU=
25,-25,keV31VXefcAtn6ztoN0E7w8VdAo=,8GCGdsm8rEGRvCKohyKCUJB2RzU=
25,-20,keV31VXefcAtn6ztoN0E7w8VdAo=,z+pV26EUy+p4buA0dBAF/H9vn6s=
24,-19,keV31VXefcAtn6ztoN0E7w8VdAo=,z+pV26EUy+p4buA0dBAF/H9vn6s=
23,-20,keV31VXefcAtn6ztoN0E7w8VdAo=,54sjvJShgYvIIkF1VULT94bmP3g=
22,-19,keV31VXefcAtn6ztoN0E7w8VdAo=,54sjvJShgYvIIkF1VULT94bmP3g=
21,-19,keV31VXefcAtn6ztoN0E7w8VdAo=,colJV4Z3BaVxqMz1czkRAaPms1s=
21,-18,keV31VXefcAtn6ztoN0E7w8VdAo=,wevjylBCaxnNJPkKag3F/hCdlPk=
23,-19,keV31VXefcAtn6ztoN0E7w8VdAo=,54sjvJShgYvIIkF1VULT94bmP3g=
22,-18,keV31VXefcAtn6ztoN0E7w8VdAo=,x+rKnppYKFiIzYCv7KSKolZblZ8=
22,-23,keV31VXefcAtn6ztoN0E7w8VdAo=,GB9jROz4Ns9X4GFNbHTfoIrIuAY=
21,-22,keV31VXefcAtn6ztoN0E7w8VdAo=,5p0NsSGLbbM67GthsZGQEohQUFo=
23,-23,keV31VXefcAtn6ztoN0E7w8VdAo=,GB9jROz4Ns9X4GFNbHTfoIrIuAY=
17,-22,keV31VXefcAtn6ztoN0E7w8VdAo=,Z1efrxwCxlZH02QApWcKLtrdK8Y=
16,-21,keV31VXefcAtn6ztoN0E7w8VdAo=,Z1efrxwCxlZH02QApWcKLtrdK8Y=
16,-22,keV31VXefcAtn6ztoN0E7w8VdAo=,Z1efrxwCxlZH02QApWcKLtrdK8Y=
17,-21,keV31VXefcAtn6ztoN0E7w8VdAo=,Z1efrxwCxlZH02QApWcKLtrdK8Y=
22,-26,keV31VXefcAtn6ztoN0E7w8VdAo=,imITdtstjWHZ31VkhIPv5x9D43M=
18,-22,keV31VXefcAtn6ztoN0E7w8VdAo=,WyNdcz7ZrsYc26thzdLv4a1LIYs=
23,-24,keV31VXefcAtn6ztoN0E7w8VdAo=,GB9jROz4Ns9X4GFNbHTfoIrIuAY=
22,-24,keV31VXefcAtn6ztoN0E7w8VdAo=,GB9jROz4Ns9X4GFNbHTfoIrIuAY=
24,-26,keV31VXefcAtn6ztoN0E7w8VdAo=,8GCGdsm8rEGRvCKohyKCUJB2RzU=
22,-25,keV31VXefcAtn6ztoN0E7w8VdAo=,imITdtstjWHZ31VkhIPv5x9D43M=
18,-20,keV31VXefcAtn6ztoN0E7w8VdAo=,5nomQE/xJQsnWRk0ttp4fmcFhLU=
24,-25,keV31VXefcAtn6ztoN0E7w8VdAo=,8GCGdsm8rEGRvCKohyKCUJB2RzU=
18,-21,keV31VXefcAtn6ztoN0E7w8VdAo=,WyNdcz7ZrsYc26thzdLv4a1LIYs=
23,-25,keV31VXefcAtn6ztoN0E7w8VdAo=,imITdtstjWHZ31VkhIPv5x9D43M=
23,-26,keV31VXefcAtn6ztoN0E7w8VdAo=,imITdtstjWHZ31VkhIPv5x9D43M=
16,-20,keV31VXefcAtn6ztoN0E7w8VdAo=,zJGrMg8Q6B17VrQUph3pUa8aS+0=
17,-20,keV31VXefcAtn6ztoN0E7w8VdAo=,zJGrMg8Q6B17VrQUph3pUa8aS+0=
6,-29,PrQm1gCTqBgv8RzN9iG6hiibUo8=,lxzcVVNInj9wyDPKyzFHA4VtKdU=
6,-28,PrQm1gCTqBgv8RzN9iG6hiibUo8=,UZ39RC79xAF3OrtsGdKQG6vzvm8=
5,-29,PrQm1gCTqBgv8RzN9iG6hiibUo8=,o4FuMu+tpIpfeSDFyt/CDPpS5Hs=
5,-28,PrQm1gCTqBgv8RzN9iG6hiibUo8=,+PL9CMNGAtyTtzik9iXvKn7aYZ0=
4,-28,PrQm1gCTqBgv8RzN9iG6hiibUo8=,+PL9CMNGAtyTtzik9iXvKn7aYZ0=
3,-29,PrQm1gCTqBgv8RzN9iG6hiibUo8=,7SX9w/5JwSa94CdbeJcO+IKIovg=
4,-29,PrQm1gCTqBgv8RzN9iG6hiibUo8=,o4FuMu+tpIpfeSDFyt/CDPpS5Hs=
3,-28,PrQm1gCTqBgv8RzN9iG6hiibUo8=,QKcUDO4f9+coFhMvFlEN2pGrxZk=
2,-28,MOeLK/r8jemmY8oglLdhrZ5/Xq8=,QKcUDO4f9+coFhMvFlEN2pGrxZk=
1,-29,MOeLK/r8jemmY8oglLdhrZ5/Xq8=,LhPM8QV60Q0bSHj4JW3mA4kig/U=
2,-29,MOeLK/r8jemmY8oglLdhrZ5/Xq8=,7SX9w/5JwSa94CdbeJcO+IKIovg=
1,-28,MOeLK/r8jemmY8oglLdhrZ5/Xq8=,VT9dwcWVjHAnAfQKn0E4tJ0ZMwY=
1,-27,MOeLK/r8jemmY8oglLdhrZ5/Xq8=,VT9dwcWVjHAnAfQKn0E4tJ0ZMwY=
2,-27,MOeLK/r8jemmY8oglLdhrZ5/Xq8=,QKcUDO4f9+coFhMvFlEN2pGrxZk=
1,-26,MOeLK/r8jemmY8oglLdhrZ5/Xq8=,gB/hk4RLMbmLdmiqZO8EzgxWlew=
2,-26,MOeLK/r8jemmY8oglLdhrZ5/Xq8=,p0DyW00COM9VvDHopiv70reFjTE=
1,-25,7Bko68+M/mqhkUZnx8DKvRg8vGY=,gB/hk4RLMbmLdmiqZO8EzgxWlew=
2,-24,7Bko68+M/mqhkUZnx8DKvRg8vGY=,xydQWrBxj9K+ipUZlqEv04707tQ=
1,-24,7Bko68+M/mqhkUZnx8DKvRg8vGY=,1QSSbt0nTLa0p4CQ2Qec4ovgDhQ=
2,-25,7Bko68+M/mqhkUZnx8DKvRg8vGY=,p0DyW00COM9VvDHopiv70reFjTE=
1,-22,N0v0bNIM+Snom3bhPmPI+quAlcU=,7nb9Snf4nhZgxwBVDcQD3ujxPXs=
1,-23,N0v0bNIM+Snom3bhPmPI+quAlcU=,1QSSbt0nTLa0p4CQ2Qec4ovgDhQ=
2,-23,N0v0bNIM+Snom3bhPmPI+quAlcU=,xydQWrBxj9K+ipUZlqEv04707tQ=
2,-22,N0v0bNIM+Snom3bhPmPI+quAlcU=,EAN9VranShP9xO5/x18RUGyp1sU=
1,-20,N0v0bNIM+Snom3bhPmPI+quAlcU=,w6ZDVp3eYG373+rUdeDAZdDR9gA=
1,-21,N0v0bNIM+Snom3bhPmPI+quAlcU=,7nb9Snf4nhZgxwBVDcQD3ujxPXs=
2,-20,N0v0bNIM+Snom3bhPmPI+quAlcU=,Vc3c+bI8++ZVoGDeuqXs/Dtjegk=
2,-21,N0v0bNIM+Snom3bhPmPI+quAlcU=,EAN9VranShP9xO5/x18RUGyp1sU=
8,-19,IczXEMTreRHBTVNPTTRu0JZRDlo=,1pYMGnxu5BxpAsVdlWGeEdfoSGE=
8,-18,IczXEMTreRHBTVNPTTRu0JZRDlo=,q79mc7cjlNm6gT7okVTfdxf90X0=
7,-18,IczXEMTreRHBTVNPTTRu0JZRDlo=,vSB07596aQJA7NPRdQ4JxTIXkDA=
7,-19,IczXEMTreRHBTVNPTTRu0JZRDlo=,SlRNaJEmW8C41HfMrWq7TnSZecE=
6,-19,IczXEMTreRHBTVNPTTRu0JZRDlo=,SlRNaJEmW8C41HfMrWq7TnSZecE=
5,-19,IczXEMTreRHBTVNPTTRu0JZRDlo=,Cas/0o8bMQavqbWZrcOeCZuq3/c=
5,-18,IczXEMTreRHBTVNPTTRu0JZRDlo=,b7RYsHTxnDPcakmW+LBjn0P3Ri0=
6,-18,IczXEMTreRHBTVNPTTRu0JZRDlo=,vSB07596aQJA7NPRdQ4JxTIXkDA=
9,-19,dN0pRbnpUYvV3cL++mx13Drg+vk=,1pYMGnxu5BxpAsVdlWGeEdfoSGE=
9,-18,dN0pRbnpUYvV3cL++mx13Drg+vk=,q79mc7cjlNm6gT7okVTfdxf90X0=
10,-19,dN0pRbnpUYvV3cL++mx13Drg+vk=,EZT1egfMZWG+V3DRieDyFcfCZoU=
10,-18,dN0pRbnpUYvV3cL++mx13Drg+vk=,TD9XZsiKLcbxQF5rbHGrxq5fTXE=
11,-19,dN0pRbnpUYvV3cL++mx13Drg+vk=,EZT1egfMZWG+V3DRieDyFcfCZoU=
11,-18,dN0pRbnpUYvV3cL++mx13Drg+vk=,TD9XZsiKLcbxQF5rbHGrxq5fTXE=
12,-18,dN0pRbnpUYvV3cL++mx13Drg+vk=,dTBApwtAsZUybdAi/TbG0nJfVno=
12,-19,dN0pRbnpUYvV3cL++mx13Drg+vk=,NQPoxBA+yLwl9dZvIp4ZaKm0t/g=
12,-23,bG5VYCDgoZK6WlUZTToxJiTO/wU=,lCBU5M0/dUOSkwLWPw5/rAFA/Bs=
11,-23,bG5VYCDgoZK6WlUZTToxJiTO/wU=,+8Rp3ITa1zpSRVxeR+so7CArEc0=
11,-22,bG5VYCDgoZK6WlUZTToxJiTO/wU=,e/msRkxOhaLIcIRaZO0BoyhK8/g=
12,-22,bG5VYCDgoZK6WlUZTToxJiTO/wU=,u4oMIQ85tneN8FAmK61EkzvrzOU=
11,-21,bG5VYCDgoZK6WlUZTToxJiTO/wU=,e/msRkxOhaLIcIRaZO0BoyhK8/g=
12,-21,bG5VYCDgoZK6WlUZTToxJiTO/wU=,u4oMIQ85tneN8FAmK61EkzvrzOU=
12,-20,bG5VYCDgoZK6WlUZTToxJiTO/wU=,NQPoxBA+yLwl9dZvIp4ZaKm0t/g=
11,-20,bG5VYCDgoZK6WlUZTToxJiTO/wU=,EZT1egfMZWG+V3DRieDyFcfCZoU=
13,-23,bG5VYCDgoZK6WlUZTToxJiTO/wU=,lCBU5M0/dUOSkwLWPw5/rAFA/Bs=
13,-22,bG5VYCDgoZK6WlUZTToxJiTO/wU=,u4oMIQ85tneN8FAmK61EkzvrzOU=
14,-22,bG5VYCDgoZK6WlUZTToxJiTO/wU=,O5tbPqVsav5jgzGFCM8LqwtQ2pU=
14,-23,bG5VYCDgoZK6WlUZTToxJiTO/wU=,tUCM4QXbDAjyHFP7Nlru/ESHfN0=
9,-23,bG5VYCDgoZK6WlUZTToxJiTO/wU=,AdT4lrXTCShP8V/jeqG1WfUJPu0=
10,-23,bG5VYCDgoZK6WlUZTToxJiTO/wU=,+8Rp3ITa1zpSRVxeR+so7CArEc0=
9,-22,bG5VYCDgoZK6WlUZTToxJiTO/wU=,7RHc4wTR+t+DbJl1YK8Rr4McdK8=
10,-22,bG5VYCDgoZK6WlUZTToxJiTO/wU=,e/msRkxOhaLIcIRaZO0BoyhK8/g=
9,-21,bG5VYCDgoZK6WlUZTToxJiTO/wU=,7RHc4wTR+t+DbJl1YK8Rr4McdK8=
10,-20,bG5VYCDgoZK6WlUZTToxJiTO/wU=,EZT1egfMZWG+V3DRieDyFcfCZoU=
9,-20,bG5VYCDgoZK6WlUZTToxJiTO/wU=,1pYMGnxu5BxpAsVdlWGeEdfoSGE=
10,-21,bG5VYCDgoZK6WlUZTToxJiTO/wU=,e/msRkxOhaLIcIRaZO0BoyhK8/g=
7,-23,QA9c/TwPfwBgoFadLaMJBPF4hx8=,Y8fNUa+LBxDGlqgRNBlogKmmBnQ=
8,-23,QA9c/TwPfwBgoFadLaMJBPF4hx8=,AdT4lrXTCShP8V/jeqG1WfUJPu0=
8,-22,QA9c/TwPfwBgoFadLaMJBPF4hx8=,7RHc4wTR+t+DbJl1YK8Rr4McdK8=
8,-21,QA9c/TwPfwBgoFadLaMJBPF4hx8=,7RHc4wTR+t+DbJl1YK8Rr4McdK8=
7,-22,QA9c/TwPfwBgoFadLaMJBPF4hx8=,Z6QBn3RbRymFlx7mxZ355zDyg0M=
7,-21,QA9c/TwPfwBgoFadLaMJBPF4hx8=,Z6QBn3RbRymFlx7mxZ355zDyg0M=
8,-20,QA9c/TwPfwBgoFadLaMJBPF4hx8=,1pYMGnxu5BxpAsVdlWGeEdfoSGE=
7,-20,QA9c/TwPfwBgoFadLaMJBPF4hx8=,SlRNaJEmW8C41HfMrWq7TnSZecE=
4,-27,QA9c/TwPfwBgoFadLaMJBPF4hx8=,+PL9CMNGAtyTtzik9iXvKn7aYZ0=
4,-26,QA9c/TwPfwBgoFadLaMJBPF4hx8=,z1CAZ5xCn9PiBRi/pAervMtzrW0=
3,-27,QA9c/TwPfwBgoFadLaMJBPF4hx8=,QKcUDO4f9+coFhMvFlEN2pGrxZk=
3,-26,QA9c/TwPfwBgoFadLaMJBPF4hx8=,p0DyW00COM9VvDHopiv70reFjTE=
6,-22,QA9c/TwPfwBgoFadLaMJBPF4hx8=,Z6QBn3RbRymFlx7mxZ355zDyg0M=
4,-24,QA9c/TwPfwBgoFadLaMJBPF4hx8=,Q/5PsX3lKOJMB7cMoPciakflU30=
4,-25,QA9c/TwPfwBgoFadLaMJBPF4hx8=,z1CAZ5xCn9PiBRi/pAervMtzrW0=
6,-23,QA9c/TwPfwBgoFadLaMJBPF4hx8=,Y8fNUa+LBxDGlqgRNBlogKmmBnQ=
4,-23,QA9c/TwPfwBgoFadLaMJBPF4hx8=,Q/5PsX3lKOJMB7cMoPciakflU30=
5,-22,QA9c/TwPfwBgoFadLaMJBPF4hx8=,6E7TfHF82d8wJdTECESdovNA39k=
3,-25,QA9c/TwPfwBgoFadLaMJBPF4hx8=,p0DyW00COM9VvDHopiv70reFjTE=
5,-23,QA9c/TwPfwBgoFadLaMJBPF4hx8=,Q/5PsX3lKOJMB7cMoPciakflU30=
3,-24,QA9c/TwPfwBgoFadLaMJBPF4hx8=,xydQWrBxj9K+ipUZlqEv04707tQ=
3,-20,QA9c/TwPfwBgoFadLaMJBPF4hx8=,Vc3c+bI8++ZVoGDeuqXs/Dtjegk=
3,-21,QA9c/TwPfwBgoFadLaMJBPF4hx8=,EAN9VranShP9xO5/x18RUGyp1sU=
4,-21,QA9c/TwPfwBgoFadLaMJBPF4hx8=,6E7TfHF82d8wJdTECESdovNA39k=
4,-20,QA9c/TwPfwBgoFadLaMJBPF4hx8=,Cas/0o8bMQavqbWZrcOeCZuq3/c=
3,-23,QA9c/TwPfwBgoFadLaMJBPF4hx8=,xydQWrBxj9K+ipUZlqEv04707tQ=
6,-20,QA9c/TwPfwBgoFadLaMJBPF4hx8=,SlRNaJEmW8C41HfMrWq7TnSZecE=
4,-22,QA9c/TwPfwBgoFadLaMJBPF4hx8=,6E7TfHF82d8wJdTECESdovNA39k=
3,-22,QA9c/TwPfwBgoFadLaMJBPF4hx8=,EAN9VranShP9xO5/x18RUGyp1sU=
5,-21,QA9c/TwPfwBgoFadLaMJBPF4hx8=,6E7TfHF82d8wJdTECESdovNA39k=
6,-21,QA9c/TwPfwBgoFadLaMJBPF4hx8=,Z6QBn3RbRymFlx7mxZ355zDyg0M=
5,-20,QA9c/TwPfwBgoFadLaMJBPF4hx8=,Cas/0o8bMQavqbWZrcOeCZuq3/c=
9,-28,QA9c/TwPfwBgoFadLaMJBPF4hx8=,yrvRQgzk/po8iYT7X3N5rcKFiEs=
8,-30,QA9c/TwPfwBgoFadLaMJBPF4hx8=,E/3ddCQ/4BSEj1PJGdgvkxAfXxI=
8,-28,QA9c/TwPfwBgoFadLaMJBPF4hx8=,yrvRQgzk/po8iYT7X3N5rcKFiEs=
7,-28,QA9c/TwPfwBgoFadLaMJBPF4hx8=,UZ39RC79xAF3OrtsGdKQG6vzvm8=
9,-29,QA9c/TwPfwBgoFadLaMJBPF4hx8=,E/3ddCQ/4BSEj1PJGdgvkxAfXxI=
7,-30,QA9c/TwPfwBgoFadLaMJBPF4hx8=,lxzcVVNInj9wyDPKyzFHA4VtKdU=
8,-29,QA9c/TwPfwBgoFadLaMJBPF4hx8=,E/3ddCQ/4BSEj1PJGdgvkxAfXxI=
7,-29,QA9c/TwPfwBgoFadLaMJBPF4hx8=,lxzcVVNInj9wyDPKyzFHA4VtKdU=
6,-30,QA9c/TwPfwBgoFadLaMJBPF4hx8=,lxzcVVNInj9wyDPKyzFHA4VtKdU=
5,-31,QA9c/TwPfwBgoFadLaMJBPF4hx8=,dX5xxkj49KeZSXtdumV48ZPZM3o=
5,-30,QA9c/TwPfwBgoFadLaMJBPF4hx8=,o4FuMu+tpIpfeSDFyt/CDPpS5Hs=
7,-26,QA9c/TwPfwBgoFadLaMJBPF4hx8=,fS5oPqni3dMp/eknc1JCqRjHCI0=
7,-25,QA9c/TwPfwBgoFadLaMJBPF4hx8=,fS5oPqni3dMp/eknc1JCqRjHCI0=
8,-24,QA9c/TwPfwBgoFadLaMJBPF4hx8=,AdT4lrXTCShP8V/jeqG1WfUJPu0=
7,-27,QA9c/TwPfwBgoFadLaMJBPF4hx8=,UZ39RC79xAF3OrtsGdKQG6vzvm8=
8,-27,QA9c/TwPfwBgoFadLaMJBPF4hx8=,yrvRQgzk/po8iYT7X3N5rcKFiEs=
6,-24,QA9c/TwPfwBgoFadLaMJBPF4hx8=,Y8fNUa+LBxDGlqgRNBlogKmmBnQ=
7,-24,QA9c/TwPfwBgoFadLaMJBPF4hx8=,Y8fNUa+LBxDGlqgRNBlogKmmBnQ=
5,-24,QA9c/TwPfwBgoFadLaMJBPF4hx8=,Q/5PsX3lKOJMB7cMoPciakflU30=
5,-25,QA9c/TwPfwBgoFadLaMJBPF4hx8=,z1CAZ5xCn9PiBRi/pAervMtzrW0=
6,-25,QA9c/TwPfwBgoFadLaMJBPF4hx8=,fS5oPqni3dMp/eknc1JCqRjHCI0=
6,-26,QA9c/TwPfwBgoFadLaMJBPF4hx8=,fS5oPqni3dMp/eknc1JCqRjHCI0=
5,-26,QA9c/TwPfwBgoFadLaMJBPF4hx8=,z1CAZ5xCn9PiBRi/pAervMtzrW0=
6,-27,QA9c/TwPfwBgoFadLaMJBPF4hx8=,UZ39RC79xAF3OrtsGdKQG6vzvm8=
5,-27,QA9c/TwPfwBgoFadLaMJBPF4hx8=,+PL9CMNGAtyTtzik9iXvKn7aYZ0=
0,-29,QA9c/TwPfwBgoFadLaMJBPF4hx8=,LhPM8QV60Q0bSHj4JW3mA4kig/U=
0,-28,QA9c/TwPfwBgoFadLaMJBPF4hx8=,VT9dwcWVjHAnAfQKn0E4tJ0ZMwY=
0,-27,QA9c/TwPfwBgoFadLaMJBPF4hx8=,VT9dwcWVjHAnAfQKn0E4tJ0ZMwY=
0,-26,QA9c/TwPfwBgoFadLaMJBPF4hx8=,gB/hk4RLMbmLdmiqZO8EzgxWlew=
0,-25,QA9c/TwPfwBgoFadLaMJBPF4hx8=,gB/hk4RLMbmLdmiqZO8EzgxWlew=
0,-24,QA9c/TwPfwBgoFadLaMJBPF4hx8=,1QSSbt0nTLa0p4CQ2Qec4ovgDhQ=
0,-22,QA9c/TwPfwBgoFadLaMJBPF4hx8=,7nb9Snf4nhZgxwBVDcQD3ujxPXs=
0,-23,QA9c/TwPfwBgoFadLaMJBPF4hx8=,1QSSbt0nTLa0p4CQ2Qec4ovgDhQ=
0,-21,QA9c/TwPfwBgoFadLaMJBPF4hx8=,7nb9Snf4nhZgxwBVDcQD3ujxPXs=
0,-20,QA9c/TwPfwBgoFadLaMJBPF4hx8=,w6ZDVp3eYG373+rUdeDAZdDR9gA=
4,-31,QA9c/TwPfwBgoFadLaMJBPF4hx8=,dX5xxkj49KeZSXtdumV48ZPZM3o=
4,-32,QA9c/TwPfwBgoFadLaMJBPF4hx8=,dX5xxkj49KeZSXtdumV48ZPZM3o=
3,-32,QA9c/TwPfwBgoFadLaMJBPF4hx8=,pS8nNU0tTq/rvtY5gqN1lwIhqk4=
4,-30,QA9c/TwPfwBgoFadLaMJBPF4hx8=,o4FuMu+tpIpfeSDFyt/CDPpS5Hs=
3,-30,QA9c/TwPfwBgoFadLaMJBPF4hx8=,7SX9w/5JwSa94CdbeJcO+IKIovg=
3,-31,QA9c/TwPfwBgoFadLaMJBPF4hx8=,pS8nNU0tTq/rvtY5gqN1lwIhqk4=
1,-32,QA9c/TwPfwBgoFadLaMJBPF4hx8=,QMCNj82K+txuFZ49o4fYbhxKWb0=
1,-31,QA9c/TwPfwBgoFadLaMJBPF4hx8=,QMCNj82K+txuFZ49o4fYbhxKWb0=
2,-30,QA9c/TwPfwBgoFadLaMJBPF4hx8=,7SX9w/5JwSa94CdbeJcO+IKIovg=
1,-30,QA9c/TwPfwBgoFadLaMJBPF4hx8=,LhPM8QV60Q0bSHj4JW3mA4kig/U=
2,-31,QA9c/TwPfwBgoFadLaMJBPF4hx8=,pS8nNU0tTq/rvtY5gqN1lwIhqk4=
0,-30,QA9c/TwPfwBgoFadLaMJBPF4hx8=,LhPM8QV60Q0bSHj4JW3mA4kig/U=
2,-32,QA9c/TwPfwBgoFadLaMJBPF4hx8=,pS8nNU0tTq/rvtY5gqN1lwIhqk4=
0,-31,QA9c/TwPfwBgoFadLaMJBPF4hx8=,QMCNj82K+txuFZ49o4fYbhxKWb0=
5,-17,QA9c/TwPfwBgoFadLaMJBPF4hx8=,b7RYsHTxnDPcakmW+LBjn0P3Ri0=
6,-17,QA9c/TwPfwBgoFadLaMJBPF4hx8=,vSB07596aQJA7NPRdQ4JxTIXkDA=
8,-17,QA9c/TwPfwBgoFadLaMJBPF4hx8=,q79mc7cjlNm6gT7okVTfdxf90X0=
7,-17,QA9c/TwPfwBgoFadLaMJBPF4hx8=,vSB07596aQJA7NPRdQ4JxTIXkDA=
10,-17,QA9c/TwPfwBgoFadLaMJBPF4hx8=,TD9XZsiKLcbxQF5rbHGrxq5fTXE=
9,-17,QA9c/TwPfwBgoFadLaMJBPF4hx8=,q79mc7cjlNm6gT7okVTfdxf90X0=
12,-17,QA9c/TwPfwBgoFadLaMJBPF4hx8=,dTBApwtAsZUybdAi/TbG0nJfVno=
11,-17,QA9c/TwPfwBgoFadLaMJBPF4hx8=,TD9XZsiKLcbxQF5rbHGrxq5fTXE=
0,-18,bLUjgLcHSrrWb/U4RcK3jM5tSns=,4yDw3s1XQIFIua9aJpi6TkphdC8=
0,-19,bLUjgLcHSrrWb/U4RcK3jM5tSns=,w6ZDVp3eYG373+rUdeDAZdDR9gA=
1,-17,bLUjgLcHSrrWb/U4RcK3jM5tSns=,4yDw3s1XQIFIua9aJpi6TkphdC8=
1,-18,bLUjgLcHSrrWb/U4RcK3jM5tSns=,4yDw3s1XQIFIua9aJpi6TkphdC8=
1,-19,bLUjgLcHSrrWb/U4RcK3jM5tSns=,w6ZDVp3eYG373+rUdeDAZdDR9gA=
2,-17,bLUjgLcHSrrWb/U4RcK3jM5tSns=,KIfBdoarGauQF6voWSxe6EiJsTk=
2,-18,bLUjgLcHSrrWb/U4RcK3jM5tSns=,KIfBdoarGauQF6voWSxe6EiJsTk=
2,-19,bLUjgLcHSrrWb/U4RcK3jM5tSns=,Vc3c+bI8++ZVoGDeuqXs/Dtjegk=
3,-17,bLUjgLcHSrrWb/U4RcK3jM5tSns=,KIfBdoarGauQF6voWSxe6EiJsTk=
3,-18,bLUjgLcHSrrWb/U4RcK3jM5tSns=,KIfBdoarGauQF6voWSxe6EiJsTk=
3,-19,bLUjgLcHSrrWb/U4RcK3jM5tSns=,Vc3c+bI8++ZVoGDeuqXs/Dtjegk=
4,-19,bLUjgLcHSrrWb/U4RcK3jM5tSns=,Cas/0o8bMQavqbWZrcOeCZuq3/c=
4,-18,bLUjgLcHSrrWb/U4RcK3jM5tSns=,b7RYsHTxnDPcakmW+LBjn0P3Ri0=
15,-23,bLUjgLcHSrrWb/U4RcK3jM5tSns=,tUCM4QXbDAjyHFP7Nlru/ESHfN0=
15,-22,bLUjgLcHSrrWb/U4RcK3jM5tSns=,O5tbPqVsav5jgzGFCM8LqwtQ2pU=
4,-17,bLUjgLcHSrrWb/U4RcK3jM5tSns=,b7RYsHTxnDPcakmW+LBjn0P3Ri0=
9,-27,bLUjgLcHSrrWb/U4RcK3jM5tSns=,yrvRQgzk/po8iYT7X3N5rcKFiEs=
10,-24,bLUjgLcHSrrWb/U4RcK3jM5tSns=,+8Rp3ITa1zpSRVxeR+so7CArEc0=
9,-24,bLUjgLcHSrrWb/U4RcK3jM5tSns=,AdT4lrXTCShP8V/jeqG1WfUJPu0=
9,-30,bLUjgLcHSrrWb/U4RcK3jM5tSns=,E/3ddCQ/4BSEj1PJGdgvkxAfXxI=
11,-24,bLUjgLcHSrrWb/U4RcK3jM5tSns=,+8Rp3ITa1zpSRVxeR+so7CArEc0=
12,-25,bLUjgLcHSrrWb/U4RcK3jM5tSns=,/NSTWQKzoFZDgopeOAVCGVDeKLM=
12,-24,bLUjgLcHSrrWb/U4RcK3jM5tSns=,lCBU5M0/dUOSkwLWPw5/rAFA/Bs=
12,-26,bLUjgLcHSrrWb/U4RcK3jM5tSns=,/NSTWQKzoFZDgopeOAVCGVDeKLM=
5,-32,bLUjgLcHSrrWb/U4RcK3jM5tSns=,dX5xxkj49KeZSXtdumV48ZPZM3o=
0,-17,bLUjgLcHSrrWb/U4RcK3jM5tSns=,4yDw3s1XQIFIua9aJpi6TkphdC8=
0,-32,bLUjgLcHSrrWb/U4RcK3jM5tSns=,QMCNj82K+txuFZ49o4fYbhxKWb0=
14,-26,bLUjgLcHSrrWb/U4RcK3jM5tSns=,gWM0sAok2aQLnKH/1YrgAWjTb7k=
13,-26,bLUjgLcHSrrWb/U4RcK3jM5tSns=,/NSTWQKzoFZDgopeOAVCGVDeKLM=
15,-25,bLUjgLcHSrrWb/U4RcK3jM5tSns=,gWM0sAok2aQLnKH/1YrgAWjTb7k=
15,-24,bLUjgLcHSrrWb/U4RcK3jM5tSns=,tUCM4QXbDAjyHFP7Nlru/ESHfN0=
15,-26,bLUjgLcHSrrWb/U4RcK3jM5tSns=,gWM0sAok2aQLnKH/1YrgAWjTb7k=
14,-25,bLUjgLcHSrrWb/U4RcK3jM5tSns=,gWM0sAok2aQLnKH/1YrgAWjTb7k=
13,-24,bLUjgLcHSrrWb/U4RcK3jM5tSns=,lCBU5M0/dUOSkwLWPw5/rAFA/Bs=
13,-25,bLUjgLcHSrrWb/U4RcK3jM5tSns=,/NSTWQKzoFZDgopeOAVCGVDeKLM=
14,-24,bLUjgLcHSrrWb/U4RcK3jM5tSns=,tUCM4QXbDAjyHFP7Nlru/ESHfN0=
15,-17,bLUjgLcHSrrWb/U4RcK3jM5tSns=,CStdAVaO6PuM9VEAPoAhucZ4ZSI=
13,-17,bLUjgLcHSrrWb/U4RcK3jM5tSns=,dTBApwtAsZUybdAi/TbG0nJfVno=
14,-17,bLUjgLcHSrrWb/U4RcK3jM5tSns=,CStdAVaO6PuM9VEAPoAhucZ4ZSI=
15,-21,bLUjgLcHSrrWb/U4RcK3jM5tSns=,O5tbPqVsav5jgzGFCM8LqwtQ2pU=
15,-18,bLUjgLcHSrrWb/U4RcK3jM5tSns=,CStdAVaO6PuM9VEAPoAhucZ4ZSI=
14,-18,bLUjgLcHSrrWb/U4RcK3jM5tSns=,CStdAVaO6PuM9VEAPoAhucZ4ZSI=
15,-19,bLUjgLcHSrrWb/U4RcK3jM5tSns=,GfmBVpT9B0RHrfpxcDJGNGUXoOM=
14,-21,bLUjgLcHSrrWb/U4RcK3jM5tSns=,O5tbPqVsav5jgzGFCM8LqwtQ2pU=
15,-20,bLUjgLcHSrrWb/U4RcK3jM5tSns=,GfmBVpT9B0RHrfpxcDJGNGUXoOM=
14,-19,bLUjgLcHSrrWb/U4RcK3jM5tSns=,GfmBVpT9B0RHrfpxcDJGNGUXoOM=
14,-20,bLUjgLcHSrrWb/U4RcK3jM5tSns=,GfmBVpT9B0RHrfpxcDJGNGUXoOM=
13,-19,bLUjgLcHSrrWb/U4RcK3jM5tSns=,NQPoxBA+yLwl9dZvIp4ZaKm0t/g=
13,-20,bLUjgLcHSrrWb/U4RcK3jM5tSns=,NQPoxBA+yLwl9dZvIp4ZaKm0t/g=
13,-21,bLUjgLcHSrrWb/U4RcK3jM5tSns=,u4oMIQ85tneN8FAmK61EkzvrzOU=
13,-18,bLUjgLcHSrrWb/U4RcK3jM5tSns=,dTBApwtAsZUybdAi/TbG0nJfVno=
12,-13,MSiXqrd2kwL7bRcxUYughqXIegs=,aMbWQ/MBHJsHG81BBERqLzazNgE=
11,-13,MSiXqrd2kwL7bRcxUYughqXIegs=,r/CIyDFvWFekwVjidZQMlmb9qUQ=
11,-12,MSiXqrd2kwL7bRcxUYughqXIegs=,fVI4GP+9Oi9s5Qcb3UlYrQITMj0=
12,-12,MSiXqrd2kwL7bRcxUYughqXIegs=,lyCN3n6BsvdK2NVt6M2B9VGur9M=
12,-10,kFrSa+NGqTAE7RkKuK7P3YrMZ9E=,XmkEyKhU8ZAuHJycFHFhDbdyres=
11,-11,kFrSa+NGqTAE7RkKuK7P3YrMZ9E=,fVI4GP+9Oi9s5Qcb3UlYrQITMj0=
11,-10,kFrSa+NGqTAE7RkKuK7P3YrMZ9E=,wjZPSuDynihpOmajlJg1pEsjGeg=
12,-11,kFrSa+NGqTAE7RkKuK7P3YrMZ9E=,lyCN3n6BsvdK2NVt6M2B9VGur9M=
8,-8,P3im31Kbn0/IpF1BJnpLxjq0D1M=,bzeLgz6UtwfrqZpA6X1oAjsVm5g=
7,-9,P3im31Kbn0/IpF1BJnpLxjq0D1M=,187peVhpUGF7LhEJhG1oHUXB1/M=
7,-8,P3im31Kbn0/IpF1BJnpLxjq0D1M=,l1j2Kxu6/QqxJjdfID0U0PxsS98=
8,-9,P3im31Kbn0/IpF1BJnpLxjq0D1M=,EYF1PyZdEGLJnmtdkeBjkbCKlhw=
9,-8,P3im31Kbn0/IpF1BJnpLxjq0D1M=,bzeLgz6UtwfrqZpA6X1oAjsVm5g=
10,-8,P3im31Kbn0/IpF1BJnpLxjq0D1M=,L3zXbu8W3+h0pEckucles3sWvfU=
10,-9,P3im31Kbn0/IpF1BJnpLxjq0D1M=,wjZPSuDynihpOmajlJg1pEsjGeg=
9,-9,P3im31Kbn0/IpF1BJnpLxjq0D1M=,EYF1PyZdEGLJnmtdkeBjkbCKlhw=
9,-6,8KfH/1/ncBilnsuj3zTFC2eotcc=,Uv7Ty06XCaju+iwWZyLX5dCr/6I=
10,-6,8KfH/1/ncBilnsuj3zTFC2eotcc=,Ecny5Af8fmAVdbnBgSfEBJaRrmU=
7,-6,8KfH/1/ncBilnsuj3zTFC2eotcc=,MARqeeDw22RoC5Z2AQl/F+eQuEc=
9,-7,8KfH/1/ncBilnsuj3zTFC2eotcc=,bzeLgz6UtwfrqZpA6X1oAjsVm5g=
8,-6,8KfH/1/ncBilnsuj3zTFC2eotcc=,Uv7Ty06XCaju+iwWZyLX5dCr/6I=
7,-7,8KfH/1/ncBilnsuj3zTFC2eotcc=,l1j2Kxu6/QqxJjdfID0U0PxsS98=
10,-7,8KfH/1/ncBilnsuj3zTFC2eotcc=,L3zXbu8W3+h0pEckucles3sWvfU=
8,-7,8KfH/1/ncBilnsuj3zTFC2eotcc=,bzeLgz6UtwfrqZpA6X1oAjsVm5g=
3,-7,vkuzmNi/68kZ51arNPTL1be7058=,6m4fVDOCQjmzDuBDYjrrD9FvOmU=
4,-6,vkuzmNi/68kZ51arNPTL1be7058=,4p1ap5w6ay2AU8SND9twjYI4k84=
3,-6,vkuzmNi/68kZ51arNPTL1be7058=,WL6Z5Ai3Ne+5H9Rg8T0DBX9TsDw=
5,-7,vkuzmNi/68kZ51arNPTL1be7058=,XjcuWcVcxXhu7NcDBOfxuV4hHqo=
6,-7,vkuzmNi/68kZ51arNPTL1be7058=,l1j2Kxu6/QqxJjdfID0U0PxsS98=
4,-7,vkuzmNi/68kZ51arNPTL1be7058=,XjcuWcVcxXhu7NcDBOfxuV4hHqo=
5,-6,vkuzmNi/68kZ51arNPTL1be7058=,4p1ap5w6ay2AU8SND9twjYI4k84=
6,-6,vkuzmNi/68kZ51arNPTL1be7058=,MARqeeDw22RoC5Z2AQl/F+eQuEc=
4,-9,F8acjm8w0Q+JpUUc/C0L1dfDM4A=,TnWx2lBNUYVW2Hn+Y5maK039+i0=
3,-9,F8acjm8w0Q+JpUUc/C0L1dfDM4A=,w270M5LuEH/oKKQw3bLWqZ2jEOY=
3,-8,F8acjm8w0Q+JpUUc/C0L1dfDM4A=,6m4fVDOCQjmzDuBDYjrrD9FvOmU=
6,-9,F8acjm8w0Q+JpUUc/C0L1dfDM4A=,187peVhpUGF7LhEJhG1oHUXB1/M=
6,-8,F8acjm8w0Q+JpUUc/C0L1dfDM4A=,l1j2Kxu6/QqxJjdfID0U0PxsS98=
5,-9,F8acjm8w0Q+JpUUc/C0L1dfDM4A=,TnWx2lBNUYVW2Hn+Y5maK039+i0=
5,-8,F8acjm8w0Q+JpUUc/C0L1dfDM4A=,XjcuWcVcxXhu7NcDBOfxuV4hHqo=
4,-8,F8acjm8w0Q+JpUUc/C0L1dfDM4A=,XjcuWcVcxXhu7NcDBOfxuV4hHqo=
4,-11,F8acjm8w0Q+JpUUc/C0L1dfDM4A=,/LRg4Y/dTjY9g05FpabnauBBaDU=
3,-11,F8acjm8w0Q+JpUUc/C0L1dfDM4A=,92h3rc51/xQdQL/3T1xuo8H4mb4=
3,-10,F8acjm8w0Q+JpUUc/C0L1dfDM4A=,w270M5LuEH/oKKQw3bLWqZ2jEOY=
4,-10,F8acjm8w0Q+JpUUc/C0L1dfDM4A=,TnWx2lBNUYVW2Hn+Y5maK039+i0=
2,-10,jyAmAQN2W3qpyMm3BvJi58e/3sY=,w270M5LuEH/oKKQw3bLWqZ2jEOY=
2,-11,jyAmAQN2W3qpyMm3BvJi58e/3sY=,92h3rc51/xQdQL/3T1xuo8H4mb4=
1,-10,jyAmAQN2W3qpyMm3BvJi58e/3sY=,Rth+9VT6ifb3xgK8oZdb1KasVTU=
1,-11,jyAmAQN2W3qpyMm3BvJi58e/3sY=,dR/r4208jlNfgI7RUPWBtWI7aGc=
2,-12,jyAmAQN2W3qpyMm3BvJi58e/3sY=,92h3rc51/xQdQL/3T1xuo8H4mb4=
1,-12,jyAmAQN2W3qpyMm3BvJi58e/3sY=,dR/r4208jlNfgI7RUPWBtWI7aGc=
2,-13,jyAmAQN2W3qpyMm3BvJi58e/3sY=,KVDTS7xYlTPyNHGqTAd3I52dPHE=
1,-13,jyAmAQN2W3qpyMm3BvJi58e/3sY=,wEsm47kF1R+naaRM3v7yaKSnfdo=
3,-13,jyAmAQN2W3qpyMm3BvJi58e/3sY=,KVDTS7xYlTPyNHGqTAd3I52dPHE=
3,-12,jyAmAQN2W3qpyMm3BvJi58e/3sY=,92h3rc51/xQdQL/3T1xuo8H4mb4=
4,-12,jyAmAQN2W3qpyMm3BvJi58e/3sY=,/LRg4Y/dTjY9g05FpabnauBBaDU=
4,-13,jyAmAQN2W3qpyMm3BvJi58e/3sY=,1qMUivjnsMIf5Zki+nUuFnzWfoc=
5,-11,TW7FKGG3MynCRdNFKMEbwp9izhs=,/LRg4Y/dTjY9g05FpabnauBBaDU=
5,-10,TW7FKGG3MynCRdNFKMEbwp9izhs=,TnWx2lBNUYVW2Hn+Y5maK039+i0=
5,-13,TW7FKGG3MynCRdNFKMEbwp9izhs=,1qMUivjnsMIf5Zki+nUuFnzWfoc=
6,-12,TW7FKGG3MynCRdNFKMEbwp9izhs=,eiWP3UO8xTTuezhZs0Tq4FwQhT8=
6,-11,TW7FKGG3MynCRdNFKMEbwp9izhs=,eiWP3UO8xTTuezhZs0Tq4FwQhT8=
6,-10,TW7FKGG3MynCRdNFKMEbwp9izhs=,187peVhpUGF7LhEJhG1oHUXB1/M=
6,-13,TW7FKGG3MynCRdNFKMEbwp9izhs=,TNbIj5BsETOh8Z0r2izSxmC4uv0=
5,-12,TW7FKGG3MynCRdNFKMEbwp9izhs=,/LRg4Y/dTjY9g05FpabnauBBaDU=
4,-14,TW7FKGG3MynCRdNFKMEbwp9izhs=,1qMUivjnsMIf5Zki+nUuFnzWfoc=
3,-15,TW7FKGG3MynCRdNFKMEbwp9izhs=,9445JEzSy0z4iebaR5ORW9HTScc=
4,-15,TW7FKGG3MynCRdNFKMEbwp9izhs=,bhEphg0rAV8tChYRDs2jyE2kIZU=
3,-14,TW7FKGG3MynCRdNFKMEbwp9izhs=,KVDTS7xYlTPyNHGqTAd3I52dPHE=
6,-14,C8ZqvrqIyzD7xAe8YrBiswJi644=,TNbIj5BsETOh8Z0r2izSxmC4uv0=
5,-15,C8ZqvrqIyzD7xAe8YrBiswJi644=,bhEphg0rAV8tChYRDs2jyE2kIZU=
5,-14,C8ZqvrqIyzD7xAe8YrBiswJi644=,1qMUivjnsMIf5Zki+nUuFnzWfoc=
6,-15,C8ZqvrqIyzD7xAe8YrBiswJi644=,myGuJaoFhnthO9089QFyBB0+EyM=
9,-11,C8ZqvrqIyzD7xAe8YrBiswJi644=,WDaetkiqLCksFFpwzCje157SaxM=
8,-11,C8ZqvrqIyzD7xAe8YrBiswJi644=,WDaetkiqLCksFFpwzCje157SaxM=
7,-10,C8ZqvrqIyzD7xAe8YrBiswJi644=,187peVhpUGF7LhEJhG1oHUXB1/M=
8,-10,C8ZqvrqIyzD7xAe8YrBiswJi644=,EYF1PyZdEGLJnmtdkeBjkbCKlhw=
7,-11,C8ZqvrqIyzD7xAe8YrBiswJi644=,eiWP3UO8xTTuezhZs0Tq4FwQhT8=
10,-10,C8ZqvrqIyzD7xAe8YrBiswJi644=,wjZPSuDynihpOmajlJg1pEsjGeg=
10,-11,C8ZqvrqIyzD7xAe8YrBiswJi644=,fVI4GP+9Oi9s5Qcb3UlYrQITMj0=
9,-10,C8ZqvrqIyzD7xAe8YrBiswJi644=,EYF1PyZdEGLJnmtdkeBjkbCKlhw=
8,-12,C8ZqvrqIyzD7xAe8YrBiswJi644=,WDaetkiqLCksFFpwzCje157SaxM=
10,-13,C8ZqvrqIyzD7xAe8YrBiswJi644=,r/CIyDFvWFekwVjidZQMlmb9qUQ=
7,-13,C8ZqvrqIyzD7xAe8YrBiswJi644=,TNbIj5BsETOh8Z0r2izSxmC4uv0=
9,-12,C8ZqvrqIyzD7xAe8YrBiswJi644=,WDaetkiqLCksFFpwzCje157SaxM=
8,-13,C8ZqvrqIyzD7xAe8YrBiswJi644=,3v5ZHGWW8WPPU6OyfTFvHkNbQDc=
7,-12,C8ZqvrqIyzD7xAe8YrBiswJi644=,eiWP3UO8xTTuezhZs0Tq4FwQhT8=
9,-13,C8ZqvrqIyzD7xAe8YrBiswJi644=,3v5ZHGWW8WPPU6OyfTFvHkNbQDc=
10,-12,C8ZqvrqIyzD7xAe8YrBiswJi644=,fVI4GP+9Oi9s5Qcb3UlYrQITMj0=
7,-15,xGWwgkdzNPZZ6OjIOVlY4YYyQ0s=,myGuJaoFhnthO9089QFyBB0+EyM=
8,-14,xGWwgkdzNPZZ6OjIOVlY4YYyQ0s=,3v5ZHGWW8WPPU6OyfTFvHkNbQDc=
8,-15,xGWwgkdzNPZZ6OjIOVlY4YYyQ0s=,zNaGmamdTaxjOfrGTFIeA0FMSLo=
7,-14,xGWwgkdzNPZZ6OjIOVlY4YYyQ0s=,TNbIj5BsETOh8Z0r2izSxmC4uv0=
10,-14,n3iyPvqNaztP47Y7U/Y5e4SaYTg=,r/CIyDFvWFekwVjidZQMlmb9qUQ=
11,-15,n3iyPvqNaztP47Y7U/Y5e4SaYTg=,hfzyB0KYu7GMmwI6dPI2IZPS8TI=
11,-14,n3iyPvqNaztP47Y7U/Y5e4SaYTg=,r/CIyDFvWFekwVjidZQMlmb9qUQ=
9,-15,n3iyPvqNaztP47Y7U/Y5e4SaYTg=,zNaGmamdTaxjOfrGTFIeA0FMSLo=
10,-15,n3iyPvqNaztP47Y7U/Y5e4SaYTg=,hfzyB0KYu7GMmwI6dPI2IZPS8TI=
12,-15,n3iyPvqNaztP47Y7U/Y5e4SaYTg=,yvR5mtbn9hDx/lfBGA0HR2vKmlE=
9,-14,n3iyPvqNaztP47Y7U/Y5e4SaYTg=,3v5ZHGWW8WPPU6OyfTFvHkNbQDc=
12,-14,n3iyPvqNaztP47Y7U/Y5e4SaYTg=,aMbWQ/MBHJsHG81BBERqLzazNgE=
14,-14,n3iyPvqNaztP47Y7U/Y5e4SaYTg=,cxtw3cdz8m9HRb870g0k2ARKT7o=
14,-15,n3iyPvqNaztP47Y7U/Y5e4SaYTg=,M4UngtdLCBccojuHzDXn3jb2Yzw=
13,-14,n3iyPvqNaztP47Y7U/Y5e4SaYTg=,aMbWQ/MBHJsHG81BBERqLzazNgE=
13,-15,n3iyPvqNaztP47Y7U/Y5e4SaYTg=,yvR5mtbn9hDx/lfBGA0HR2vKmlE=
13,-11,g84igo8NYCkl9Pc3Sc1iJIsEM7I=,lyCN3n6BsvdK2NVt6M2B9VGur9M=
13,-12,g84igo8NYCkl9Pc3Sc1iJIsEM7I=,lyCN3n6BsvdK2NVt6M2B9VGur9M=
13,-13,g84igo8NYCkl9Pc3Sc1iJIsEM7I=,aMbWQ/MBHJsHG81BBERqLzazNgE=
15,-12,g84igo8NYCkl9Pc3Sc1iJIsEM7I=,xuBnK0QanWcQuarh153vp0bW9v8=
14,-10,g84igo8NYCkl9Pc3Sc1iJIsEM7I=,K/is99bdXosNDjYjOIx+9sM5IA4=
14,-13,g84igo8NYCkl9Pc3Sc1iJIsEM7I=,cxtw3cdz8m9HRb870g0k2ARKT7o=
13,-10,g84igo8NYCkl9Pc3Sc1iJIsEM7I=,XmkEyKhU8ZAuHJycFHFhDbdyres=
15,-10,g84igo8NYCkl9Pc3Sc1iJIsEM7I=,K/is99bdXosNDjYjOIx+9sM5IA4=
14,-11,g84igo8NYCkl9Pc3Sc1iJIsEM7I=,xuBnK0QanWcQuarh153vp0bW9v8=
14,-12,g84igo8NYCkl9Pc3Sc1iJIsEM7I=,xuBnK0QanWcQuarh153vp0bW9v8=
15,-13,g84igo8NYCkl9Pc3Sc1iJIsEM7I=,cxtw3cdz8m9HRb870g0k2ARKT7o=
15,-11,g84igo8NYCkl9Pc3Sc1iJIsEM7I=,xuBnK0QanWcQuarh153vp0bW9v8=
14,-9,g84igo8NYCkl9Pc3Sc1iJIsEM7I=,K/is99bdXosNDjYjOIx+9sM5IA4=
12,-8,g84igo8NYCkl9Pc3Sc1iJIsEM7I=,dIPw0M8CVcaBBK1NkaXuY2KIE7c=
13,-8,g84igo8NYCkl9Pc3Sc1iJIsEM7I=,dIPw0M8CVcaBBK1NkaXuY2KIE7c=
14,-8,g84igo8NYCkl9Pc3Sc1iJIsEM7I=,UkmGwxk2TqKwnjVHc7olyMlQJzw=
12,-9,g84igo8NYCkl9Pc3Sc1iJIsEM7I=,XmkEyKhU8ZAuHJycFHFhDbdyres=
11,-8,g84igo8NYCkl9Pc3Sc1iJIsEM7I=,L3zXbu8W3+h0pEckucles3sWvfU=
11,-9,g84igo8NYCkl9Pc3Sc1iJIsEM7I=,wjZPSuDynihpOmajlJg1pEsjGeg=
13,-9,g84igo8NYCkl9Pc3Sc1iJIsEM7I=,XmkEyKhU8ZAuHJycFHFhDbdyres=
11,-7,NwcqBcfLTWb2yZM33j+1fnbdmyo=,L3zXbu8W3+h0pEckucles3sWvfU=
11,-6,NwcqBcfLTWb2yZM33j+1fnbdmyo=,Ecny5Af8fmAVdbnBgSfEBJaRrmU=
12,-7,NwcqBcfLTWb2yZM33j+1fnbdmyo=,dIPw0M8CVcaBBK1NkaXuY2KIE7c=
12,-6,NwcqBcfLTWb2yZM33j+1fnbdmyo=,aVtHN9hHVTPNur2TP3xKtDTJDtQ=
14,-6,NwcqBcfLTWb2yZM33j+1fnbdmyo=,khnZQfSp4KpK5CaCP2QBsahyQ6Q=
14,-7,NwcqBcfLTWb2yZM33j+1fnbdmyo=,UkmGwxk2TqKwnjVHc7olyMlQJzw=
13,-6,NwcqBcfLTWb2yZM33j+1fnbdmyo=,aVtHN9hHVTPNur2TP3xKtDTJDtQ=
13,-7,NwcqBcfLTWb2yZM33j+1fnbdmyo=,dIPw0M8CVcaBBK1NkaXuY2KIE7c=
14,-4,ndCPz7giBBkumqKkyCsZkiSdwUg=,fBjAXb4TJaqjRsmvtFY1D4nX9yA=
14,-5,ndCPz7giBBkumqKkyCsZkiSdwUg=,khnZQfSp4KpK5CaCP2QBsahyQ6Q=
13,-4,ndCPz7giBBkumqKkyCsZkiSdwUg=,EJQIYwAjR5C6IqtCOS/jNg50tXE=
13,-5,ndCPz7giBBkumqKkyCsZkiSdwUg=,aVtHN9hHVTPNur2TP3xKtDTJDtQ=
12,-5,ndCPz7giBBkumqKkyCsZkiSdwUg=,aVtHN9hHVTPNur2TP3xKtDTJDtQ=
11,-4,ndCPz7giBBkumqKkyCsZkiSdwUg=,TO/klZhDSU4NKUQ0XYOSS3w0w8M=
11,-5,ndCPz7giBBkumqKkyCsZkiSdwUg=,Ecny5Af8fmAVdbnBgSfEBJaRrmU=
12,-4,ndCPz7giBBkumqKkyCsZkiSdwUg=,EJQIYwAjR5C6IqtCOS/jNg50tXE=
10,-4,dGOXS1pOhYY6jO+DXBokCETJ9aY=,TO/klZhDSU4NKUQ0XYOSS3w0w8M=
10,-5,dGOXS1pOhYY6jO+DXBokCETJ9aY=,Ecny5Af8fmAVdbnBgSfEBJaRrmU=
9,-5,dGOXS1pOhYY6jO+DXBokCETJ9aY=,Uv7Ty06XCaju+iwWZyLX5dCr/6I=
9,-4,dGOXS1pOhYY6jO+DXBokCETJ9aY=,9V6Xe8QAQNKa1U2Rt5DBwU90s2I=
8,-4,dGOXS1pOhYY6jO+DXBokCETJ9aY=,9V6Xe8QAQNKa1U2Rt5DBwU90s2I=
7,-4,dGOXS1pOhYY6jO+DXBokCETJ9aY=,hKYGv4bt0dPlaRC5firx6xYLlrE=
8,-5,dGOXS1pOhYY6jO+DXBokCETJ9aY=,Uv7Ty06XCaju+iwWZyLX5dCr/6I=
7,-5,dGOXS1pOhYY6jO+DXBokCETJ9aY=,MARqeeDw22RoC5Z2AQl/F+eQuEc=
6,-5,dGOXS1pOhYY6jO+DXBokCETJ9aY=,MARqeeDw22RoC5Z2AQl/F+eQuEc=
6,-4,dGOXS1pOhYY6jO+DXBokCETJ9aY=,hKYGv4bt0dPlaRC5firx6xYLlrE=
5,-4,dGOXS1pOhYY6jO+DXBokCETJ9aY=,84moUKFbJ8k9XglH/7k+g3s0jw8=
5,-5,dGOXS1pOhYY6jO+DXBokCETJ9aY=,4p1ap5w6ay2AU8SND9twjYI4k84=
3,-5,XY50eu+eaIO/tGR5qnxF7RuaoZI=,WL6Z5Ai3Ne+5H9Rg8T0DBX9TsDw=
4,-4,XY50eu+eaIO/tGR5qnxF7RuaoZI=,84moUKFbJ8k9XglH/7k+g3s0jw8=
3,-4,XY50eu+eaIO/tGR5qnxF7RuaoZI=,JqWM7oxNXBrOf1UvQ3hqDzhSNFw=
4,-5,XY50eu+eaIO/tGR5qnxF7RuaoZI=,4p1ap5w6ay2AU8SND9twjYI4k84=
3,-3,Q7hML1hpndnr96yQjOYegn9rvXw=,JqWM7oxNXBrOf1UvQ3hqDzhSNFw=
4,-3,Q7hML1hpndnr96yQjOYegn9rvXw=,84moUKFbJ8k9XglH/7k+g3s0jw8=
4,-2,Q7hML1hpndnr96yQjOYegn9rvXw=,xdH4f3Qls8RXQ5BAissFGRAuiaY=
3,-2,Q7hML1hpndnr96yQjOYegn9rvXw=,L3hsEb7Ge4o0nfQgjTT0m5mXk/k=
1,-3,Q7hML1hpndnr96yQjOYegn9rvXw=,a1PfXeRU8lVVxUfXqrI0+YzlPcc=
1,-2,Q7hML1hpndnr96yQjOYegn9rvXw=,Dog2hod+8qQuEXcPV/NlXnfMsWA=
2,-3,Q7hML1hpndnr96yQjOYegn9rvXw=,JqWM7oxNXBrOf1UvQ3hqDzhSNFw=
2,-2,Q7hML1hpndnr96yQjOYegn9rvXw=,L3hsEb7Ge4o0nfQgjTT0m5mXk/k=
1,-4,5YO96pQtRY+hlvIlB2UCE2MObPY=,a1PfXeRU8lVVxUfXqrI0+YzlPcc=
2,-4,5YO96pQtRY+hlvIlB2UCE2MObPY=,JqWM7oxNXBrOf1UvQ3hqDzhSNFw=
1,-5,5YO96pQtRY+hlvIlB2UCE2MObPY=,63C7oCuHh/QvZ8C+YlE3CdKtie4=
2,-5,5YO96pQtRY+hlvIlB2UCE2MObPY=,WL6Z5Ai3Ne+5H9Rg8T0DBX9TsDw=
1,-8,5YO96pQtRY+hlvIlB2UCE2MObPY=,H6/Zyvj6urtg9xQGW2MprJVdf1k=
2,-7,5YO96pQtRY+hlvIlB2UCE2MObPY=,6m4fVDOCQjmzDuBDYjrrD9FvOmU=
1,-9,5YO96pQtRY+hlvIlB2UCE2MObPY=,Rth+9VT6ifb3xgK8oZdb1KasVTU=
2,-8,5YO96pQtRY+hlvIlB2UCE2MObPY=,6m4fVDOCQjmzDuBDYjrrD9FvOmU=
1,-7,5YO96pQtRY+hlvIlB2UCE2MObPY=,H6/Zyvj6urtg9xQGW2MprJVdf1k=
1,-6,5YO96pQtRY+hlvIlB2UCE2MObPY=,63C7oCuHh/QvZ8C+YlE3CdKtie4=
2,-9,5YO96pQtRY+hlvIlB2UCE2MObPY=,w270M5LuEH/oKKQw3bLWqZ2jEOY=
2,-6,5YO96pQtRY+hlvIlB2UCE2MObPY=,WL6Z5Ai3Ne+5H9Rg8T0DBX9TsDw=
5,-2,5YO96pQtRY+hlvIlB2UCE2MObPY=,xdH4f3Qls8RXQ5BAissFGRAuiaY=
6,-2,5YO96pQtRY+hlvIlB2UCE2MObPY=,/MffSbK7+n26XJ1GbmQdZ7AlBVc=
5,-3,5YO96pQtRY+hlvIlB2UCE2MObPY=,84moUKFbJ8k9XglH/7k+g3s0jw8=
6,-3,5YO96pQtRY+hlvIlB2UCE2MObPY=,hKYGv4bt0dPlaRC5firx6xYLlrE=
8,-3,5YO96pQtRY+hlvIlB2UCE2MObPY=,9V6Xe8QAQNKa1U2Rt5DBwU90s2I=
7,-3,5YO96pQtRY+hlvIlB2UCE2MObPY=,hKYGv4bt0dPlaRC5firx6xYLlrE=
8,-2,5YO96pQtRY+hlvIlB2UCE2MObPY=,DqkEPInymLH8JP/UVOVWynrzxPU=
7,-2,5YO96pQtRY+hlvIlB2UCE2MObPY=,/MffSbK7+n26XJ1GbmQdZ7AlBVc=
7,-1,1aRqvju7fxjBwo7QRrB3HZUrZYE=,/MffSbK7+n26XJ1GbmQdZ7AlBVc=
8,-1,1aRqvju7fxjBwo7QRrB3HZUrZYE=,DqkEPInymLH8JP/UVOVWynrzxPU=
5,-1,1aRqvju7fxjBwo7QRrB3HZUrZYE=,xdH4f3Qls8RXQ5BAissFGRAuiaY=
6,-1,1aRqvju7fxjBwo7QRrB3HZUrZYE=,/MffSbK7+n26XJ1GbmQdZ7AlBVc=
3,-1,1aRqvju7fxjBwo7QRrB3HZUrZYE=,L3hsEb7Ge4o0nfQgjTT0m5mXk/k=
4,-1,1aRqvju7fxjBwo7QRrB3HZUrZYE=,xdH4f3Qls8RXQ5BAissFGRAuiaY=
1,-1,1aRqvju7fxjBwo7QRrB3HZUrZYE=,Dog2hod+8qQuEXcPV/NlXnfMsWA=
2,-1,1aRqvju7fxjBwo7QRrB3HZUrZYE=,L3hsEb7Ge4o0nfQgjTT0m5mXk/k=
15,-4,1aRqvju7fxjBwo7QRrB3HZUrZYE=,fBjAXb4TJaqjRsmvtFY1D4nX9yA=
15,-5,1aRqvju7fxjBwo7QRrB3HZUrZYE=,khnZQfSp4KpK5CaCP2QBsahyQ6Q=
15,-8,1aRqvju7fxjBwo7QRrB3HZUrZYE=,UkmGwxk2TqKwnjVHc7olyMlQJzw=
15,-9,1aRqvju7fxjBwo7QRrB3HZUrZYE=,K/is99bdXosNDjYjOIx+9sM5IA4=
15,-7,1aRqvju7fxjBwo7QRrB3HZUrZYE=,UkmGwxk2TqKwnjVHc7olyMlQJzw=
15,-6,1aRqvju7fxjBwo7QRrB3HZUrZYE=,khnZQfSp4KpK5CaCP2QBsahyQ6Q=
4,-16,1aRqvju7fxjBwo7QRrB3HZUrZYE=,bhEphg0rAV8tChYRDs2jyE2kIZU=
3,-16,1aRqvju7fxjBwo7QRrB3HZUrZYE=,9445JEzSy0z4iebaR5ORW9HTScc=
0,-12,1aRqvju7fxjBwo7QRrB3HZUrZYE=,dR/r4208jlNfgI7RUPWBtWI7aGc=
0,-13,1aRqvju7fxjBwo7QRrB3HZUrZYE=,wEsm47kF1R+naaRM3v7yaKSnfdo=
0,-10,1aRqvju7fxjBwo7QRrB3HZUrZYE=,Rth+9VT6ifb3xgK8oZdb1KasVTU=
0,-11,1aRqvju7fxjBwo7QRrB3HZUrZYE=,dR/r4208jlNfgI7RUPWBtWI7aGc=
9,-3,1aRqvju7fxjBwo7QRrB3HZUrZYE=,9V6Xe8QAQNKa1U2Rt5DBwU90s2I=
10,-3,1aRqvju7fxjBwo7QRrB3HZUrZYE=,TO/klZhDSU4NKUQ0XYOSS3w0w8M=
12,-1,1aRqvju7fxjBwo7QRrB3HZUrZYE=,0duMsP9sE+sNcPdZ/nCenxmY/64=
10,-1,1aRqvju7fxjBwo7QRrB3HZUrZYE=,Bn8er4qDYeLeSQtNLZGgcPhnhVU=
11,-3,1aRqvju7fxjBwo7QRrB3HZUrZYE=,TO/klZhDSU4NKUQ0XYOSS3w0w8M=
11,-1,1aRqvju7fxjBwo7QRrB3HZUrZYE=,Bn8er4qDYeLeSQtNLZGgcPhnhVU=
9,-1,1aRqvju7fxjBwo7QRrB3HZUrZYE=,DqkEPInymLH8JP/UVOVWynrzxPU=
12,-2,1aRqvju7fxjBwo7QRrB3HZUrZYE=,0duMsP9sE+sNcPdZ/nCenxmY/64=
10,-2,1aRqvju7fxjBwo7QRrB3HZUrZYE=,Bn8er4qDYeLeSQtNLZGgcPhnhVU=
12,-3,1aRqvju7fxjBwo7QRrB3HZUrZYE=,EJQIYwAjR5C6IqtCOS/jNg50tXE=
9,-2,1aRqvju7fxjBwo7QRrB3HZUrZYE=,DqkEPInymLH8JP/UVOVWynrzxPU=
0,-8,1aRqvju7fxjBwo7QRrB3HZUrZYE=,H6/Zyvj6urtg9xQGW2MprJVdf1k=
0,-9,1aRqvju7fxjBwo7QRrB3HZUrZYE=,Rth+9VT6ifb3xgK8oZdb1KasVTU=
11,-2,1aRqvju7fxjBwo7QRrB3HZUrZYE=,Bn8er4qDYeLeSQtNLZGgcPhnhVU=
0,-7,1aRqvju7fxjBwo7QRrB3HZUrZYE=,H6/Zyvj6urtg9xQGW2MprJVdf1k=
0,-6,1aRqvju7fxjBwo7QRrB3HZUrZYE=,63C7oCuHh/QvZ8C+YlE3CdKtie4=
0,-5,1aRqvju7fxjBwo7QRrB3HZUrZYE=,63C7oCuHh/QvZ8C+YlE3CdKtie4=
0,-4,1aRqvju7fxjBwo7QRrB3HZUrZYE=,a1PfXeRU8lVVxUfXqrI0+YzlPcc=
0,-3,1aRqvju7fxjBwo7QRrB3HZUrZYE=,a1PfXeRU8lVVxUfXqrI0+YzlPcc=
0,-2,1aRqvju7fxjBwo7QRrB3HZUrZYE=,Dog2hod+8qQuEXcPV/NlXnfMsWA=
0,-1,1aRqvju7fxjBwo7QRrB3HZUrZYE=,Dog2hod+8qQuEXcPV/NlXnfMsWA=
12,-16,1aRqvju7fxjBwo7QRrB3HZUrZYE=,yvR5mtbn9hDx/lfBGA0HR2vKmlE=
11,-16,1aRqvju7fxjBwo7QRrB3HZUrZYE=,hfzyB0KYu7GMmwI6dPI2IZPS8TI=
13,-16,1aRqvju7fxjBwo7QRrB3HZUrZYE=,yvR5mtbn9hDx/lfBGA0HR2vKmlE=
15,-15,1aRqvju7fxjBwo7QRrB3HZUrZYE=,M4UngtdLCBccojuHzDXn3jb2Yzw=
15,-14,1aRqvju7fxjBwo7QRrB3HZUrZYE=,cxtw3cdz8m9HRb870g0k2ARKT7o=
14,-16,1aRqvju7fxjBwo7QRrB3HZUrZYE=,M4UngtdLCBccojuHzDXn3jb2Yzw=
15,-16,1aRqvju7fxjBwo7QRrB3HZUrZYE=,M4UngtdLCBccojuHzDXn3jb2Yzw=
15,-1,1aRqvju7fxjBwo7QRrB3HZUrZYE=,cae56SYdi1GGVRi0eyjOwxaNP2A=
14,-1,1aRqvju7fxjBwo7QRrB3HZUrZYE=,cae56SYdi1GGVRi0eyjOwxaNP2A=
15,-2,1aRqvju7fxjBwo7QRrB3HZUrZYE=,cae56SYdi1GGVRi0eyjOwxaNP2A=
13,-1,1aRqvju7fxjBwo7QRrB3HZUrZYE=,0duMsP9sE+sNcPdZ/nCenxmY/64=
15,-3,1aRqvju7fxjBwo7QRrB3HZUrZYE=,fBjAXb4TJaqjRsmvtFY1D4nX9yA=
13,-2,1aRqvju7fxjBwo7QRrB3HZUrZYE=,0duMsP9sE+sNcPdZ/nCenxmY/64=
14,-3,1aRqvju7fxjBwo7QRrB3HZUrZYE=,fBjAXb4TJaqjRsmvtFY1D4nX9yA=
13,-3,1aRqvju7fxjBwo7QRrB3HZUrZYE=,EJQIYwAjR5C6IqtCOS/jNg50tXE=
14,-2,1aRqvju7fxjBwo7QRrB3HZUrZYE=,cae56SYdi1GGVRi0eyjOwxaNP2A=
6,-16,1aRqvju7fxjBwo7QRrB3HZUrZYE=,myGuJaoFhnthO9089QFyBB0+EyM=
5,-16,1aRqvju7fxjBwo7QRrB3HZUrZYE=,bhEphg0rAV8tChYRDs2jyE2kIZU=
9,-16,1aRqvju7fxjBwo7QRrB3HZUrZYE=,zNaGmamdTaxjOfrGTFIeA0FMSLo=
8,-16,1aRqvju7fxjBwo7QRrB3HZUrZYE=,zNaGmamdTaxjOfrGTFIeA0FMSLo=
10,-16,1aRqvju7fxjBwo7QRrB3HZUrZYE=,hfzyB0KYu7GMmwI6dPI2IZPS8TI=
7,-16,1aRqvju7fxjBwo7QRrB3HZUrZYE=,myGuJaoFhnthO9089QFyBB0+EyM=
1,-14,q7PWnqIbLlwpkEnQLc2gqQQ49vM=,wEsm47kF1R+naaRM3v7yaKSnfdo=
0,-15,q7PWnqIbLlwpkEnQLc2gqQQ49vM=,7vjRf3zO0EiEaaPrs/VLqSCtBFg=
0,-16,q7PWnqIbLlwpkEnQLc2gqQQ49vM=,7vjRf3zO0EiEaaPrs/VLqSCtBFg=
1,-15,q7PWnqIbLlwpkEnQLc2gqQQ49vM=,7vjRf3zO0EiEaaPrs/VLqSCtBFg=
2,-16,q7PWnqIbLlwpkEnQLc2gqQQ49vM=,9445JEzSy0z4iebaR5ORW9HTScc=
1,-16,q7PWnqIbLlwpkEnQLc2gqQQ49vM=,7vjRf3zO0EiEaaPrs/VLqSCtBFg=
2,-15,q7PWnqIbLlwpkEnQLc2gqQQ49vM=,9445JEzSy0z4iebaR5ORW9HTScc=
0,-14,q7PWnqIbLlwpkEnQLc2gqQQ49vM=,wEsm47kF1R+naaRM3v7yaKSnfdo=
2,-14,q7PWnqIbLlwpkEnQLc2gqQQ49vM=,KVDTS7xYlTPyNHGqTAd3I52dPHE=
